soh_file	kind	index	soh_name	oot_name	verdict	body_match
soh/src/boot/idle.c	data	6	D_80013960	D_80013960	BOTH	0.00
soh/src/boot/idle.c	data	7	D_80009430	D_80009430	BOTH	0.00
soh/src/boot/z_locale.c	func	2	func_80001F48	func_80001F48	BOTH	0.00
soh/src/boot/z_locale.c	func	3	func_80001F8C	func_80001F8C	BOTH	0.00
soh/src/code/PreRender.c	func	6	func_800C170C	func_800C170C	BOTH	0.00
soh/src/code/PreRender.c	func	7	func_800C1AE8	func_800C1AE8	BOTH	0.00
soh/src/code/PreRender.c	func	14	func_800C213C	func_800C213C	BOTH	0.00
soh/src/code/PreRender.c	func	18	func_800C2FE4	func_800C2FE4	BOTH	0.00
soh/src/code/audio_data.c	data	5	D_8012EA90	-	UNSAFE	0.00
soh/src/code/audio_data.c	data	17	D_8012FBA4	D_8012FBA4	BOTH	0.00
soh/src/code/audio_data.c	data	18	D_8012FBA8	D_8012FBA8	BOTH	0.00
soh/src/code/audio_data.c	data	24	D_80130418	-	UNSAFE	0.00
soh/src/code/audio_general.c	func	45	func_800F3138	func_800F3138	BOTH	0.00
soh/src/code/audio_general.c	func	46	func_800F3140	func_800F3140	BOTH	0.00
soh/src/code/audio_general.c	func	47	func_800F314C	func_800F314C	BOTH	0.00
soh/src/code/audio_general.c	func	52	func_800F37B8	func_800F37B8	BOTH	0.00
soh/src/code/audio_general.c	func	53	func_800F3990	func_800F3990	BOTH	0.00
soh/src/code/audio_general.c	func	58	func_800F3F84	func_800F3F84	BOTH	0.00
soh/src/code/audio_general.c	func	59	func_800F4010	func_800F4010	BOTH	0.00
soh/src/code/audio_general.c	func	60	func_800F4138	func_800F4138	BOTH	0.00
soh/src/code/audio_general.c	func	61	func_800F4190	func_800F4190	BOTH	0.00
soh/src/code/audio_general.c	func	64	func_800F436C	func_800F436C	BOTH	0.00
soh/src/code/audio_general.c	func	65	func_800F4414	func_800F4414	BOTH	0.00
soh/src/code/audio_general.c	func	66	func_800F44EC	func_800F44EC	BOTH	0.00
soh/src/code/audio_general.c	func	67	func_800F4524	func_800F4524	BOTH	0.00
soh/src/code/audio_general.c	func	68	func_800F4578	func_800F4578	BOTH	0.00
soh/src/code/audio_general.c	func	69	func_800F45D0	func_800F45D0	BOTH	0.00
soh/src/code/audio_general.c	func	83	func_800F4C58	func_800F4C58	BOTH	0.00
soh/src/code/audio_general.c	func	84	func_800F4E30	func_800F4E30	BOTH	0.00
soh/src/code/audio_general.c	func	99	func_800F5ACC	func_800F5ACC	BOTH	0.00
soh/src/code/audio_general.c	func	102	func_800F5BF0	func_800F5BF0	BOTH	0.00
soh/src/code/audio_general.c	func	103	func_800F5C2C	func_800F5C2C	BOTH	0.00
soh/src/code/audio_general.c	func	110	func_800F64E0	func_800F64E0	BOTH	0.00
soh/src/code/audio_general.c	func	120	func_800F6964	func_800F6964	BOTH	0.00
soh/src/code/audio_general.c	func	122	func_800F6B3C	func_800F6B3C	BOTH	0.00
soh/src/code/audio_general.c	func	124	func_800F6BB8	func_800F6BB8	BOTH	0.00
soh/src/code/audio_general.c	func	125	func_800F6BDC	func_800F6BDC	BOTH	0.00
soh/src/code/audio_general.c	func	133	func_800F7170	func_800F7170	BOTH	0.00
soh/src/code/audio_general.c	func	134	func_800F71BC	func_800F71BC	BOTH	0.00
soh/src/code/audio_general.c	func	135	func_800F7208	func_800F7208	BOTH	0.00
soh/src/code/audio_general.c	data	3	D_801305B0	D_801305B0	BOTH	0.00
soh/src/code/audio_general.c	data	4	D_801305B4	D_801305B4	BOTH	0.00
soh/src/code/audio_general.c	data	5	D_801305B8	D_801305B8	BOTH	0.00
soh/src/code/audio_general.c	data	6	D_801305BC	D_801305BC	BOTH	0.00
soh/src/code/audio_general.c	data	7	D_801305C0	D_801305C0	BOTH	0.00
soh/src/code/audio_general.c	data	17	D_80130608	D_80130608	BOTH	0.00
soh/src/code/audio_general.c	data	34	D_80130650	D_80130650	BOTH	0.00
soh/src/code/audio_general.c	data	91	D_8016B7A8	D_8016B7A8	BOTH	0.00
soh/src/code/audio_general.c	data	92	D_8016B7AC	D_8016B7AC	BOTH	0.00
soh/src/code/audio_general.c	data	93	D_8016B7B0	D_8016B7B0	BOTH	0.00
soh/src/code/audio_general.c	data	94	D_8016B7B4	D_8016B7B4	BOTH	0.00
soh/src/code/audio_general.c	data	97	D_8016B7D8	D_8016B7D8	BOTH	0.00
soh/src/code/audio_general.c	data	98	D_8016B7DC	D_8016B7DC	BOTH	0.00
soh/src/code/audio_general.c	data	99	D_8016B7E0	D_8016B7E0	BOTH	0.00
soh/src/code/audio_general.c	data	100	D_8016B7E4	D_8016B7E4	BOTH	0.00
soh/src/code/audio_general.c	data	111	D_8016B9F3	D_8016B9F3	BOTH	0.00
soh/src/code/audio_general.c	data	123	D_8016BA1C	-	UNSAFE	0.00
soh/src/code/audio_general.c	data	143	D_80131C8C	-	UNSAFE	0.00
soh/src/code/audio_init_params.c	data	0	D_8016F0E0	D_8016F0E0	BOTH	0.00
soh/src/code/audio_init_params.c	data	2	D_801755D8	D_801755D8	BOTH	0.00
soh/src/code/audio_init_params.c	data	3	D_8014A6C0	D_8014A6C0	BOTH	0.00
soh/src/code/audio_init_params.c	data	4	D_8014A6C4	D_8014A6C4	BOTH	0.00
soh/src/code/audio_init_params.c	data	5	D_80133420	D_80133420	BOTH	0.00
soh/src/code/audio_load.c	data	4	D_8016B780	D_8016B780	BOTH	0.00
soh/src/code/audio_seqplayer.c	data	1	D_80130520	-	UNSAFE	0.00
soh/src/code/audio_sfx.c	data	2	D_8013338C	-	UNSAFE	0.00
soh/src/code/audio_sfx.c	data	3	D_80133390	-	UNSAFE	0.00
soh/src/code/audio_sfx.c	data	4	D_80133398	-	UNSAFE	0.00
soh/src/code/audio_sfx.c	data	5	D_8016BAD0	D_8016BAD0	BOTH	0.00
soh/src/code/audio_sfx.c	data	6	D_8016BC80	D_8016BC80	BOTH	0.00
soh/src/code/audio_sfx.c	data	7	D_8016BEC0	D_8016BEC0	BOTH	0.00
soh/src/code/audio_sfx.c	data	8	D_8016C2E0	D_8016C2E0	BOTH	0.00
soh/src/code/audio_sfx.c	data	9	D_8016C6A0	D_8016C6A0	BOTH	0.00
soh/src/code/audio_sfx.c	data	10	D_8016C820	D_8016C820	BOTH	0.00
soh/src/code/audio_sfx.c	data	11	D_8016C8B0	D_8016C8B0	BOTH	0.00
soh/src/code/audio_sfx.c	data	30	D_801333E4	-	UNSAFE	0.00
soh/src/code/audio_sfx.c	data	32	D_801333EC	-	UNSAFE	0.00
soh/src/code/audio_sfx.c	data	33	D_801333F0	-	UNSAFE	0.00
soh/src/code/audio_synthesis.c	func	5	func_800DB03C	func_800DB03C	BOTH	0.00
soh/src/code/audio_synthesis.c	func	7	func_800DB2C0	func_800DB2C0	BOTH	0.00
soh/src/code/audio_synthesis.c	func	11	func_800DB4E4	func_800DB4E4	BOTH	0.00
soh/src/code/audio_synthesis.c	func	12	func_800DB680	func_800DB680	BOTH	0.00
soh/src/code/audio_synthesis.c	func	13	func_800DB828	func_800DB828	BOTH	0.00
soh/src/code/audio_synthesis.c	data	0	D_801304A0	sEnvMixerOp	MISMATCH	0.18
soh/src/code/audio_synthesis.c	data	1	D_801304A4	sEnvMixerLeftHaasDmemDests	MISMATCH	0.15
soh/src/code/audio_synthesis.c	data	2	D_801304A8	sEnvMixerRightHaasDmemDests	MISMATCH	0.15
soh/src/code/audio_synthesis.c	data	3	D_801304AC	sEnvMixerDefaultDmemDests	MISMATCH	0.17
soh/src/code/audio_synthesis.c	data	4	D_801304B0	D_801304B0	BOTH	0.00
soh/src/code/audio_synthesis.c	data	5	D_801304C0	sNumSamplesPerWavePeriod	MISMATCH	0.10
soh/src/code/audio_thread.c	func	31	func_800E64B0	AudioThread_Noop1Cmd	MISMATCH	0.32
soh/src/code/audio_thread.c	func	32	func_800E64F8	AudioThread_Noop1CmdZeroed	MISMATCH	0.33
soh/src/code/audio_thread.c	func	33	func_800E651C	AudioThread_Noop2Cmd	MISMATCH	0.37
soh/src/code/code_800FBCE0.c	-	-	-	-	NOFILE	0.00
soh/src/code/db_camera.c	func	7	func_800B3F94	func_800B3F94	BOTH	0.00
soh/src/code/db_camera.c	func	8	func_800B3FF4	func_800B3FF4	BOTH	0.00
soh/src/code/db_camera.c	func	9	func_800B404C	func_800B404C	BOTH	0.00
soh/src/code/db_camera.c	func	10	func_800B4088	func_800B4088	BOTH	0.00
soh/src/code/db_camera.c	func	11	func_800B41DC	func_800B41DC	BOTH	0.00
soh/src/code/db_camera.c	func	12	func_800B42C0	func_800B42C0	BOTH	0.00
soh/src/code/db_camera.c	func	13	func_800B4370	func_800B4370	BOTH	0.00
soh/src/code/db_camera.c	func	14	func_800B44E0	func_800B44E0	BOTH	0.00
soh/src/code/db_camera.c	func	33	func_800B91B0	func_800B91B0	BOTH	0.00
soh/src/code/db_camera.c	func	36	func_800BB03C	func_800BB03C	BOTH	0.00
soh/src/code/db_camera.c	func	37	func_800BB060	func_800BB060	BOTH	0.00
soh/src/code/db_camera.c	func	38	func_800BB06C	func_800BB06C	BOTH	0.00
soh/src/code/db_camera.c	data	2	D_8016110C	D_8016110C	BOTH	0.00
soh/src/code/db_camera.c	data	7	D_80161250	D_80161250	BOTH	0.00
soh/src/code/db_camera.c	data	9	D_801612EA	D_801612EA	BOTH	0.00
soh/src/code/debug_ctrlr2.c	-	-	-	-	NOFILE	0.00
soh/src/code/fault_drawer.c	data	3	D_8016B6C0	D_8016B6C0	BOTH	0.00
soh/src/code/graph.c	data	5	D_8012D230	D_8012D230	BOTH	0.00
soh/src/code/graph.c	data	6	D_8012D248	D_8012D248	BOTH	0.00
soh/src/code/math_fmod.c	-	-	-	-	NOFILE	0.00
soh/src/code/padutils.c	func	1	func_800FCB70	func_800FCB70	BOTH	0.00
soh/src/code/speed_meter.c	data	11	D_8016A578	D_8016A578	BOTH	0.00
soh/src/code/system_heap.c	-	-	-	-	NOFILE	0.00
soh/src/code/z_actor.c	func	66	func_8002DCE4	func_8002DCE4	BOTH	0.00
soh/src/code/z_actor.c	func	67	func_8002DD6C	func_8002DD6C	BOTH	0.00
soh/src/code/z_actor.c	func	68	func_8002DD78	func_8002DD78	BOTH	0.00
soh/src/code/z_actor.c	func	69	func_8002DDA8	func_8002DDA8	BOTH	0.00
soh/src/code/z_actor.c	func	70	func_8002DDE4	func_8002DDE4	BOTH	0.00
soh/src/code/z_actor.c	func	71	func_8002DDF4	func_8002DDF4	BOTH	0.00
soh/src/code/z_actor.c	func	75	func_8002DEEC	func_8002DEEC	BOTH	0.00
soh/src/code/z_actor.c	func	79	func_8002DF90	func_8002DF90	BOTH	0.00
soh/src/code/z_actor.c	func	80	func_8002DFA4	func_8002DFA4	BOTH	0.00
soh/src/code/z_actor.c	func	87	func_8002E234	func_8002E234	BOTH	0.00
soh/src/code/z_actor.c	func	88	func_8002E2AC	func_8002E2AC	BOTH	0.00
soh/src/code/z_actor.c	func	90	func_8002E830	func_8002E830	BOTH	0.00
soh/src/code/z_actor.c	func	91	func_8002EABC	func_8002EABC	BOTH	0.00
soh/src/code/z_actor.c	func	92	func_8002EB44	func_8002EB44	BOTH	0.00
soh/src/code/z_actor.c	func	93	func_8002EBCC	func_8002EBCC	BOTH	0.00
soh/src/code/z_actor.c	func	94	func_8002ED80	func_8002ED80	BOTH	0.00
soh/src/code/z_actor.c	func	117	func_8002F5C4	func_8002F5C4	BOTH	0.00
soh/src/code/z_actor.c	func	135	func_8002F9EC	func_8002F9EC	BOTH	0.00
soh/src/code/z_actor.c	func	136	func_8002FA60	func_8002FA60	BOTH	0.00
soh/src/code/z_actor.c	func	138	func_80030488	func_80030488	BOTH	0.00
soh/src/code/z_actor.c	func	153	func_80031B14	func_80031B14	BOTH	0.00
soh/src/code/z_actor.c	func	154	func_80031C3C	func_80031C3C	BOTH	0.00
soh/src/code/z_actor.c	func	174	func_80033480	func_80033480	BOTH	0.00
soh/src/code/z_actor.c	func	176	func_80033684	func_80033684	BOTH	0.00
soh/src/code/z_actor.c	func	183	func_80033AEC	func_80033AEC	BOTH	0.00
soh/src/code/z_actor.c	func	184	func_80033C30	func_80033C30	BOTH	0.00
soh/src/code/z_actor.c	func	191	func_8003424C	func_8003424C	BOTH	0.00
soh/src/code/z_actor.c	func	193	func_800342EC	func_800342EC	BOTH	0.00
soh/src/code/z_actor.c	func	194	func_8003435C	func_8003435C	BOTH	0.00
soh/src/code/z_actor.c	func	200	func_80034B28	func_80034B28	BOTH	0.00
soh/src/code/z_actor.c	func	201	func_80034B54	func_80034B54	BOTH	0.00
soh/src/code/z_actor.c	func	202	func_80034BA0	func_80034BA0	BOTH	0.00
soh/src/code/z_actor.c	func	203	func_80034CC4	func_80034CC4	BOTH	0.00
soh/src/code/z_actor.c	func	208	func_80035124	func_80035124	BOTH	0.00
soh/src/code/z_actor.c	func	209	func_800353E8	func_800353E8	BOTH	0.00
soh/src/code/z_actor.c	func	211	func_800354B4	func_800354B4	BOTH	0.00
soh/src/code/z_actor.c	func	212	func_8003555C	func_8003555C	BOTH	0.00
soh/src/code/z_actor.c	func	213	func_800355B8	func_800355B8	BOTH	0.00
soh/src/code/z_actor.c	func	214	func_800355E4	func_800355E4	BOTH	0.00
soh/src/code/z_actor.c	func	218	func_80035844	func_80035844	BOTH	0.00
soh/src/code/z_actor.c	func	219	func_800358DC	func_800358DC	BOTH	0.00
soh/src/code/z_actor.c	func	220	func_800359B8	func_800359B8	BOTH	0.00
soh/src/code/z_actor.c	func	221	func_80035B18	func_80035B18	BOTH	0.00
soh/src/code/z_actor.c	func	237	func_80035BFC	func_80035BFC	BOTH	0.00
soh/src/code/z_actor.c	func	238	func_80036E50	func_80036E50	BOTH	0.00
soh/src/code/z_actor.c	func	239	func_800374E0	func_800374E0	BOTH	0.00
soh/src/code/z_actor.c	func	240	func_80037C30	func_80037C30	BOTH	0.00
soh/src/code/z_actor.c	func	241	func_80037C5C	func_80037C5C	BOTH	0.00
soh/src/code/z_actor.c	func	242	func_80037C94	func_80037C94	BOTH	0.00
soh/src/code/z_actor.c	func	243	func_80037CB8	func_80037CB8	BOTH	0.00
soh/src/code/z_actor.c	func	244	func_80037D98	func_80037D98	BOTH	0.00
soh/src/code/z_actor.c	data	13	D_80115FF0	D_80115FF0	BOTH	0.00
soh/src/code/z_actor.c	data	14	D_8015BBA8	D_8015BBA8	BOTH	0.00
soh/src/code/z_actor.c	data	16	D_8015BC00	D_8015BC00	BOTH	0.00
soh/src/code/z_actor.c	data	17	D_8015BC14	D_8015BC14	BOTH	0.00
soh/src/code/z_actor.c	data	18	D_8015BC18	D_8015BC18	BOTH	0.00
soh/src/code/z_actor.c	data	22	D_8015BBF0	D_8015BBF0	BOTH	0.00
soh/src/code/z_actor.c	data	24	D_8015BBF8	D_8015BBF8	BOTH	0.00
soh/src/code/z_actor.c	data	25	D_8015BBFC	D_8015BBFC	BOTH	0.00
soh/src/code/z_actor.c	data	26	D_801160A0	D_801160A0	BOTH	0.00
soh/src/code/z_actor.c	data	29	D_80116268	D_80116268	BOTH	0.00
soh/src/code/z_actor.c	data	30	D_80116274	D_80116274	BOTH	0.00
soh/src/code/z_actor.c	data	31	D_80116280	D_80116280	BOTH	0.00
soh/src/code/z_bgcheck.c	func	13	func_80038A28	func_80038A28	BOTH	0.00
soh/src/code/z_bgcheck.c	func	132	func_800418D0	func_800418D0	BOTH	0.00
soh/src/code/z_bgcheck.c	func	144	func_80041D70	func_80041D70	BOTH	0.00
soh/src/code/z_bgcheck.c	func	172	func_800425B0	func_800425B0	BOTH	0.00
soh/src/code/z_bgcheck.c	func	173	func_80042708	func_80042708	BOTH	0.00
soh/src/code/z_bgcheck.c	func	174	func_800427B4	func_800427B4	BOTH	0.00
soh/src/code/z_bgcheck.c	data	0	D_80119D90	D_80119D90	BOTH	0.00
soh/src/code/z_bgcheck.c	data	1	D_80119E10	D_80119E10	BOTH	0.00
soh/src/code/z_camera.c	func	6	func_80043ABC	func_80043ABC	BOTH	0.00
soh/src/code/z_camera.c	func	7	func_80043B60	func_80043B60	BOTH	0.00
soh/src/code/z_camera.c	func	13	func_80043F94	func_80043F94	BOTH	0.00
soh/src/code/z_camera.c	func	14	func_80044340	func_80044340	BOTH	0.00
soh/src/code/z_camera.c	func	33	func_80045508	func_80045508	BOTH	0.00
soh/src/code/z_camera.c	func	36	func_800458D4	func_800458D4	BOTH	0.00
soh/src/code/z_camera.c	func	37	func_80045B08	func_80045B08	BOTH	0.00
soh/src/code/z_camera.c	func	45	func_80046E20	func_80046E20	BOTH	0.00
soh/src/code/z_camera.c	func	125	func_80057FC4	func_80057FC4	BOTH	0.00
soh/src/code/z_camera.c	func	163	func_8005B198	func_8005B198	BOTH	0.00
soh/src/code/z_camera.c	data	0	D_8015CE50	-	UNSAFE	0.00
soh/src/code/z_camera.c	data	1	D_8015CE54	-	UNSAFE	0.00
soh/src/code/z_camera.c	data	2	D_8015CE58	-	UNSAFE	0.00
soh/src/code/z_camera_data.inc	-	-	-	-	NOFILE	0.00
soh/src/code/z_debug.c	func	2	func_8006376C	func_8006376C	BOTH	0.00
soh/src/code/z_debug.c	func	3	func_80063828	func_80063828	BOTH	0.00
soh/src/code/z_debug.c	func	4	func_8006390C	func_8006390C	BOTH	0.00
soh/src/code/z_debug.c	func	5	func_80063C04	func_80063C04	BOTH	0.00
soh/src/code/z_debug.c	func	6	func_80063D7C	func_80063D7C	BOTH	0.00
soh/src/code/z_debug.c	data	0	D_8015FA94	D_8015FA94	BOTH	0.00
soh/src/code/z_debug.c	data	1	D_8015FA98	D_8015FA98	BOTH	0.00
soh/src/code/z_debug.c	data	2	D_8011E0B0	D_8011E0B0	BOTH	0.00
soh/src/code/z_demo.c	func	16	func_80065134	func_80065134	BOTH	0.00
soh/src/code/z_demo.c	func	25	func_80068C3C	func_80068C3C	BOTH	0.00
soh/src/code/z_demo.c	func	29	func_80069048	func_80069048	BOTH	0.00
soh/src/code/z_demo.c	func	30	func_8006907C	func_8006907C	BOTH	0.00
soh/src/code/z_demo.c	data	12	D_8015FCCC	D_8015FCCC	BOTH	0.00
soh/src/code/z_demo.c	data	13	D_8015FCD0	D_8015FCD0	BOTH	0.00
soh/src/code/z_demo.c	data	14	D_8015FCE4	D_8015FCE4	BOTH	0.00
soh/src/code/z_eff_blure.c	data	0	D_80115788	D_80115788	BOTH	0.00
soh/src/code/z_eff_blure.c	data	1	D_8011578C	D_8011578C	BOTH	0.00
soh/src/code/z_eff_blure.c	data	2	D_801157CC	D_801157CC	BOTH	0.00
soh/src/code/z_eff_ss_dead.c	func	0	func_80026230	func_80026230	BOTH	0.00
soh/src/code/z_eff_ss_dead.c	func	1	func_80026400	func_80026400	BOTH	0.00
soh/src/code/z_eff_ss_dead.c	func	2	func_80026608	func_80026608	BOTH	0.00
soh/src/code/z_eff_ss_dead.c	func	3	func_80026690	func_80026690	BOTH	0.00
soh/src/code/z_eff_ss_dead.c	func	4	func_80026860	func_80026860	BOTH	0.00
soh/src/code/z_eff_ss_dead.c	func	5	func_80026A6C	func_80026A6C	BOTH	0.00
soh/src/code/z_effect_soft_sprite_old_init.c	func	2	func_8002829C	func_8002829C	BOTH	0.00
soh/src/code/z_effect_soft_sprite_old_init.c	func	3	func_80028304	func_80028304	BOTH	0.00
soh/src/code/z_effect_soft_sprite_old_init.c	func	4	func_8002836C	func_8002836C	BOTH	0.00
soh/src/code/z_effect_soft_sprite_old_init.c	func	5	func_800283D4	func_800283D4	BOTH	0.00
soh/src/code/z_effect_soft_sprite_old_init.c	func	6	func_8002843C	func_8002843C	BOTH	0.00
soh/src/code/z_effect_soft_sprite_old_init.c	func	7	func_800284A4	func_800284A4	BOTH	0.00
soh/src/code/z_effect_soft_sprite_old_init.c	func	8	func_80028510	func_80028510	BOTH	0.00
soh/src/code/z_effect_soft_sprite_old_init.c	func	9	func_8002857C	func_8002857C	BOTH	0.00
soh/src/code/z_effect_soft_sprite_old_init.c	func	10	func_800285EC	func_800285EC	BOTH	0.00
soh/src/code/z_effect_soft_sprite_old_init.c	func	11	func_8002865C	func_8002865C	BOTH	0.00
soh/src/code/z_effect_soft_sprite_old_init.c	func	12	func_800286CC	func_800286CC	BOTH	0.00
soh/src/code/z_effect_soft_sprite_old_init.c	func	13	func_8002873C	func_8002873C	BOTH	0.00
soh/src/code/z_effect_soft_sprite_old_init.c	func	14	func_800287AC	func_800287AC	BOTH	0.00
soh/src/code/z_effect_soft_sprite_old_init.c	func	15	func_8002881C	func_8002881C	BOTH	0.00
soh/src/code/z_effect_soft_sprite_old_init.c	func	16	func_80028858	func_80028858	BOTH	0.00
soh/src/code/z_effect_soft_sprite_old_init.c	func	17	func_80028894	func_80028894	BOTH	0.00
soh/src/code/z_effect_soft_sprite_old_init.c	func	18	func_80028990	func_80028990	BOTH	0.00
soh/src/code/z_effect_soft_sprite_old_init.c	func	19	func_80028A54	func_80028A54	BOTH	0.00
soh/src/code/z_en_item00.c	func	4	func_8001DFC8	func_8001DFC8	BOTH	0.00
soh/src/code/z_en_item00.c	func	5	func_8001E1C8	func_8001E1C8	BOTH	0.00
soh/src/code/z_en_item00.c	func	6	func_8001E304	func_8001E304	BOTH	0.00
soh/src/code/z_en_item00.c	func	16	func_8001F404	func_8001F404	BOTH	0.00
soh/src/code/z_kaleido_scope_call.c	data	1	D_8016139C	D_8016139C	BOTH	0.00
soh/src/code/z_kankyo.c	func	1	func_8006F0A0	-	UNSAFE	0.00
soh/src/code/z_kankyo.c	data	6	D_8011FB44	sSunScreenDepth	MISMATCH	0.29
soh/src/code/z_kankyo.c	data	7	D_8011FB48	sTimeBasedLightConfigs	MISMATCH	0.37
soh/src/code/z_kankyo.c	data	8	D_8011FC1C	gTimeBasedSkyboxConfigs	MISMATCH	0.36
soh/src/code/z_kankyo.c	data	27	D_8015FDB0	-	UNSAFE	0.00
soh/src/code/z_message_PAL.c	data	10	D_8014B30C	D_8014B30C	BOTH	0.00
soh/src/code/z_message_PAL.c	data	33	D_80153D7C	D_80153D7C	BOTH	0.00
soh/src/code/z_onepointdemo_data.inc	-	-	-	-	NOFILE	0.00
soh/src/code/z_parameter.c	func	2	func_80082644	func_80082644	BOTH	0.00
soh/src/code/z_parameter.c	func	3	func_8008277C	func_8008277C	BOTH	0.00
soh/src/code/z_parameter.c	func	4	func_80082850	func_80082850	BOTH	0.00
soh/src/code/z_parameter.c	func	5	func_80083108	func_80083108	BOTH	0.00
soh/src/code/z_parameter.c	func	12	func_800849EC	func_800849EC	BOTH	0.00
soh/src/code/z_parameter.c	func	15	func_80084BF4	func_80084BF4	BOTH	0.00
soh/src/code/z_parameter.c	func	30	func_80086D5C	func_80086D5C	BOTH	0.00
soh/src/code/z_parameter.c	func	55	func_8008A8B8	func_8008A8B8	BOTH	0.00
soh/src/code/z_parameter.c	func	56	func_8008A994	func_8008A994	BOTH	0.00
soh/src/code/z_play.c	func	5	func_800BC88C	func_800BC88C	BOTH	0.00
soh/src/code/z_play.c	func	20	func_800BFCB8	func_800BFCB8	BOTH	0.00
soh/src/code/z_play.c	func	41	func_800C09D8	func_800C09D8	BOTH	0.00
soh/src/code/z_play.c	func	50	func_800C0D34	func_800C0D34	BOTH	0.00
soh/src/code/z_play.c	func	51	func_800C0DB4	func_800C0DB4	BOTH	0.00
soh/src/code/z_play.c	data	4	D_801614B8	D_801614B8	BOTH	0.00
soh/src/code/z_play.c	data	6	D_8012D1F4	D_8012D1F4	BOTH	0.00
soh/src/code/z_player_lib.c	func	10	func_8008EC70	func_8008EC70	BOTH	0.00
soh/src/code/z_player_lib.c	func	16	func_8008EF30	func_8008EF30	BOTH	0.00
soh/src/code/z_player_lib.c	func	17	func_8008EF44	func_8008EF44	BOTH	0.00
soh/src/code/z_player_lib.c	func	28	func_8008F128	func_8008F128	BOTH	0.00
soh/src/code/z_player_lib.c	func	37	func_8008F2BC	func_8008F2BC	BOTH	0.00
soh/src/code/z_player_lib.c	func	40	func_8008F87C	func_8008F87C	BOTH	0.00
soh/src/code/z_player_lib.c	func	47	func_800906D4	func_800906D4	BOTH	0.00
soh/src/code/z_player_lib.c	func	54	func_80091738	func_80091738	BOTH	0.00
soh/src/code/z_player_lib.c	data	14	D_80126038	D_80126038	BOTH	0.00
soh/src/code/z_player_lib.c	data	15	D_80126050	D_80126050	BOTH	0.00
soh/src/code/z_player_lib.c	data	16	D_80126058	D_80126058	BOTH	0.00
soh/src/code/z_player_lib.c	data	17	D_80126060	D_80126060	BOTH	0.00
soh/src/code/z_player_lib.c	data	18	D_80126068	D_80126068	BOTH	0.00
soh/src/code/z_player_lib.c	data	19	D_80126070	D_80126070	BOTH	0.00
soh/src/code/z_player_lib.c	data	20	D_80126080	D_80126080	BOTH	0.00
soh/src/code/z_player_lib.c	data	21	D_8012608C	D_8012608C	BOTH	0.00
soh/src/code/z_player_lib.c	data	22	D_80126098	D_80126098	BOTH	0.00
soh/src/code/z_player_lib.c	data	23	D_801260A4	D_801260A4	BOTH	0.00
soh/src/code/z_player_lib.c	data	31	D_80126184	D_80126184	BOTH	0.00
soh/src/code/z_player_lib.c	data	32	D_80126190	D_80126190	BOTH	0.00
soh/src/code/z_rcp.c	func	19	func_80093C80	func_80093C80	BOTH	0.00
soh/src/code/z_rcp.c	func	51	func_800947AC	func_800947AC	BOTH	0.00
soh/src/code/z_rcp.c	func	65	func_80094E54	func_80094E54	BOTH	0.00
soh/src/code/z_rcp.c	func	66	func_80094E78	func_80094E78	BOTH	0.00
soh/src/code/z_rcp.c	func	75	func_80095974	func_80095974	BOTH	0.00
soh/src/code/z_rcp.c	data	2	D_80127030	D_80127030	BOTH	0.00
soh/src/code/z_rcp.c	data	3	D_80127060	D_80127060	BOTH	0.00
soh/src/code/z_room.c	func	0	func_80095AA0	func_80095AA0	BOTH	0.00
soh/src/code/z_room.c	func	5	func_80096680	func_80096680	BOTH	0.00
soh/src/code/z_room.c	func	6	func_80096A74	func_80096A74	BOTH	0.00
soh/src/code/z_room.c	func	7	func_80096B6C	func_80096B6C	BOTH	0.00
soh/src/code/z_room.c	func	8	func_80096F6C	func_80096F6C	BOTH	0.00
soh/src/code/z_room.c	data	0	D_801270A0	D_801270A0	BOTH	0.00
soh/src/code/z_room.c	data	1	D_801270B0	D_801270B0	BOTH	0.00
soh/src/code/z_scene_table.c	func	18	func_8009BEEC	func_8009BEEC	BOTH	0.00
soh/src/code/z_scene_table.c	func	32	func_8009D974	Scene_DrawConfigSpiritTemple	MISMATCH	0.61
soh/src/code/z_scene_table.c	data	3	D_8012A398	D_8012A398	BOTH	0.00
soh/src/code/z_skin.c	func	7	func_800A6394	func_800A6394	BOTH	0.00
soh/src/code/z_view.c	func	5	func_800AA358	-	UNSAFE	0.00
soh/src/code/z_view.c	func	6	func_800AA3F0	-	UNSAFE	0.00
soh/src/code/z_view.c	func	23	func_800AAA50	-	UNSAFE	0.00
soh/src/code/z_view.c	func	25	func_800AAA9C	-	UNSAFE	0.00
soh/src/code/z_view.c	func	26	func_800AB0A8	-	UNSAFE	0.00
soh/src/code/z_view.c	func	27	func_800AB2C4	-	UNSAFE	0.00
soh/src/code/z_view.c	func	28	func_800AB560	-	UNSAFE	0.00
soh/src/code/z_view.c	func	29	func_800AB944	-	UNSAFE	0.00
soh/src/code/z_view.c	func	30	func_800AB9EC	-	UNSAFE	0.00
soh/src/code/z_view.c	func	31	func_800ABE74	-	UNSAFE	0.00
soh/src/code/z_vismono.c	data	0	D_0F000000	D_0F000000	BOTH	0.00
soh/src/code/z_viszbuf.c	-	-	-	-	NOFILE	0.00
soh/src/code/z_vr_box.c	func	0	func_800ADBB0	func_800ADBB0	BOTH	0.00
soh/src/code/z_vr_box.c	func	1	func_800AE2C0	func_800AE2C0	BOTH	0.00
soh/src/code/z_vr_box.c	func	2	func_800AEFC8	func_800AEFC8	BOTH	0.00
soh/src/code/z_vr_box.c	func	3	func_800AF178	func_800AF178	BOTH	0.00
soh/src/code/z_vr_box.c	data	0	D_8012AC90	D_8012AC90	BOTH	0.00
soh/src/code/z_vr_box.c	data	1	D_8012ACA0	D_8012ACA0	BOTH	0.00
soh/src/code/z_vr_box.c	data	2	D_8012AD20	D_8012AD20	BOTH	0.00
soh/src/code/z_vr_box.c	data	3	D_8012AD2C	D_8012AD2C	BOTH	0.00
soh/src/code/z_vr_box.c	data	4	D_8012AD40	D_8012AD40	BOTH	0.00
soh/src/code/z_vr_box.c	data	5	D_8012ADC0	D_8012ADC0	BOTH	0.00
soh/src/code/z_vr_box.c	data	6	D_8012ADD8	D_8012ADD8	BOTH	0.00
soh/src/code/z_vr_box.c	data	7	D_8012AE18	D_8012AE18	BOTH	0.00
soh/src/code/z_vr_box.c	data	8	D_8012AE24	D_8012AE24	BOTH	0.00
soh/src/code/z_vr_box.c	data	9	D_8012AE30	D_8012AE30	BOTH	0.00
soh/src/code/z_vr_box.c	data	10	D_8012AE3C	D_8012AE3C	BOTH	0.00
soh/src/code/z_vr_box.c	data	11	D_8012AEBC	D_8012AEBC	BOTH	0.00
soh/src/code/z_vr_box.c	data	12	D_8012AF0C	D_8012AF0C	BOTH	0.00
soh/src/libultra/gu/guPosition.c	-	-	-	-	NOFILE	0.00
soh/src/libultra/rmon/xldtob.c	data	0	D_800122E0	D_800122E0	BOTH	0.00
soh/src/libultra/rmon/xlitob.c	data	0	D_8000AF70	D_8000AF70	BOTH	0.00
soh/src/libultra/rmon/xlitob.c	data	1	D_8000AF84	D_8000AF84	BOTH	0.00
soh/src/overlays/actors/ovl_Arms_Hook/z_arms_hook.c	data	5	D_80865B70	D_80865B70	BOTH	0.00
soh/src/overlays/actors/ovl_Arms_Hook/z_arms_hook.c	data	6	D_80865B7C	D_80865B7C	BOTH	0.00
soh/src/overlays/actors/ovl_Arms_Hook/z_arms_hook.c	data	7	D_80865B88	D_80865B88	BOTH	0.00
soh/src/overlays/actors/ovl_Arms_Hook/z_arms_hook.c	data	8	D_80865B94	D_80865B94	BOTH	0.00
soh/src/overlays/actors/ovl_Arms_Hook/z_arms_hook.c	data	9	D_80865BA0	D_80865BA0	BOTH	0.00
soh/src/overlays/actors/ovl_Arms_Hook/z_arms_hook.c	data	10	D_80865BAC	D_80865BAC	BOTH	0.00
soh/src/overlays/actors/ovl_Bg_Bdan_Switch/z_bg_bdan_switch.c	func	2	func_8086D0EC	func_8086D0EC	BOTH	0.00
soh/src/overlays/actors/ovl_Bg_Bdan_Switch/z_bg_bdan_switch.c	func	5	func_8086D4B4	func_8086D4B4	BOTH	0.00
soh/src/overlays/actors/ovl_Bg_Bdan_Switch/z_bg_bdan_switch.c	func	6	func_8086D548	func_8086D548	BOTH	0.00
soh/src/overlays/actors/ovl_Bg_Bdan_Switch/z_bg_bdan_switch.c	func	7	func_8086D5C4	func_8086D5C4	BOTH	0.00
soh/src/overlays/actors/ovl_Bg_Bdan_Switch/z_bg_bdan_switch.c	func	8	func_8086D5E0	func_8086D5E0	BOTH	0.00
soh/src/overlays/actors/ovl_Bg_Bdan_Switch/z_bg_bdan_switch.c	func	9	func_8086D67C	func_8086D67C	BOTH	0.00
soh/src/overlays/actors/ovl_Bg_Bdan_Switch/z_bg_bdan_switch.c	func	10	func_8086D694	func_8086D694	BOTH	0.00
soh/src/overlays/actors/ovl_Bg_Bdan_Switch/z_bg_bdan_switch.c	func	11	func_8086D730	func_8086D730	BOTH	0.00
soh/src/overlays/actors/ovl_Bg_Bdan_Switch/z_bg_bdan_switch.c	func	12	func_8086D754	func_8086D754	BOTH	0.00
soh/src/overlays/actors/ovl_Bg_Bdan_Switch/z_bg_bdan_switch.c	func	13	func_8086D7FC	func_8086D7FC	BOTH	0.00
soh/src/overlays/actors/ovl_Bg_Bdan_Switch/z_bg_bdan_switch.c	func	14	func_8086D80C	func_8086D80C	BOTH	0.00
soh/src/overlays/actors/ovl_Bg_Bdan_Switch/z_bg_bdan_switch.c	func	15	func_8086D86C	func_8086D86C	BOTH	0.00
soh/src/overlays/actors/ovl_Bg_Bdan_Switch/z_bg_bdan_switch.c	func	16	func_8086D888	func_8086D888	BOTH	0.00
soh/src/overlays/actors/ovl_Bg_Bdan_Switch/z_bg_bdan_switch.c	func	17	func_8086D8BC	func_8086D8BC	BOTH	0.00
soh/src/overlays/actors/ovl_Bg_Bdan_Switch/z_bg_bdan_switch.c	func	18	func_8086D8CC	func_8086D8CC	BOTH	0.00
soh/src/overlays/actors/ovl_Bg_Bdan_Switch/z_bg_bdan_switch.c	func	19	func_8086D944	func_8086D944	BOTH	0.00
soh/src/overlays/actors/ovl_Bg_Bdan_Switch/z_bg_bdan_switch.c	func	20	func_8086D95C	func_8086D95C	BOTH	0.00
soh/src/overlays/actors/ovl_Bg_Bdan_Switch/z_bg_bdan_switch.c	func	21	func_8086D9F8	func_8086D9F8	BOTH	0.00
soh/src/overlays/actors/ovl_Bg_Bdan_Switch/z_bg_bdan_switch.c	func	22	func_8086DA1C	func_8086DA1C	BOTH	0.00
soh/src/overlays/actors/ovl_Bg_Bdan_Switch/z_bg_bdan_switch.c	func	23	func_8086DAB4	func_8086DAB4	BOTH	0.00
soh/src/overlays/actors/ovl_Bg_Bdan_Switch/z_bg_bdan_switch.c	func	24	func_8086DAC4	func_8086DAC4	BOTH	0.00
soh/src/overlays/actors/ovl_Bg_Bdan_Switch/z_bg_bdan_switch.c	func	25	func_8086DB24	func_8086DB24	BOTH	0.00
soh/src/overlays/actors/ovl_Bg_Bdan_Switch/z_bg_bdan_switch.c	func	26	func_8086DB40	func_8086DB40	BOTH	0.00
soh/src/overlays/actors/ovl_Bg_Bdan_Switch/z_bg_bdan_switch.c	func	27	func_8086DB4C	func_8086DB4C	BOTH	0.00
soh/src/overlays/actors/ovl_Bg_Bdan_Switch/z_bg_bdan_switch.c	func	28	func_8086DB68	func_8086DB68	BOTH	0.00
soh/src/overlays/actors/ovl_Bg_Bdan_Switch/z_bg_bdan_switch.c	func	29	func_8086DC30	func_8086DC30	BOTH	0.00
soh/src/overlays/actors/ovl_Bg_Bdan_Switch/z_bg_bdan_switch.c	func	30	func_8086DC48	func_8086DC48	BOTH	0.00
soh/src/overlays/actors/ovl_Bg_Bdan_Switch/z_bg_bdan_switch.c	func	31	func_8086DCCC	func_8086DCCC	BOTH	0.00
soh/src/overlays/actors/ovl_Bg_Bdan_Switch/z_bg_bdan_switch.c	func	32	func_8086DCE8	func_8086DCE8	BOTH	0.00
soh/src/overlays/actors/ovl_Bg_Bdan_Switch/z_bg_bdan_switch.c	func	33	func_8086DDA8	func_8086DDA8	BOTH	0.00
soh/src/overlays/actors/ovl_Bg_Bdan_Switch/z_bg_bdan_switch.c	func	34	func_8086DDC0	func_8086DDC0	BOTH	0.00
soh/src/overlays/actors/ovl_Bg_Bdan_Switch/z_bg_bdan_switch.c	func	36	func_8086DF58	func_8086DF58	BOTH	0.00
soh/src/overlays/actors/ovl_Bg_Bdan_Switch/z_bg_bdan_switch.c	data	4	D_8086E0E0	D_8086E0E0	BOTH	0.00
soh/src/overlays/actors/ovl_Bg_Bombwall/z_bg_bombwall.c	func	5	func_8086EB5C	func_8086EB5C	BOTH	0.00
soh/src/overlays/actors/ovl_Bg_Bombwall/z_bg_bombwall.c	func	6	func_8086ED50	func_8086ED50	BOTH	0.00
soh/src/overlays/actors/ovl_Bg_Bombwall/z_bg_bombwall.c	func	7	func_8086ED70	func_8086ED70	BOTH	0.00
soh/src/overlays/actors/ovl_Bg_Bombwall/z_bg_bombwall.c	func	8	func_8086EDFC	func_8086EDFC	BOTH	0.00
soh/src/overlays/actors/ovl_Bg_Bombwall/z_bg_bombwall.c	func	9	func_8086EE40	func_8086EE40	BOTH	0.00
soh/src/overlays/actors/ovl_Bg_Bombwall/z_bg_bombwall.c	func	10	func_8086EE94	func_8086EE94	BOTH	0.00
soh/src/overlays/actors/ovl_Bg_Bombwall/z_bg_bombwall.c	data	4	D_8086F010	D_8086F010	BOTH	0.00
soh/src/overlays/actors/ovl_Bg_Ganon_Otyuka/z_bg_ganon_otyuka.c	data	3	D_80876A68	D_80876A68	BOTH	0.00
soh/src/overlays/actors/ovl_Bg_Gate_Shutter/z_bg_gate_shutter.c	func	2	func_8087828C	func_8087828C	BOTH	0.00
soh/src/overlays/actors/ovl_Bg_Gate_Shutter/z_bg_gate_shutter.c	func	3	func_80878300	func_80878300	BOTH	0.00
soh/src/overlays/actors/ovl_Bg_Gate_Shutter/z_bg_gate_shutter.c	func	4	func_808783AC	func_808783AC	BOTH	0.00
soh/src/overlays/actors/ovl_Bg_Gate_Shutter/z_bg_gate_shutter.c	func	5	func_808783D4	func_808783D4	BOTH	0.00
soh/src/overlays/actors/ovl_Bg_Haka_MeganeBG/z_bg_haka_meganebg.c	data	2	D_8087E3FC	D_8087E3FC	BOTH	0.00
soh/src/overlays/actors/ovl_Bg_Haka_MeganeBG/z_bg_haka_meganebg.c	data	3	D_8087E410	D_8087E410	BOTH	0.00
soh/src/overlays/actors/ovl_Bg_Hidan_Hamstep/z_bg_hidan_hamstep.c	func	4	func_808884C8	func_808884C8	BOTH	0.00
soh/src/overlays/actors/ovl_Bg_Hidan_Hamstep/z_bg_hidan_hamstep.c	func	5	func_80888638	func_80888638	BOTH	0.00
soh/src/overlays/actors/ovl_Bg_Hidan_Hamstep/z_bg_hidan_hamstep.c	func	6	func_80888694	func_80888694	BOTH	0.00
soh/src/overlays/actors/ovl_Bg_Hidan_Hamstep/z_bg_hidan_hamstep.c	func	7	func_80888734	func_80888734	BOTH	0.00
soh/src/overlays/actors/ovl_Bg_Hidan_Hamstep/z_bg_hidan_hamstep.c	func	8	func_808887C4	func_808887C4	BOTH	0.00
soh/src/overlays/actors/ovl_Bg_Hidan_Hamstep/z_bg_hidan_hamstep.c	func	9	func_80888860	func_80888860	BOTH	0.00
soh/src/overlays/actors/ovl_Bg_Hidan_Hamstep/z_bg_hidan_hamstep.c	func	10	func_808889B8	func_808889B8	BOTH	0.00
soh/src/overlays/actors/ovl_Bg_Hidan_Hamstep/z_bg_hidan_hamstep.c	func	11	func_80888A58	func_80888A58	BOTH	0.00
soh/src/overlays/actors/ovl_Bg_Hidan_Hrock/z_bg_hidan_hrock.c	func	2	func_808894A4	func_808894A4	BOTH	0.00
soh/src/overlays/actors/ovl_Bg_Hidan_Hrock/z_bg_hidan_hrock.c	func	3	func_808894B0	func_808894B0	BOTH	0.00
soh/src/overlays/actors/ovl_Bg_Hidan_Hrock/z_bg_hidan_hrock.c	func	4	func_8088960C	func_8088960C	BOTH	0.00
soh/src/overlays/actors/ovl_Bg_Hidan_Hrock/z_bg_hidan_hrock.c	func	5	func_808896B8	func_808896B8	BOTH	0.00
soh/src/overlays/actors/ovl_Bg_Hidan_Kousi/z_bg_hidan_kousi.c	func	3	func_80889ACC	func_80889ACC	BOTH	0.00
soh/src/overlays/actors/ovl_Bg_Hidan_Kousi/z_bg_hidan_kousi.c	func	4	func_80889B5C	func_80889B5C	BOTH	0.00
soh/src/overlays/actors/ovl_Bg_Hidan_Kousi/z_bg_hidan_kousi.c	func	5	func_80889BC0	func_80889BC0	BOTH	0.00
soh/src/overlays/actors/ovl_Bg_Hidan_Kousi/z_bg_hidan_kousi.c	func	6	func_80889C18	func_80889C18	BOTH	0.00
soh/src/overlays/actors/ovl_Bg_Hidan_Kousi/z_bg_hidan_kousi.c	func	7	func_80889C90	func_80889C90	BOTH	0.00
soh/src/overlays/actors/ovl_Bg_Hidan_Kousi/z_bg_hidan_kousi.c	func	8	func_80889D28	func_80889D28	BOTH	0.00
soh/src/overlays/actors/ovl_Bg_Hidan_Kousi/z_bg_hidan_kousi.c	data	0	D_80889E40	D_80889E40	BOTH	0.00
soh/src/overlays/actors/ovl_Bg_Hidan_Kousi/z_bg_hidan_kousi.c	data	4	D_80889E7C	D_80889E7C	BOTH	0.00
soh/src/overlays/actors/ovl_Bg_Hidan_Rock/z_bg_hidan_rock.c	func	2	func_8088B24C	func_8088B24C	BOTH	0.00
soh/src/overlays/actors/ovl_Bg_Hidan_Rock/z_bg_hidan_rock.c	func	3	func_8088B268	func_8088B268	BOTH	0.00
soh/src/overlays/actors/ovl_Bg_Hidan_Rock/z_bg_hidan_rock.c	func	4	func_8088B5F4	func_8088B5F4	BOTH	0.00
soh/src/overlays/actors/ovl_Bg_Hidan_Rock/z_bg_hidan_rock.c	func	5	func_8088B634	func_8088B634	BOTH	0.00
soh/src/overlays/actors/ovl_Bg_Hidan_Rock/z_bg_hidan_rock.c	func	6	func_8088B69C	func_8088B69C	BOTH	0.00
soh/src/overlays/actors/ovl_Bg_Hidan_Rock/z_bg_hidan_rock.c	func	7	func_8088B79C	func_8088B79C	BOTH	0.00
soh/src/overlays/actors/ovl_Bg_Hidan_Rock/z_bg_hidan_rock.c	func	8	func_8088B90C	func_8088B90C	BOTH	0.00
soh/src/overlays/actors/ovl_Bg_Hidan_Rock/z_bg_hidan_rock.c	func	9	func_8088B954	func_8088B954	BOTH	0.00
soh/src/overlays/actors/ovl_Bg_Hidan_Rock/z_bg_hidan_rock.c	func	10	func_8088B990	func_8088B990	BOTH	0.00
soh/src/overlays/actors/ovl_Bg_Hidan_Rock/z_bg_hidan_rock.c	func	12	func_8088BC40	func_8088BC40	BOTH	0.00
soh/src/overlays/actors/ovl_Bg_Hidan_Rock/z_bg_hidan_rock.c	data	0	D_8088BF60	D_8088BF60	BOTH	0.00
soh/src/overlays/actors/ovl_Bg_Hidan_Rock/z_bg_hidan_rock.c	data	4	D_8088BFC0	-	UNSAFE	0.00
soh/src/overlays/actors/ovl_Bg_Hidan_Sekizou/z_bg_hidan_sekizou.c	func	0	func_8088CEC0	func_8088CEC0	BOTH	0.00
soh/src/overlays/actors/ovl_Bg_Hidan_Sekizou/z_bg_hidan_sekizou.c	func	3	func_8088D434	func_8088D434	BOTH	0.00
soh/src/overlays/actors/ovl_Bg_Hidan_Sekizou/z_bg_hidan_sekizou.c	func	4	func_8088D720	func_8088D720	BOTH	0.00
soh/src/overlays/actors/ovl_Bg_Hidan_Sekizou/z_bg_hidan_sekizou.c	func	5	func_8088D750	func_8088D750	BOTH	0.00
soh/src/overlays/actors/ovl_Bg_Hidan_Sekizou/z_bg_hidan_sekizou.c	func	7	func_8088D9F4	func_8088D9F4	BOTH	0.00
soh/src/overlays/actors/ovl_Bg_Hidan_Sekizou/z_bg_hidan_sekizou.c	func	8	func_8088DC50	func_8088DC50	BOTH	0.00
soh/src/overlays/actors/ovl_Bg_Hidan_Sekizou/z_bg_hidan_sekizou.c	func	9	func_8088DE08	func_8088DE08	BOTH	0.00
soh/src/overlays/actors/ovl_Bg_Hidan_Sima/z_bg_hidan_sima.c	func	2	func_8088E518	func_8088E518	BOTH	0.00
soh/src/overlays/actors/ovl_Bg_Hidan_Sima/z_bg_hidan_sima.c	func	3	func_8088E5D0	func_8088E5D0	BOTH	0.00
soh/src/overlays/actors/ovl_Bg_Hidan_Sima/z_bg_hidan_sima.c	func	4	func_8088E6D0	func_8088E6D0	BOTH	0.00
soh/src/overlays/actors/ovl_Bg_Hidan_Sima/z_bg_hidan_sima.c	func	5	func_8088E760	func_8088E760	BOTH	0.00
soh/src/overlays/actors/ovl_Bg_Hidan_Sima/z_bg_hidan_sima.c	func	6	func_8088E7A8	func_8088E7A8	BOTH	0.00
soh/src/overlays/actors/ovl_Bg_Hidan_Sima/z_bg_hidan_sima.c	func	7	func_8088E90C	func_8088E90C	BOTH	0.00
soh/src/overlays/actors/ovl_Bg_Hidan_Sima/z_bg_hidan_sima.c	func	9	func_8088EB54	func_8088EB54	BOTH	0.00
soh/src/overlays/actors/ovl_Bg_Hidan_Syoku/z_bg_hidan_syoku.c	func	2	func_8088F47C	func_8088F47C	BOTH	0.00
soh/src/overlays/actors/ovl_Bg_Hidan_Syoku/z_bg_hidan_syoku.c	func	3	func_8088F4B8	func_8088F4B8	BOTH	0.00
soh/src/overlays/actors/ovl_Bg_Hidan_Syoku/z_bg_hidan_syoku.c	func	4	func_8088F514	func_8088F514	BOTH	0.00
soh/src/overlays/actors/ovl_Bg_Hidan_Syoku/z_bg_hidan_syoku.c	func	5	func_8088F5A0	func_8088F5A0	BOTH	0.00
soh/src/overlays/actors/ovl_Bg_Hidan_Syoku/z_bg_hidan_syoku.c	func	6	func_8088F62C	func_8088F62C	BOTH	0.00
soh/src/overlays/actors/ovl_Bg_Ice_Shutter/z_bg_ice_shutter.c	func	0	func_80891AC0	func_80891AC0	BOTH	0.00
soh/src/overlays/actors/ovl_Bg_Ice_Shutter/z_bg_ice_shutter.c	func	3	func_80891CF4	func_80891CF4	BOTH	0.00
soh/src/overlays/actors/ovl_Bg_Ice_Shutter/z_bg_ice_shutter.c	func	4	func_80891D6C	func_80891D6C	BOTH	0.00
soh/src/overlays/actors/ovl_Bg_Ice_Shutter/z_bg_ice_shutter.c	func	5	func_80891DD4	func_80891DD4	BOTH	0.00
soh/src/overlays/actors/ovl_Bg_Jya_Amishutter/z_bg_jya_amishutter.c	func	5	func_80893428	func_80893428	BOTH	0.00
soh/src/overlays/actors/ovl_Bg_Jya_Amishutter/z_bg_jya_amishutter.c	func	6	func_80893438	func_80893438	BOTH	0.00
soh/src/overlays/actors/ovl_Bg_Jya_Amishutter/z_bg_jya_amishutter.c	func	7	func_808934B0	func_808934B0	BOTH	0.00
soh/src/overlays/actors/ovl_Bg_Jya_Amishutter/z_bg_jya_amishutter.c	func	8	func_808934C0	func_808934C0	BOTH	0.00
soh/src/overlays/actors/ovl_Bg_Jya_Amishutter/z_bg_jya_amishutter.c	func	9	func_808934FC	func_808934FC	BOTH	0.00
soh/src/overlays/actors/ovl_Bg_Jya_Amishutter/z_bg_jya_amishutter.c	func	10	func_8089350C	func_8089350C	BOTH	0.00
soh/src/overlays/actors/ovl_Bg_Jya_Cobra/z_bg_jya_cobra.c	func	0	func_808958F0	func_808958F0	BOTH	0.00
soh/src/overlays/actors/ovl_Bg_Jya_Cobra/z_bg_jya_cobra.c	func	3	func_80895A70	func_80895A70	BOTH	0.00
soh/src/overlays/actors/ovl_Bg_Jya_Cobra/z_bg_jya_cobra.c	func	4	func_80895BEC	func_80895BEC	BOTH	0.00
soh/src/overlays/actors/ovl_Bg_Jya_Cobra/z_bg_jya_cobra.c	func	5	func_80895C74	func_80895C74	BOTH	0.00
soh/src/overlays/actors/ovl_Bg_Jya_Cobra/z_bg_jya_cobra.c	func	10	func_80896918	func_80896918	BOTH	0.00
soh/src/overlays/actors/ovl_Bg_Jya_Cobra/z_bg_jya_cobra.c	func	11	func_80896950	func_80896950	BOTH	0.00
soh/src/overlays/actors/ovl_Bg_Jya_Cobra/z_bg_jya_cobra.c	func	12	func_808969F8	func_808969F8	BOTH	0.00
soh/src/overlays/actors/ovl_Bg_Jya_Cobra/z_bg_jya_cobra.c	func	13	func_80896ABC	func_80896ABC	BOTH	0.00
soh/src/overlays/actors/ovl_Bg_Jya_Cobra/z_bg_jya_cobra.c	func	15	func_80896CB4	func_80896CB4	BOTH	0.00
soh/src/overlays/actors/ovl_Bg_Jya_Cobra/z_bg_jya_cobra.c	func	16	func_80896D78	func_80896D78	BOTH	0.00
soh/src/overlays/actors/ovl_Bg_Jya_Cobra/z_bg_jya_cobra.c	data	1	D_80897308	D_80897308	BOTH	0.00
soh/src/overlays/actors/ovl_Bg_Jya_Cobra/z_bg_jya_cobra.c	data	2	D_80897310	D_80897310	BOTH	0.00
soh/src/overlays/actors/ovl_Bg_Jya_Cobra/z_bg_jya_cobra.c	data	3	D_80897314	D_80897314	BOTH	0.00
soh/src/overlays/actors/ovl_Bg_Jya_Cobra/z_bg_jya_cobra.c	data	4	D_8089731C	D_8089731C	BOTH	0.00
soh/src/overlays/actors/ovl_Bg_Jya_Cobra/z_bg_jya_cobra.c	data	5	D_80897398	D_80897398	BOTH	0.00
soh/src/overlays/actors/ovl_Bg_Jya_Cobra/z_bg_jya_cobra.c	data	6	D_808973A4	D_808973A4	BOTH	0.00
soh/src/overlays/actors/ovl_Bg_Jya_Cobra/z_bg_jya_cobra.c	data	7	D_808974DC	D_808974DC	BOTH	0.00
soh/src/overlays/actors/ovl_Bg_Jya_Cobra/z_bg_jya_cobra.c	data	8	D_80897518	D_80897518	BOTH	0.00
soh/src/overlays/actors/ovl_Bg_Jya_Cobra/z_bg_jya_cobra.c	data	10	D_80897538	D_80897538	BOTH	0.00
soh/src/overlays/actors/ovl_Bg_Jya_Cobra/z_bg_jya_cobra.c	data	11	D_80897540	D_80897540	BOTH	0.00
soh/src/overlays/actors/ovl_Bg_Jya_Cobra/z_bg_jya_cobra.c	data	12	D_80897548	D_80897548	BOTH	0.00
soh/src/overlays/actors/ovl_Bg_Jya_Haheniron/z_bg_jya_haheniron.c	data	5	D_80898794	D_80898794	BOTH	0.00
soh/src/overlays/actors/ovl_Bg_Jya_Haheniron/z_bg_jya_haheniron.c	data	6	D_808987A0	D_808987A0	BOTH	0.00
soh/src/overlays/actors/ovl_Bg_Jya_Haheniron/z_bg_jya_haheniron.c	data	7	D_808987AC	D_808987AC	BOTH	0.00
soh/src/overlays/actors/ovl_Bg_Jya_Ironobj/z_bg_jya_ironobj.c	func	5	func_808992D8	func_808992D8	BOTH	0.00
soh/src/overlays/actors/ovl_Bg_Jya_Ironobj/z_bg_jya_ironobj.c	func	6	func_808992E8	func_808992E8	BOTH	0.00
soh/src/overlays/actors/ovl_Bg_Jya_Ironobj/z_bg_jya_ironobj.c	data	4	D_808994D8	D_808994D8	BOTH	0.00
soh/src/overlays/actors/ovl_Bg_Jya_Ironobj/z_bg_jya_ironobj.c	data	5	D_808994E0	D_808994E0	BOTH	0.00
soh/src/overlays/actors/ovl_Bg_Jya_Ironobj/z_bg_jya_ironobj.c	data	6	D_808994F0	D_808994F0	BOTH	0.00
soh/src/overlays/actors/ovl_Bg_Jya_Ironobj/z_bg_jya_ironobj.c	data	7	D_80899500	D_80899500	BOTH	0.00
soh/src/overlays/actors/ovl_Bg_Jya_Ironobj/z_bg_jya_ironobj.c	data	8	D_80899510	D_80899510	BOTH	0.00
soh/src/overlays/actors/ovl_Bg_Jya_Ironobj/z_bg_jya_ironobj.c	data	9	D_80899520	D_80899520	BOTH	0.00
soh/src/overlays/actors/ovl_Bg_Jya_Ironobj/z_bg_jya_ironobj.c	data	10	D_80899530	D_80899530	BOTH	0.00
soh/src/overlays/actors/ovl_Bg_Jya_Kanaami/z_bg_jya_kanaami.c	func	3	func_80899880	func_80899880	BOTH	0.00
soh/src/overlays/actors/ovl_Bg_Jya_Kanaami/z_bg_jya_kanaami.c	func	4	func_80899894	func_80899894	BOTH	0.00
soh/src/overlays/actors/ovl_Bg_Jya_Kanaami/z_bg_jya_kanaami.c	func	5	func_8089993C	func_8089993C	BOTH	0.00
soh/src/overlays/actors/ovl_Bg_Jya_Kanaami/z_bg_jya_kanaami.c	func	6	func_80899950	func_80899950	BOTH	0.00
soh/src/overlays/actors/ovl_Bg_Jya_Kanaami/z_bg_jya_kanaami.c	func	7	func_80899A08	func_80899A08	BOTH	0.00
soh/src/overlays/actors/ovl_Bg_Jya_Megami/z_bg_jya_megami.c	data	4	D_8089B14C	D_8089B14C	BOTH	0.00
soh/src/overlays/actors/ovl_Bg_Jya_Megami/z_bg_jya_megami.c	data	5	D_8089B15C	D_8089B15C	BOTH	0.00
soh/src/overlays/actors/ovl_Bg_Jya_Megami/z_bg_jya_megami.c	data	6	D_8089B16C	D_8089B16C	BOTH	0.00
soh/src/overlays/actors/ovl_Bg_Jya_Megami/z_bg_jya_megami.c	data	7	D_8089B17C	D_8089B17C	BOTH	0.00
soh/src/overlays/actors/ovl_Bg_Jya_Zurerukabe/z_bg_jya_zurerukabe.c	func	1	func_8089B4C8	func_8089B4C8	BOTH	0.00
soh/src/overlays/actors/ovl_Bg_Jya_Zurerukabe/z_bg_jya_zurerukabe.c	func	4	func_8089B7B4	func_8089B7B4	BOTH	0.00
soh/src/overlays/actors/ovl_Bg_Jya_Zurerukabe/z_bg_jya_zurerukabe.c	func	5	func_8089B7C4	func_8089B7C4	BOTH	0.00
soh/src/overlays/actors/ovl_Bg_Jya_Zurerukabe/z_bg_jya_zurerukabe.c	func	6	func_8089B80C	func_8089B80C	BOTH	0.00
soh/src/overlays/actors/ovl_Bg_Jya_Zurerukabe/z_bg_jya_zurerukabe.c	func	7	func_8089B870	func_8089B870	BOTH	0.00
soh/src/overlays/actors/ovl_Bg_Jya_Zurerukabe/z_bg_jya_zurerukabe.c	data	0	D_8089B9C0	D_8089B9C0	BOTH	0.00
soh/src/overlays/actors/ovl_Bg_Jya_Zurerukabe/z_bg_jya_zurerukabe.c	data	2	D_8089B9F0	D_8089B9F0	BOTH	0.00
soh/src/overlays/actors/ovl_Bg_Jya_Zurerukabe/z_bg_jya_zurerukabe.c	data	3	D_8089B9F8	D_8089B9F8	BOTH	0.00
soh/src/overlays/actors/ovl_Bg_Jya_Zurerukabe/z_bg_jya_zurerukabe.c	data	4	D_8089BA00	D_8089BA00	BOTH	0.00
soh/src/overlays/actors/ovl_Bg_Jya_Zurerukabe/z_bg_jya_zurerukabe.c	data	5	D_8089BA08	D_8089BA08	BOTH	0.00
soh/src/overlays/actors/ovl_Bg_Jya_Zurerukabe/z_bg_jya_zurerukabe.c	data	6	D_8089BA18	D_8089BA18	BOTH	0.00
soh/src/overlays/actors/ovl_Bg_Jya_Zurerukabe/z_bg_jya_zurerukabe.c	data	7	D_8089BA30	D_8089BA30	BOTH	0.00
soh/src/overlays/actors/ovl_Bg_Mizu_Movebg/z_bg_mizu_movebg.c	data	7	D_8089EE40	D_8089EE40	BOTH	0.00
soh/src/overlays/actors/ovl_Bg_Mjin/z_bg_mjin.c	data	1	D_06000000	D_06000000	BOTH	0.00
soh/src/overlays/actors/ovl_Bg_Mori_Elevator/z_bg_mori_elevator.c	func	0	func_808A1800	func_808A1800	BOTH	0.00
soh/src/overlays/actors/ovl_Bg_Mori_Elevator/z_bg_mori_elevator.c	func	1	func_808A18FC	func_808A18FC	BOTH	0.00
soh/src/overlays/actors/ovl_Bg_Mori_Elevator/z_bg_mori_elevator.c	func	7	func_808A1C30	func_808A1C30	BOTH	0.00
soh/src/overlays/actors/ovl_Bg_Mori_Elevator/z_bg_mori_elevator.c	func	9	func_808A1CF4	func_808A1CF4	BOTH	0.00
soh/src/overlays/actors/ovl_Bg_Mori_Elevator/z_bg_mori_elevator.c	func	14	func_808A2008	func_808A2008	BOTH	0.00
soh/src/overlays/actors/ovl_Bg_Mori_Hineri/z_bg_mori_hineri.c	func	2	func_808A39FC	func_808A39FC	BOTH	0.00
soh/src/overlays/actors/ovl_Bg_Mori_Hineri/z_bg_mori_hineri.c	func	5	func_808A3C8C	func_808A3C8C	BOTH	0.00
soh/src/overlays/actors/ovl_Bg_Mori_Hineri/z_bg_mori_hineri.c	func	6	func_808A3D58	func_808A3D58	BOTH	0.00
soh/src/overlays/actors/ovl_Bg_Mori_Hineri/z_bg_mori_hineri.c	func	7	func_808A3E54	func_808A3E54	BOTH	0.00
soh/src/overlays/actors/ovl_Bg_Relay_Objects/z_bg_relay_objects.c	func	2	func_808A90F4	func_808A90F4	BOTH	0.00
soh/src/overlays/actors/ovl_Bg_Relay_Objects/z_bg_relay_objects.c	func	3	func_808A91AC	func_808A91AC	BOTH	0.00
soh/src/overlays/actors/ovl_Bg_Relay_Objects/z_bg_relay_objects.c	func	4	func_808A9234	func_808A9234	BOTH	0.00
soh/src/overlays/actors/ovl_Bg_Relay_Objects/z_bg_relay_objects.c	func	6	func_808A932C	func_808A932C	BOTH	0.00
soh/src/overlays/actors/ovl_Bg_Relay_Objects/z_bg_relay_objects.c	func	7	func_808A939C	func_808A939C	BOTH	0.00
soh/src/overlays/actors/ovl_Bg_Relay_Objects/z_bg_relay_objects.c	data	2	D_808A9508	-	UNSAFE	0.00
soh/src/overlays/actors/ovl_Bg_Spot01_Idohashira/z_bg_spot01_idohashira.c	func	2	func_808AAD3C	func_808AAD3C	BOTH	0.00
soh/src/overlays/actors/ovl_Bg_Spot01_Idohashira/z_bg_spot01_idohashira.c	func	3	func_808AAE6C	func_808AAE6C	BOTH	0.00
soh/src/overlays/actors/ovl_Bg_Spot01_Idohashira/z_bg_spot01_idohashira.c	func	4	func_808AAF34	func_808AAF34	BOTH	0.00
soh/src/overlays/actors/ovl_Bg_Spot01_Idohashira/z_bg_spot01_idohashira.c	func	8	func_808AB18C	func_808AB18C	BOTH	0.00
soh/src/overlays/actors/ovl_Bg_Spot01_Idohashira/z_bg_spot01_idohashira.c	func	9	func_808AB1DC	func_808AB1DC	BOTH	0.00
soh/src/overlays/actors/ovl_Bg_Spot01_Idohashira/z_bg_spot01_idohashira.c	func	10	func_808AB29C	func_808AB29C	BOTH	0.00
soh/src/overlays/actors/ovl_Bg_Spot01_Idohashira/z_bg_spot01_idohashira.c	func	11	func_808AB3E8	func_808AB3E8	BOTH	0.00
soh/src/overlays/actors/ovl_Bg_Spot01_Idohashira/z_bg_spot01_idohashira.c	func	12	func_808AB3F8	func_808AB3F8	BOTH	0.00
soh/src/overlays/actors/ovl_Bg_Spot01_Idohashira/z_bg_spot01_idohashira.c	func	13	func_808AB414	func_808AB414	BOTH	0.00
soh/src/overlays/actors/ovl_Bg_Spot01_Idohashira/z_bg_spot01_idohashira.c	func	14	func_808AB444	func_808AB444	BOTH	0.00
soh/src/overlays/actors/ovl_Bg_Spot01_Idohashira/z_bg_spot01_idohashira.c	func	15	func_808AB504	func_808AB504	BOTH	0.00
soh/src/overlays/actors/ovl_Bg_Spot01_Idohashira/z_bg_spot01_idohashira.c	func	16	func_808AB510	func_808AB510	BOTH	0.00
soh/src/overlays/actors/ovl_Bg_Spot01_Idohashira/z_bg_spot01_idohashira.c	func	17	func_808AB530	func_808AB530	BOTH	0.00
soh/src/overlays/actors/ovl_Bg_Spot01_Idohashira/z_bg_spot01_idohashira.c	func	18	func_808AB570	func_808AB570	BOTH	0.00
soh/src/overlays/actors/ovl_Bg_Spot01_Idohashira/z_bg_spot01_idohashira.c	func	21	func_808AB700	func_808AB700	BOTH	0.00
soh/src/overlays/actors/ovl_Bg_Spot01_Objects2/z_bg_spot01_objects2.c	func	2	func_808AC22C	func_808AC22C	BOTH	0.00
soh/src/overlays/actors/ovl_Bg_Spot01_Objects2/z_bg_spot01_objects2.c	func	3	func_808AC2BC	func_808AC2BC	BOTH	0.00
soh/src/overlays/actors/ovl_Bg_Spot01_Objects2/z_bg_spot01_objects2.c	func	4	func_808AC474	func_808AC474	BOTH	0.00
soh/src/overlays/actors/ovl_Bg_Spot01_Objects2/z_bg_spot01_objects2.c	func	6	func_808AC4A4	func_808AC4A4	BOTH	0.00
soh/src/overlays/actors/ovl_Bg_Spot01_Objects2/z_bg_spot01_objects2.c	data	2	D_808AC510	D_808AC510	BOTH	0.00
soh/src/overlays/actors/ovl_Bg_Spot02_Objects/z_bg_spot02_objects.c	func	2	func_808AC8FC	func_808AC8FC	BOTH	0.00
soh/src/overlays/actors/ovl_Bg_Spot02_Objects/z_bg_spot02_objects.c	func	3	func_808AC908	func_808AC908	BOTH	0.00
soh/src/overlays/actors/ovl_Bg_Spot02_Objects/z_bg_spot02_objects.c	func	4	func_808ACA08	func_808ACA08	BOTH	0.00
soh/src/overlays/actors/ovl_Bg_Spot02_Objects/z_bg_spot02_objects.c	func	5	func_808ACAFC	func_808ACAFC	BOTH	0.00
soh/src/overlays/actors/ovl_Bg_Spot02_Objects/z_bg_spot02_objects.c	func	6	func_808ACB58	func_808ACB58	BOTH	0.00
soh/src/overlays/actors/ovl_Bg_Spot02_Objects/z_bg_spot02_objects.c	func	9	func_808ACC34	func_808ACC34	BOTH	0.00
soh/src/overlays/actors/ovl_Bg_Spot02_Objects/z_bg_spot02_objects.c	func	10	func_808ACCB8	func_808ACCB8	BOTH	0.00
soh/src/overlays/actors/ovl_Bg_Spot02_Objects/z_bg_spot02_objects.c	func	11	func_808AD3D4	func_808AD3D4	BOTH	0.00
soh/src/overlays/actors/ovl_Bg_Spot02_Objects/z_bg_spot02_objects.c	func	12	func_808AD450	func_808AD450	BOTH	0.00
soh/src/overlays/actors/ovl_Bg_Spot02_Objects/z_bg_spot02_objects.c	data	0	D_808AD850	D_808AD850	BOTH	0.00
soh/src/overlays/actors/ovl_Bg_Spot05_Soko/z_bg_spot05_soko.c	func	2	func_808AE5A8	func_808AE5A8	BOTH	0.00
soh/src/overlays/actors/ovl_Bg_Spot05_Soko/z_bg_spot05_soko.c	func	3	func_808AE5B4	func_808AE5B4	BOTH	0.00
soh/src/overlays/actors/ovl_Bg_Spot05_Soko/z_bg_spot05_soko.c	func	4	func_808AE630	func_808AE630	BOTH	0.00
soh/src/overlays/actors/ovl_Bg_Spot08_Bakudankabe/z_bg_spot08_bakudankabe.c	func	0	func_808B02D0	func_808B02D0	BOTH	0.00
soh/src/overlays/actors/ovl_Bg_Spot08_Bakudankabe/z_bg_spot08_bakudankabe.c	func	1	func_808B0324	func_808B0324	BOTH	0.00
soh/src/overlays/actors/ovl_Bg_Spot08_Bakudankabe/z_bg_spot08_bakudankabe.c	data	3	D_808B08AC	D_808B08AC	BOTH	0.00
soh/src/overlays/actors/ovl_Bg_Spot09_Obj/z_bg_spot09_obj.c	func	0	func_808B1AE0	func_808B1AE0	BOTH	0.00
soh/src/overlays/actors/ovl_Bg_Spot09_Obj/z_bg_spot09_obj.c	func	1	func_808B1BA0	func_808B1BA0	BOTH	0.00
soh/src/overlays/actors/ovl_Bg_Spot09_Obj/z_bg_spot09_obj.c	func	2	func_808B1BEC	func_808B1BEC	BOTH	0.00
soh/src/overlays/actors/ovl_Bg_Spot09_Obj/z_bg_spot09_obj.c	func	3	func_808B1C70	func_808B1C70	BOTH	0.00
soh/src/overlays/actors/ovl_Bg_Spot09_Obj/z_bg_spot09_obj.c	func	4	func_808B1CEC	func_808B1CEC	BOTH	0.00
soh/src/overlays/actors/ovl_Bg_Spot09_Obj/z_bg_spot09_obj.c	func	5	func_808B1D18	func_808B1D18	BOTH	0.00
soh/src/overlays/actors/ovl_Bg_Spot09_Obj/z_bg_spot09_obj.c	func	6	func_808B1D44	func_808B1D44	BOTH	0.00
soh/src/overlays/actors/ovl_Bg_Spot09_Obj/z_bg_spot09_obj.c	data	1	D_808B1F90	D_808B1F90	BOTH	0.00
soh/src/overlays/actors/ovl_Bg_Spot12_Gate/z_bg_spot12_gate.c	func	3	func_808B30C0	func_808B30C0	BOTH	0.00
soh/src/overlays/actors/ovl_Bg_Spot12_Gate/z_bg_spot12_gate.c	func	4	func_808B30D8	func_808B30D8	BOTH	0.00
soh/src/overlays/actors/ovl_Bg_Spot12_Gate/z_bg_spot12_gate.c	func	5	func_808B3134	func_808B3134	BOTH	0.00
soh/src/overlays/actors/ovl_Bg_Spot12_Gate/z_bg_spot12_gate.c	func	6	func_808B314C	func_808B314C	BOTH	0.00
soh/src/overlays/actors/ovl_Bg_Spot12_Gate/z_bg_spot12_gate.c	func	7	func_808B317C	func_808B317C	BOTH	0.00
soh/src/overlays/actors/ovl_Bg_Spot12_Gate/z_bg_spot12_gate.c	func	8	func_808B318C	func_808B318C	BOTH	0.00
soh/src/overlays/actors/ovl_Bg_Spot12_Gate/z_bg_spot12_gate.c	func	9	func_808B3274	func_808B3274	BOTH	0.00
soh/src/overlays/actors/ovl_Bg_Spot12_Gate/z_bg_spot12_gate.c	func	10	func_808B3298	func_808B3298	BOTH	0.00
soh/src/overlays/actors/ovl_Bg_Spot12_Saku/z_bg_spot12_saku.c	func	0	func_808B3420	func_808B3420	BOTH	0.00
soh/src/overlays/actors/ovl_Bg_Spot12_Saku/z_bg_spot12_saku.c	func	3	func_808B3550	func_808B3550	BOTH	0.00
soh/src/overlays/actors/ovl_Bg_Spot12_Saku/z_bg_spot12_saku.c	func	4	func_808B357C	func_808B357C	BOTH	0.00
soh/src/overlays/actors/ovl_Bg_Spot12_Saku/z_bg_spot12_saku.c	func	5	func_808B35E4	func_808B35E4	BOTH	0.00
soh/src/overlays/actors/ovl_Bg_Spot12_Saku/z_bg_spot12_saku.c	func	6	func_808B3604	func_808B3604	BOTH	0.00
soh/src/overlays/actors/ovl_Bg_Spot12_Saku/z_bg_spot12_saku.c	func	7	func_808B3714	func_808B3714	BOTH	0.00
soh/src/overlays/actors/ovl_Bg_Spot12_Saku/z_bg_spot12_saku.c	func	8	func_808B37AC	func_808B37AC	BOTH	0.00
soh/src/overlays/actors/ovl_Bg_Spot15_Rrbox/z_bg_spot15_rrbox.c	func	0	func_808B3960	func_808B3960	BOTH	0.00
soh/src/overlays/actors/ovl_Bg_Spot15_Rrbox/z_bg_spot15_rrbox.c	func	2	func_808B3A34	func_808B3A34	BOTH	0.00
soh/src/overlays/actors/ovl_Bg_Spot15_Rrbox/z_bg_spot15_rrbox.c	func	3	func_808B3A40	func_808B3A40	BOTH	0.00
soh/src/overlays/actors/ovl_Bg_Spot15_Rrbox/z_bg_spot15_rrbox.c	func	4	func_808B3AAC	func_808B3AAC	BOTH	0.00
soh/src/overlays/actors/ovl_Bg_Spot15_Rrbox/z_bg_spot15_rrbox.c	func	10	func_808B4010	func_808B4010	BOTH	0.00
soh/src/overlays/actors/ovl_Bg_Spot15_Rrbox/z_bg_spot15_rrbox.c	func	11	func_808B4084	func_808B4084	BOTH	0.00
soh/src/overlays/actors/ovl_Bg_Spot15_Rrbox/z_bg_spot15_rrbox.c	func	12	func_808B40AC	func_808B40AC	BOTH	0.00
soh/src/overlays/actors/ovl_Bg_Spot15_Rrbox/z_bg_spot15_rrbox.c	func	13	func_808B4178	func_808B4178	BOTH	0.00
soh/src/overlays/actors/ovl_Bg_Spot15_Rrbox/z_bg_spot15_rrbox.c	func	14	func_808B4194	func_808B4194	BOTH	0.00
soh/src/overlays/actors/ovl_Bg_Spot15_Rrbox/z_bg_spot15_rrbox.c	func	15	func_808B4380	func_808B4380	BOTH	0.00
soh/src/overlays/actors/ovl_Bg_Spot15_Rrbox/z_bg_spot15_rrbox.c	func	16	func_808B43D0	func_808B43D0	BOTH	0.00
soh/src/overlays/actors/ovl_Bg_Spot15_Rrbox/z_bg_spot15_rrbox.c	func	17	func_808B44B8	func_808B44B8	BOTH	0.00
soh/src/overlays/actors/ovl_Bg_Spot15_Rrbox/z_bg_spot15_rrbox.c	func	18	func_808B44CC	func_808B44CC	BOTH	0.00
soh/src/overlays/actors/ovl_Bg_Spot15_Rrbox/z_bg_spot15_rrbox.c	data	0	D_808B4590	D_808B4590	BOTH	0.00
soh/src/overlays/actors/ovl_Bg_Spot15_Rrbox/z_bg_spot15_rrbox.c	data	3	D_808B45C4	D_808B45C4	BOTH	0.00
soh/src/overlays/actors/ovl_Bg_Spot15_Saku/z_bg_spot15_saku.c	func	2	func_808B4930	func_808B4930	BOTH	0.00
soh/src/overlays/actors/ovl_Bg_Spot15_Saku/z_bg_spot15_saku.c	func	3	func_808B4978	func_808B4978	BOTH	0.00
soh/src/overlays/actors/ovl_Bg_Spot15_Saku/z_bg_spot15_saku.c	func	4	func_808B4A04	func_808B4A04	BOTH	0.00
soh/src/overlays/actors/ovl_Bg_Spot16_Bombstone/z_bg_spot16_bombstone.c	func	0	func_808B4C30	func_808B4C30	BOTH	0.00
soh/src/overlays/actors/ovl_Bg_Spot16_Bombstone/z_bg_spot16_bombstone.c	func	1	func_808B4C4C	func_808B4C4C	BOTH	0.00
soh/src/overlays/actors/ovl_Bg_Spot16_Bombstone/z_bg_spot16_bombstone.c	func	2	func_808B4D04	func_808B4D04	BOTH	0.00
soh/src/overlays/actors/ovl_Bg_Spot16_Bombstone/z_bg_spot16_bombstone.c	func	3	func_808B4D9C	func_808B4D9C	BOTH	0.00
soh/src/overlays/actors/ovl_Bg_Spot16_Bombstone/z_bg_spot16_bombstone.c	func	4	func_808B4E58	func_808B4E58	BOTH	0.00
soh/src/overlays/actors/ovl_Bg_Spot16_Bombstone/z_bg_spot16_bombstone.c	func	8	func_808B5240	func_808B5240	BOTH	0.00
soh/src/overlays/actors/ovl_Bg_Spot16_Bombstone/z_bg_spot16_bombstone.c	func	10	func_808B561C	func_808B561C	BOTH	0.00
soh/src/overlays/actors/ovl_Bg_Spot16_Bombstone/z_bg_spot16_bombstone.c	func	11	func_808B56BC	func_808B56BC	BOTH	0.00
soh/src/overlays/actors/ovl_Bg_Spot16_Bombstone/z_bg_spot16_bombstone.c	func	12	func_808B57E0	func_808B57E0	BOTH	0.00
soh/src/overlays/actors/ovl_Bg_Spot16_Bombstone/z_bg_spot16_bombstone.c	func	13	func_808B5934	func_808B5934	BOTH	0.00
soh/src/overlays/actors/ovl_Bg_Spot16_Bombstone/z_bg_spot16_bombstone.c	func	14	func_808B5950	func_808B5950	BOTH	0.00
soh/src/overlays/actors/ovl_Bg_Spot16_Bombstone/z_bg_spot16_bombstone.c	func	15	func_808B5A78	func_808B5A78	BOTH	0.00
soh/src/overlays/actors/ovl_Bg_Spot16_Bombstone/z_bg_spot16_bombstone.c	func	16	func_808B5A94	func_808B5A94	BOTH	0.00
soh/src/overlays/actors/ovl_Bg_Spot16_Bombstone/z_bg_spot16_bombstone.c	func	17	func_808B5AF0	func_808B5AF0	BOTH	0.00
soh/src/overlays/actors/ovl_Bg_Spot16_Bombstone/z_bg_spot16_bombstone.c	func	18	func_808B5B04	func_808B5B04	BOTH	0.00
soh/src/overlays/actors/ovl_Bg_Spot16_Bombstone/z_bg_spot16_bombstone.c	func	19	func_808B5B58	func_808B5B58	BOTH	0.00
soh/src/overlays/actors/ovl_Bg_Spot16_Bombstone/z_bg_spot16_bombstone.c	func	20	func_808B5B6C	func_808B5B6C	BOTH	0.00
soh/src/overlays/actors/ovl_Bg_Spot16_Bombstone/z_bg_spot16_bombstone.c	data	2	D_808B5DD8	D_808B5DD8	BOTH	0.00
soh/src/overlays/actors/ovl_Bg_Spot16_Bombstone/z_bg_spot16_bombstone.c	data	6	D_808B5EB0	D_808B5EB0	BOTH	0.00
soh/src/overlays/actors/ovl_Bg_Spot16_Bombstone/z_bg_spot16_bombstone.c	data	12	D_808B6074	D_808B6074	BOTH	0.00
soh/src/overlays/actors/ovl_Bg_Spot16_Bombstone/z_bg_spot16_bombstone.c	data	13	D_808B6088	D_808B6088	BOTH	0.00
soh/src/overlays/actors/ovl_Bg_Spot18_Basket/z_bg_spot18_basket.c	data	3	D_808B85C8	D_808B85C8	BOTH	0.00
soh/src/overlays/actors/ovl_Bg_Spot18_Obj/z_bg_spot18_obj.c	func	0	func_808B8910	func_808B8910	BOTH	0.00
soh/src/overlays/actors/ovl_Bg_Spot18_Obj/z_bg_spot18_obj.c	func	1	func_808B8A5C	func_808B8A5C	BOTH	0.00
soh/src/overlays/actors/ovl_Bg_Spot18_Obj/z_bg_spot18_obj.c	func	2	func_808B8A98	func_808B8A98	BOTH	0.00
soh/src/overlays/actors/ovl_Bg_Spot18_Obj/z_bg_spot18_obj.c	func	3	func_808B8B08	func_808B8B08	BOTH	0.00
soh/src/overlays/actors/ovl_Bg_Spot18_Obj/z_bg_spot18_obj.c	func	4	func_808B8B38	func_808B8B38	BOTH	0.00
soh/src/overlays/actors/ovl_Bg_Spot18_Obj/z_bg_spot18_obj.c	func	5	func_808B8BB4	func_808B8BB4	BOTH	0.00
soh/src/overlays/actors/ovl_Bg_Spot18_Obj/z_bg_spot18_obj.c	func	6	func_808B8C90	func_808B8C90	BOTH	0.00
soh/src/overlays/actors/ovl_Bg_Spot18_Obj/z_bg_spot18_obj.c	func	7	func_808B8CC8	func_808B8CC8	BOTH	0.00
soh/src/overlays/actors/ovl_Bg_Spot18_Obj/z_bg_spot18_obj.c	func	10	func_808B8DC0	func_808B8DC0	BOTH	0.00
soh/src/overlays/actors/ovl_Bg_Spot18_Obj/z_bg_spot18_obj.c	func	11	func_808B8DD0	func_808B8DD0	BOTH	0.00
soh/src/overlays/actors/ovl_Bg_Spot18_Obj/z_bg_spot18_obj.c	func	12	func_808B8DDC	func_808B8DDC	BOTH	0.00
soh/src/overlays/actors/ovl_Bg_Spot18_Obj/z_bg_spot18_obj.c	func	13	func_808B8E20	func_808B8E20	BOTH	0.00
soh/src/overlays/actors/ovl_Bg_Spot18_Obj/z_bg_spot18_obj.c	func	14	func_808B8E64	func_808B8E64	BOTH	0.00
soh/src/overlays/actors/ovl_Bg_Spot18_Obj/z_bg_spot18_obj.c	func	15	func_808B8E7C	func_808B8E7C	BOTH	0.00
soh/src/overlays/actors/ovl_Bg_Spot18_Obj/z_bg_spot18_obj.c	func	16	func_808B8EE0	func_808B8EE0	BOTH	0.00
soh/src/overlays/actors/ovl_Bg_Spot18_Obj/z_bg_spot18_obj.c	func	17	func_808B8F08	func_808B8F08	BOTH	0.00
soh/src/overlays/actors/ovl_Bg_Spot18_Obj/z_bg_spot18_obj.c	func	18	func_808B9030	func_808B9030	BOTH	0.00
soh/src/overlays/actors/ovl_Bg_Spot18_Obj/z_bg_spot18_obj.c	func	19	func_808B9040	func_808B9040	BOTH	0.00
soh/src/overlays/actors/ovl_Bg_Spot18_Obj/z_bg_spot18_obj.c	data	1	D_808B90F0	D_808B90F0	BOTH	0.00
soh/src/overlays/actors/ovl_Bg_Spot18_Obj/z_bg_spot18_obj.c	data	2	D_808B90F4	D_808B90F4	BOTH	0.00
soh/src/overlays/actors/ovl_Bg_Spot18_Obj/z_bg_spot18_obj.c	data	3	D_808B90FC	D_808B90FC	BOTH	0.00
soh/src/overlays/actors/ovl_Bg_Spot18_Obj/z_bg_spot18_obj.c	data	4	D_808B9104	D_808B9104	BOTH	0.00
soh/src/overlays/actors/ovl_Bg_Spot18_Obj/z_bg_spot18_obj.c	data	5	D_808B910C	D_808B910C	BOTH	0.00
soh/src/overlays/actors/ovl_Bg_Spot18_Obj/z_bg_spot18_obj.c	data	8	D_808B913C	D_808B913C	BOTH	0.00
soh/src/overlays/actors/ovl_Bg_Spot18_Shutter/z_bg_spot18_shutter.c	func	2	func_808B95AC	func_808B95AC	BOTH	0.00
soh/src/overlays/actors/ovl_Bg_Spot18_Shutter/z_bg_spot18_shutter.c	func	3	func_808B95B8	func_808B95B8	BOTH	0.00
soh/src/overlays/actors/ovl_Bg_Spot18_Shutter/z_bg_spot18_shutter.c	func	4	func_808B9618	func_808B9618	BOTH	0.00
soh/src/overlays/actors/ovl_Bg_Spot18_Shutter/z_bg_spot18_shutter.c	func	5	func_808B9698	func_808B9698	BOTH	0.00
soh/src/overlays/actors/ovl_Bg_Spot18_Shutter/z_bg_spot18_shutter.c	func	6	func_808B971C	func_808B971C	BOTH	0.00
soh/src/overlays/actors/ovl_Bg_Toki_Hikari/z_bg_toki_hikari.c	func	5	func_808BA018	func_808BA018	BOTH	0.00
soh/src/overlays/actors/ovl_Bg_Toki_Hikari/z_bg_toki_hikari.c	func	6	func_808BA204	func_808BA204	BOTH	0.00
soh/src/overlays/actors/ovl_Bg_Toki_Hikari/z_bg_toki_hikari.c	func	7	func_808BA22C	func_808BA22C	BOTH	0.00
soh/src/overlays/actors/ovl_Bg_Toki_Hikari/z_bg_toki_hikari.c	func	8	func_808BA274	func_808BA274	BOTH	0.00
soh/src/overlays/actors/ovl_Bg_Toki_Hikari/z_bg_toki_hikari.c	func	9	func_808BA2CC	func_808BA2CC	BOTH	0.00
soh/src/overlays/actors/ovl_Bg_Toki_Swd/z_bg_toki_swd.c	func	3	func_808BAF40	func_808BAF40	BOTH	0.00
soh/src/overlays/actors/ovl_Bg_Toki_Swd/z_bg_toki_swd.c	func	4	func_808BB0AC	func_808BB0AC	BOTH	0.00
soh/src/overlays/actors/ovl_Bg_Toki_Swd/z_bg_toki_swd.c	func	5	func_808BB128	func_808BB128	BOTH	0.00
soh/src/overlays/actors/ovl_Bg_Treemouth/z_bg_treemouth.c	func	3	func_808BC65C	func_808BC65C	BOTH	0.00
soh/src/overlays/actors/ovl_Bg_Treemouth/z_bg_treemouth.c	func	4	func_808BC6F8	func_808BC6F8	BOTH	0.00
soh/src/overlays/actors/ovl_Bg_Treemouth/z_bg_treemouth.c	func	5	func_808BC80C	func_808BC80C	BOTH	0.00
soh/src/overlays/actors/ovl_Bg_Treemouth/z_bg_treemouth.c	func	6	func_808BC864	func_808BC864	BOTH	0.00
soh/src/overlays/actors/ovl_Bg_Treemouth/z_bg_treemouth.c	func	7	func_808BC8B8	func_808BC8B8	BOTH	0.00
soh/src/overlays/actors/ovl_Bg_Treemouth/z_bg_treemouth.c	func	8	func_808BC9EC	func_808BC9EC	BOTH	0.00
soh/src/overlays/actors/ovl_Bg_Treemouth/z_bg_treemouth.c	func	9	func_808BCAF0	func_808BCAF0	BOTH	0.00
soh/src/overlays/actors/ovl_Bg_Treemouth/z_bg_treemouth.c	data	6	D_808BD9C4	D_808BD9C4	BOTH	0.00
soh/src/overlays/actors/ovl_Bg_Ydan_Maruta/z_bg_ydan_maruta.c	func	2	func_808BEFF4	func_808BEFF4	BOTH	0.00
soh/src/overlays/actors/ovl_Bg_Ydan_Maruta/z_bg_ydan_maruta.c	func	3	func_808BF078	func_808BF078	BOTH	0.00
soh/src/overlays/actors/ovl_Bg_Ydan_Maruta/z_bg_ydan_maruta.c	func	4	func_808BF108	func_808BF108	BOTH	0.00
soh/src/overlays/actors/ovl_Bg_Ydan_Maruta/z_bg_ydan_maruta.c	func	5	func_808BF1EC	func_808BF1EC	BOTH	0.00
soh/src/overlays/actors/ovl_Bg_Zg/z_bg_zg.c	func	1	func_808C0C50	func_808C0C50	BOTH	0.00
soh/src/overlays/actors/ovl_Bg_Zg/z_bg_zg.c	func	2	func_808C0C98	func_808C0C98	BOTH	0.00
soh/src/overlays/actors/ovl_Bg_Zg/z_bg_zg.c	func	3	func_808C0CC8	func_808C0CC8	BOTH	0.00
soh/src/overlays/actors/ovl_Bg_Zg/z_bg_zg.c	func	4	func_808C0CD4	func_808C0CD4	BOTH	0.00
soh/src/overlays/actors/ovl_Bg_Zg/z_bg_zg.c	func	5	func_808C0D08	func_808C0D08	BOTH	0.00
soh/src/overlays/actors/ovl_Bg_Zg/z_bg_zg.c	func	8	func_808C0EEC	func_808C0EEC	BOTH	0.00
soh/src/overlays/actors/ovl_Boss_Dodongo/z_boss_dodongo.c	func	1	func_808C12C4	func_808C12C4	BOTH	0.00
soh/src/overlays/actors/ovl_Boss_Dodongo/z_boss_dodongo.c	func	3	func_808C1554	func_808C1554	BOTH	0.00
soh/src/overlays/actors/ovl_Boss_Dodongo/z_boss_dodongo.c	func	4	func_808C17C8	func_808C17C8	BOTH	0.00
soh/src/overlays/actors/ovl_Boss_Dodongo/z_boss_dodongo.c	func	29	func_808C4F6C	func_808C4F6C	BOTH	0.00
soh/src/overlays/actors/ovl_Boss_Dodongo/z_boss_dodongo.c	func	30	func_808C50A8	func_808C50A8	BOTH	0.00
soh/src/overlays/actors/ovl_Boss_Dodongo/z_boss_dodongo_data.c	data	0	D_808C7000	D_808C7000	BOTH	0.00
soh/src/overlays/actors/ovl_Boss_Ganon/z_boss_ganon.c	func	49	func_808E0254	func_808E0254	BOTH	0.00
soh/src/overlays/actors/ovl_Boss_Ganon/z_boss_ganon.c	func	56	func_808E1EB4	func_808E1EB4	BOTH	0.00
soh/src/overlays/actors/ovl_Boss_Ganon/z_boss_ganon.c	func	57	func_808E229C	func_808E229C	BOTH	0.00
soh/src/overlays/actors/ovl_Boss_Ganon/z_boss_ganon.c	func	58	func_808E2544	func_808E2544	BOTH	0.00
soh/src/overlays/actors/ovl_Boss_Ganon/z_boss_ganon.c	func	59	func_808E324C	func_808E324C	BOTH	0.00
soh/src/overlays/actors/ovl_Boss_Ganon/z_boss_ganon.c	data	3	D_808E4C58	D_808E4C58	BOTH	0.00
soh/src/overlays/actors/ovl_Boss_Ganon/z_boss_ganon.c	data	15	D_808E4D44	D_808E4D44	BOTH	0.00
soh/src/overlays/actors/ovl_Boss_Ganon2/z_boss_ganon2.c	func	2	func_808FD080	func_808FD080	BOTH	0.00
soh/src/overlays/actors/ovl_Boss_Ganon2/z_boss_ganon2.c	func	4	func_808FD210	func_808FD210	BOTH	0.00
soh/src/overlays/actors/ovl_Boss_Ganon2/z_boss_ganon2.c	func	5	func_808FD27C	func_808FD27C	BOTH	0.00
soh/src/overlays/actors/ovl_Boss_Ganon2/z_boss_ganon2.c	func	8	func_808FD4D4	func_808FD4D4	BOTH	0.00
soh/src/overlays/actors/ovl_Boss_Ganon2/z_boss_ganon2.c	func	9	func_808FD5C4	func_808FD5C4	BOTH	0.00
soh/src/overlays/actors/ovl_Boss_Ganon2/z_boss_ganon2.c	func	10	func_808FD5F4	func_808FD5F4	BOTH	0.00
soh/src/overlays/actors/ovl_Boss_Ganon2/z_boss_ganon2.c	func	11	func_808FF898	func_808FF898	BOTH	0.00
soh/src/overlays/actors/ovl_Boss_Ganon2/z_boss_ganon2.c	func	12	func_808FFA24	func_808FFA24	BOTH	0.00
soh/src/overlays/actors/ovl_Boss_Ganon2/z_boss_ganon2.c	func	13	func_808FFAC8	func_808FFAC8	BOTH	0.00
soh/src/overlays/actors/ovl_Boss_Ganon2/z_boss_ganon2.c	func	14	func_808FFBBC	func_808FFBBC	BOTH	0.00
soh/src/overlays/actors/ovl_Boss_Ganon2/z_boss_ganon2.c	func	15	func_808FFC84	func_808FFC84	BOTH	0.00
soh/src/overlays/actors/ovl_Boss_Ganon2/z_boss_ganon2.c	func	16	func_808FFCFC	func_808FFCFC	BOTH	0.00
soh/src/overlays/actors/ovl_Boss_Ganon2/z_boss_ganon2.c	func	17	func_808FFDB0	func_808FFDB0	BOTH	0.00
soh/src/overlays/actors/ovl_Boss_Ganon2/z_boss_ganon2.c	func	18	func_808FFEBC	func_808FFEBC	BOTH	0.00
soh/src/overlays/actors/ovl_Boss_Ganon2/z_boss_ganon2.c	func	19	func_808FFF90	func_808FFF90	BOTH	0.00
soh/src/overlays/actors/ovl_Boss_Ganon2/z_boss_ganon2.c	func	20	func_808FFFE0	func_808FFFE0	BOTH	0.00
soh/src/overlays/actors/ovl_Boss_Ganon2/z_boss_ganon2.c	func	21	func_809000A0	func_809000A0	BOTH	0.00
soh/src/overlays/actors/ovl_Boss_Ganon2/z_boss_ganon2.c	func	22	func_80900104	func_80900104	BOTH	0.00
soh/src/overlays/actors/ovl_Boss_Ganon2/z_boss_ganon2.c	func	23	func_80900210	func_80900210	BOTH	0.00
soh/src/overlays/actors/ovl_Boss_Ganon2/z_boss_ganon2.c	func	24	func_8090026C	func_8090026C	BOTH	0.00
soh/src/overlays/actors/ovl_Boss_Ganon2/z_boss_ganon2.c	func	25	func_809002CC	func_809002CC	BOTH	0.00
soh/src/overlays/actors/ovl_Boss_Ganon2/z_boss_ganon2.c	func	26	func_80900344	func_80900344	BOTH	0.00
soh/src/overlays/actors/ovl_Boss_Ganon2/z_boss_ganon2.c	func	27	func_80900580	func_80900580	BOTH	0.00
soh/src/overlays/actors/ovl_Boss_Ganon2/z_boss_ganon2.c	func	28	func_80900650	func_80900650	BOTH	0.00
soh/src/overlays/actors/ovl_Boss_Ganon2/z_boss_ganon2.c	func	29	func_80900818	func_80900818	BOTH	0.00
soh/src/overlays/actors/ovl_Boss_Ganon2/z_boss_ganon2.c	func	30	func_80900890	func_80900890	BOTH	0.00
soh/src/overlays/actors/ovl_Boss_Ganon2/z_boss_ganon2.c	func	31	func_80901020	func_80901020	BOTH	0.00
soh/src/overlays/actors/ovl_Boss_Ganon2/z_boss_ganon2.c	func	32	func_8090109C	func_8090109C	BOTH	0.00
soh/src/overlays/actors/ovl_Boss_Ganon2/z_boss_ganon2.c	func	33	func_8090120C	func_8090120C	BOTH	0.00
soh/src/overlays/actors/ovl_Boss_Ganon2/z_boss_ganon2.c	func	34	func_80902348	func_80902348	BOTH	0.00
soh/src/overlays/actors/ovl_Boss_Ganon2/z_boss_ganon2.c	func	37	func_809034E4	func_809034E4	BOTH	0.00
soh/src/overlays/actors/ovl_Boss_Ganon2/z_boss_ganon2.c	func	38	func_80903F38	func_80903F38	BOTH	0.00
soh/src/overlays/actors/ovl_Boss_Ganon2/z_boss_ganon2.c	func	39	func_80904108	func_80904108	BOTH	0.00
soh/src/overlays/actors/ovl_Boss_Ganon2/z_boss_ganon2.c	func	40	func_80904340	func_80904340	BOTH	0.00
soh/src/overlays/actors/ovl_Boss_Ganon2/z_boss_ganon2.c	func	41	func_8090464C	func_8090464C	BOTH	0.00
soh/src/overlays/actors/ovl_Boss_Ganon2/z_boss_ganon2.c	func	44	func_80904D88	func_80904D88	BOTH	0.00
soh/src/overlays/actors/ovl_Boss_Ganon2/z_boss_ganon2.c	func	45	func_80904FC8	func_80904FC8	BOTH	0.00
soh/src/overlays/actors/ovl_Boss_Ganon2/z_boss_ganon2.c	func	46	func_8090523C	func_8090523C	BOTH	0.00
soh/src/overlays/actors/ovl_Boss_Ganon2/z_boss_ganon2.c	func	48	func_80905674	func_80905674	BOTH	0.00
soh/src/overlays/actors/ovl_Boss_Ganon2/z_boss_ganon2.c	func	52	func_80906538	func_80906538	BOTH	0.00
soh/src/overlays/actors/ovl_Boss_Ganon2/z_boss_ganon2.c	data	1	D_8090EB20	D_8090EB20	BOTH	0.00
soh/src/overlays/actors/ovl_Boss_Ganon2/z_boss_ganon2.c	data	3	D_8090EB30	D_8090EB30	BOTH	0.00
soh/src/overlays/actors/ovl_Boss_Ganon2/z_boss_ganon2.c	data	8	D_809105D8	D_809105D8	BOTH	0.00
soh/src/overlays/actors/ovl_Boss_Ganon2/z_boss_ganon2.c	data	9	D_80910608	D_80910608	BOTH	0.00
soh/src/overlays/actors/ovl_Boss_Ganon2/z_boss_ganon2.c	data	10	D_80910638	D_80910638	BOTH	0.00
soh/src/overlays/actors/ovl_Boss_Ganon2/z_boss_ganon2_data.c	data	0	D_80906D60	D_80906D60	BOTH	0.00
soh/src/overlays/actors/ovl_Boss_Ganon2/z_boss_ganon2_data.c	data	1	D_80906D6C	D_80906D6C	BOTH	0.00
soh/src/overlays/actors/ovl_Boss_Ganon2/z_boss_ganon2_data.c	data	2	D_80906D78	D_80906D78	BOTH	0.00
soh/src/overlays/actors/ovl_Boss_Ganon2/z_boss_ganon2_data.c	data	7	D_8090702C	D_8090702C	BOTH	0.00
soh/src/overlays/actors/ovl_Boss_Ganon2/z_boss_ganon2_data.c	data	8	D_80907050	D_80907050	BOTH	0.00
soh/src/overlays/actors/ovl_Boss_Ganon2/z_boss_ganon2_data.c	data	9	D_80907074	D_80907074	BOTH	0.00
soh/src/overlays/actors/ovl_Boss_Ganon2/z_boss_ganon2_data.c	data	10	D_80907080	D_80907080	BOTH	0.00
soh/src/overlays/actors/ovl_Boss_Ganon2/z_boss_ganon2_data.c	data	11	D_80907084	D_80907084	BOTH	0.00
soh/src/overlays/actors/ovl_Boss_Ganon2/z_boss_ganon2_data.c	data	12	D_80907090	D_80907090	BOTH	0.00
soh/src/overlays/actors/ovl_Boss_Ganon2/z_boss_ganon2_data.c	data	13	D_8090709C	D_8090709C	BOTH	0.00
soh/src/overlays/actors/ovl_Boss_Ganon2/z_boss_ganon2_data.c	data	14	D_809070CC	D_809070CC	BOTH	0.00
soh/src/overlays/actors/ovl_Boss_Ganon2/z_boss_ganon2_data.c	data	15	D_809070FC	D_809070FC	BOTH	0.00
soh/src/overlays/actors/ovl_Boss_Ganon2/z_boss_ganon2_data.c	data	16	D_80907108	D_80907108	BOTH	0.00
soh/src/overlays/actors/ovl_Boss_Ganon2/z_boss_ganon2_data.c	data	17	D_80907114	D_80907114	BOTH	0.00
soh/src/overlays/actors/ovl_Boss_Ganon2/z_boss_ganon2_data.c	data	18	D_80907120	D_80907120	BOTH	0.00
soh/src/overlays/actors/ovl_Boss_Ganon2/z_boss_ganon2_data.c	data	19	D_8090712C	D_8090712C	BOTH	0.00
soh/src/overlays/actors/ovl_Boss_Ganon2/z_boss_ganon2_data.c	data	20	D_80907138	D_80907138	BOTH	0.00
soh/src/overlays/actors/ovl_Boss_Ganon2/z_boss_ganon2_data.c	data	21	D_80907144	D_80907144	BOTH	0.00
soh/src/overlays/actors/ovl_Boss_Ganon2/z_boss_ganon2_data.c	data	22	D_80907164	D_80907164	BOTH	0.00
soh/src/overlays/actors/ovl_Boss_Ganon2/z_boss_ganon2_data.c	data	24	D_8090717C	D_8090717C	BOTH	0.00
soh/src/overlays/actors/ovl_Boss_Ganon2/z_boss_ganon2_data.c	data	25	D_80907188	D_80907188	BOTH	0.00
soh/src/overlays/actors/ovl_Boss_Ganon2/z_boss_ganon2_data.c	data	26	D_80907194	D_80907194	BOTH	0.00
soh/src/overlays/actors/ovl_Boss_Ganon2/z_boss_ganon2_data.c	data	27	D_809071A4	D_809071A4	BOTH	0.00
soh/src/overlays/actors/ovl_Boss_Ganon2/z_boss_ganon2_data.c	data	28	D_809071B4	D_809071B4	BOTH	0.00
soh/src/overlays/actors/ovl_Boss_Ganon2/z_boss_ganon2_data.c	data	29	D_809071CC	D_809071CC	BOTH	0.00
soh/src/overlays/actors/ovl_Boss_Ganon2/z_boss_ganon2_data.c	data	30	D_809071EC	D_809071EC	BOTH	0.00
soh/src/overlays/actors/ovl_Boss_Tw/z_boss_tw.c	func	50	func_80941BC0	func_80941BC0	BOTH	0.00
soh/src/overlays/actors/ovl_Boss_Tw/z_boss_tw.c	func	51	func_80942180	func_80942180	BOTH	0.00
soh/src/overlays/actors/ovl_Boss_Tw/z_boss_tw.c	func	52	func_809426F0	func_809426F0	BOTH	0.00
soh/src/overlays/actors/ovl_Boss_Tw/z_boss_tw.c	func	53	func_80942C70	func_80942C70	BOTH	0.00
soh/src/overlays/actors/ovl_Boss_Tw/z_boss_tw.c	func	54	func_80943028	func_80943028	BOTH	0.00
soh/src/overlays/actors/ovl_Boss_Tw/z_boss_tw.c	func	60	func_80944C50	func_80944C50	BOTH	0.00
soh/src/overlays/actors/ovl_Boss_Tw/z_boss_tw.c	data	1	D_8094A7D0	D_8094A7D0	BOTH	0.00
soh/src/overlays/actors/ovl_Boss_Tw/z_boss_tw.c	data	15	D_8094C854	D_8094C854	BOTH	0.00
soh/src/overlays/actors/ovl_Boss_Tw/z_boss_tw.c	data	16	D_8094C858	D_8094C858	BOTH	0.00
soh/src/overlays/actors/ovl_Boss_Tw/z_boss_tw.c	data	24	D_8094C86F	D_8094C86F	BOTH	0.00
soh/src/overlays/actors/ovl_Boss_Tw/z_boss_tw.c	data	25	D_8094C870	D_8094C870	BOTH	0.00
soh/src/overlays/actors/ovl_Boss_Tw/z_boss_tw.c	data	26	D_8094C872	D_8094C872	BOTH	0.00
soh/src/overlays/actors/ovl_Boss_Tw/z_boss_tw.c	data	27	D_8094C874	D_8094C874	BOTH	0.00
soh/src/overlays/actors/ovl_Boss_Tw/z_boss_tw.c	data	28	D_8094C876	D_8094C876	BOTH	0.00
soh/src/overlays/actors/ovl_Boss_Tw/z_boss_tw.c	data	29	D_8094C878	D_8094C878	BOTH	0.00
soh/src/overlays/actors/ovl_Boss_Tw/z_boss_tw.c	data	30	D_8094C87A	D_8094C87A	BOTH	0.00
soh/src/overlays/actors/ovl_Boss_Tw/z_boss_tw.c	data	31	D_8094C87C	D_8094C87C	BOTH	0.00
soh/src/overlays/actors/ovl_Boss_Tw/z_boss_tw.c	data	32	D_8094C87E	D_8094C87E	BOTH	0.00
soh/src/overlays/actors/ovl_Boss_Tw/z_boss_tw.c	data	34	D_8094A900	D_8094A900	BOTH	0.00
soh/src/overlays/actors/ovl_Boss_Tw/z_boss_tw.c	data	35	D_8094A90C	D_8094A90C	BOTH	0.00
soh/src/overlays/actors/ovl_Demo_6K/z_demo_6k.c	func	4	func_80966E04	func_80966E04	BOTH	0.00
soh/src/overlays/actors/ovl_Demo_6K/z_demo_6k.c	func	5	func_80966E98	func_80966E98	BOTH	0.00
soh/src/overlays/actors/ovl_Demo_6K/z_demo_6k.c	func	6	func_80966F84	func_80966F84	BOTH	0.00
soh/src/overlays/actors/ovl_Demo_6K/z_demo_6k.c	func	7	func_809670AC	func_809670AC	BOTH	0.00
soh/src/overlays/actors/ovl_Demo_6K/z_demo_6k.c	func	8	func_8096712C	func_8096712C	BOTH	0.00
soh/src/overlays/actors/ovl_Demo_6K/z_demo_6k.c	func	9	func_80967244	func_80967244	BOTH	0.00
soh/src/overlays/actors/ovl_Demo_6K/z_demo_6k.c	func	10	func_80967410	func_80967410	BOTH	0.00
soh/src/overlays/actors/ovl_Demo_6K/z_demo_6k.c	func	11	func_809674E0	func_809674E0	BOTH	0.00
soh/src/overlays/actors/ovl_Demo_6K/z_demo_6k.c	func	12	func_809676A4	func_809676A4	BOTH	0.00
soh/src/overlays/actors/ovl_Demo_6K/z_demo_6k.c	func	13	func_8096784C	func_8096784C	BOTH	0.00
soh/src/overlays/actors/ovl_Demo_6K/z_demo_6k.c	func	14	func_80967A04	func_80967A04	BOTH	0.00
soh/src/overlays/actors/ovl_Demo_6K/z_demo_6k.c	func	15	func_80967AD0	func_80967AD0	BOTH	0.00
soh/src/overlays/actors/ovl_Demo_6K/z_demo_6k.c	func	16	func_80967BF8	func_80967BF8	BOTH	0.00
soh/src/overlays/actors/ovl_Demo_6K/z_demo_6k.c	func	17	func_80967DBC	func_80967DBC	BOTH	0.00
soh/src/overlays/actors/ovl_Demo_6K/z_demo_6k.c	func	18	func_80967F10	func_80967F10	BOTH	0.00
soh/src/overlays/actors/ovl_Demo_6K/z_demo_6k.c	func	20	func_80967FFC	func_80967FFC	BOTH	0.00
soh/src/overlays/actors/ovl_Demo_6K/z_demo_6k.c	func	21	func_80968298	func_80968298	BOTH	0.00
soh/src/overlays/actors/ovl_Demo_6K/z_demo_6k.c	func	22	func_8096865C	func_8096865C	BOTH	0.00
soh/src/overlays/actors/ovl_Demo_6K/z_demo_6k.c	func	23	func_809688C4	func_809688C4	BOTH	0.00
soh/src/overlays/actors/ovl_Demo_6K/z_demo_6k.c	func	24	func_80968B70	func_80968B70	BOTH	0.00
soh/src/overlays/actors/ovl_Demo_6K/z_demo_6k.c	func	25	func_80968FB0	func_80968FB0	BOTH	0.00
soh/src/overlays/actors/ovl_Demo_6K/z_demo_6k.c	func	26	func_809691BC	func_809691BC	BOTH	0.00
soh/src/overlays/actors/ovl_Demo_6K/z_demo_6k.c	data	3	D_8096930C	D_8096930C	BOTH	0.00
soh/src/overlays/actors/ovl_Demo_6K/z_demo_6k.c	data	4	D_8096931C	D_8096931C	BOTH	0.00
soh/src/overlays/actors/ovl_Demo_Du/z_demo_du.c	func	12	func_80969DDC	func_80969DDC	BOTH	0.00
soh/src/overlays/actors/ovl_Demo_Du/z_demo_du.c	func	15	func_80969F38	func_80969F38	BOTH	0.00
soh/src/overlays/actors/ovl_Demo_Du/z_demo_du.c	func	16	func_80969FB4	func_80969FB4	BOTH	0.00
soh/src/overlays/actors/ovl_Demo_Du/z_demo_du.c	func	38	func_8096A630	func_8096A630	BOTH	0.00
soh/src/overlays/actors/ovl_Demo_Du/z_demo_du.c	data	2	D_8096CE94	-	UNSAFE	0.00
soh/src/overlays/actors/ovl_Demo_Du/z_demo_du_cutscene_data.c	data	0	D_8096C1A4	D_8096C1A4	BOTH	0.00
soh/src/overlays/actors/ovl_Demo_Ec/z_demo_ec.c	func	4	func_8096D594	func_8096D594	BOTH	0.00
soh/src/overlays/actors/ovl_Demo_Ec/z_demo_ec.c	func	5	func_8096D5D4	func_8096D5D4	BOTH	0.00
soh/src/overlays/actors/ovl_Demo_Ec/z_demo_ec.c	func	6	func_8096D64C	func_8096D64C	BOTH	0.00
soh/src/overlays/actors/ovl_Demo_Ec/z_demo_ec.c	func	67	func_8096F1D4	func_8096F1D4	BOTH	0.00
soh/src/overlays/actors/ovl_Demo_Ec/z_demo_ec.c	func	68	func_8096F224	func_8096F224	BOTH	0.00
soh/src/overlays/actors/ovl_Demo_Ec/z_demo_ec.c	func	69	func_8096F26C	func_8096F26C	BOTH	0.00
soh/src/overlays/actors/ovl_Demo_Ec/z_demo_ec.c	func	70	func_8096F2B0	func_8096F2B0	BOTH	0.00
soh/src/overlays/actors/ovl_Demo_Ec/z_demo_ec.c	func	72	func_8096F378	func_8096F378	BOTH	0.00
soh/src/overlays/actors/ovl_Demo_Ec/z_demo_ec.c	func	73	func_8096F3D4	func_8096F3D4	BOTH	0.00
soh/src/overlays/actors/ovl_Demo_Ec/z_demo_ec.c	func	76	func_8096F4FC	func_8096F4FC	BOTH	0.00
soh/src/overlays/actors/ovl_Demo_Ec/z_demo_ec.c	func	77	func_8096F544	func_8096F544	BOTH	0.00
soh/src/overlays/actors/ovl_Demo_Ec/z_demo_ec.c	func	78	func_8096F578	func_8096F578	BOTH	0.00
soh/src/overlays/actors/ovl_Demo_Ec/z_demo_ec.c	func	80	func_8096F640	func_8096F640	BOTH	0.00
soh/src/overlays/actors/ovl_Demo_Geff/z_demo_geff.c	func	2	func_80977EA8	func_80977EA8	BOTH	0.00
soh/src/overlays/actors/ovl_Demo_Geff/z_demo_geff.c	func	3	func_80977F80	func_80977F80	BOTH	0.00
soh/src/overlays/actors/ovl_Demo_Geff/z_demo_geff.c	func	4	func_80978030	func_80978030	BOTH	0.00
soh/src/overlays/actors/ovl_Demo_Geff/z_demo_geff.c	func	5	func_809781FC	func_809781FC	BOTH	0.00
soh/src/overlays/actors/ovl_Demo_Geff/z_demo_geff.c	func	6	func_809782A0	func_809782A0	BOTH	0.00
soh/src/overlays/actors/ovl_Demo_Geff/z_demo_geff.c	func	7	func_80978308	func_80978308	BOTH	0.00
soh/src/overlays/actors/ovl_Demo_Geff/z_demo_geff.c	func	8	func_80978344	func_80978344	BOTH	0.00
soh/src/overlays/actors/ovl_Demo_Geff/z_demo_geff.c	func	9	func_80978370	func_80978370	BOTH	0.00
soh/src/overlays/actors/ovl_Demo_Geff/z_demo_geff.c	func	10	func_809783D4	func_809783D4	BOTH	0.00
soh/src/overlays/actors/ovl_Demo_Geff/z_demo_geff.c	func	12	func_809784D4	func_809784D4	BOTH	0.00
soh/src/overlays/actors/ovl_Demo_Gj/z_demo_gj.c	func	18	func_809797E4	func_809797E4	BOTH	0.00
soh/src/overlays/actors/ovl_Demo_Gj/z_demo_gj.c	func	24	func_8097A000	func_8097A000	BOTH	0.00
soh/src/overlays/actors/ovl_Demo_Gj/z_demo_gj.c	func	26	func_8097A0E4	func_8097A0E4	BOTH	0.00
soh/src/overlays/actors/ovl_Demo_Gj/z_demo_gj.c	func	27	func_8097A130	func_8097A130	BOTH	0.00
soh/src/overlays/actors/ovl_Demo_Gj/z_demo_gj.c	func	33	func_8097A238	func_8097A238	BOTH	0.00
soh/src/overlays/actors/ovl_Demo_Gj/z_demo_gj.c	func	35	func_8097A320	func_8097A320	BOTH	0.00
soh/src/overlays/actors/ovl_Demo_Gj/z_demo_gj.c	func	36	func_8097A36C	func_8097A36C	BOTH	0.00
soh/src/overlays/actors/ovl_Demo_Gj/z_demo_gj.c	func	42	func_8097A474	func_8097A474	BOTH	0.00
soh/src/overlays/actors/ovl_Demo_Gj/z_demo_gj.c	func	43	func_8097A4F0	func_8097A4F0	BOTH	0.00
soh/src/overlays/actors/ovl_Demo_Gj/z_demo_gj.c	func	44	func_8097A53C	func_8097A53C	BOTH	0.00
soh/src/overlays/actors/ovl_Demo_Gj/z_demo_gj.c	func	50	func_8097A644	func_8097A644	BOTH	0.00
soh/src/overlays/actors/ovl_Demo_Gj/z_demo_gj.c	func	51	func_8097A6C0	func_8097A6C0	BOTH	0.00
soh/src/overlays/actors/ovl_Demo_Gj/z_demo_gj.c	func	52	func_8097A70C	func_8097A70C	BOTH	0.00
soh/src/overlays/actors/ovl_Demo_Gj/z_demo_gj.c	func	58	func_8097A814	func_8097A814	BOTH	0.00
soh/src/overlays/actors/ovl_Demo_Gj/z_demo_gj.c	func	59	func_8097A890	func_8097A890	BOTH	0.00
soh/src/overlays/actors/ovl_Demo_Gj/z_demo_gj.c	func	60	func_8097A8DC	func_8097A8DC	BOTH	0.00
soh/src/overlays/actors/ovl_Demo_Gj/z_demo_gj.c	func	66	func_8097A9E4	func_8097A9E4	BOTH	0.00
soh/src/overlays/actors/ovl_Demo_Gj/z_demo_gj.c	func	67	func_8097AA60	func_8097AA60	BOTH	0.00
soh/src/overlays/actors/ovl_Demo_Gj/z_demo_gj.c	func	68	func_8097AAAC	func_8097AAAC	BOTH	0.00
soh/src/overlays/actors/ovl_Demo_Gj/z_demo_gj.c	func	74	func_8097ABB4	func_8097ABB4	BOTH	0.00
soh/src/overlays/actors/ovl_Demo_Gj/z_demo_gj.c	func	76	func_8097AC9C	func_8097AC9C	BOTH	0.00
soh/src/overlays/actors/ovl_Demo_Gj/z_demo_gj.c	func	77	func_8097ACE8	func_8097ACE8	BOTH	0.00
soh/src/overlays/actors/ovl_Demo_Gj/z_demo_gj.c	func	87	func_8097AEE8	func_8097AEE8	BOTH	0.00
soh/src/overlays/actors/ovl_Demo_Gj/z_demo_gj.c	func	90	func_8097B128	func_8097B128	BOTH	0.00
soh/src/overlays/actors/ovl_Demo_Gj/z_demo_gj.c	func	92	func_8097B22C	func_8097B22C	BOTH	0.00
soh/src/overlays/actors/ovl_Demo_Gj/z_demo_gj.c	func	98	func_8097B450	func_8097B450	BOTH	0.00
soh/src/overlays/actors/ovl_Demo_Gj/z_demo_gj.c	func	102	func_8097B6C4	func_8097B6C4	BOTH	0.00
soh/src/overlays/actors/ovl_Demo_Gj/z_demo_gj.c	func	103	func_8097B750	func_8097B750	BOTH	0.00
soh/src/overlays/actors/ovl_Demo_Gj/z_demo_gj.c	func	110	func_8097B9BC	func_8097B9BC	BOTH	0.00
soh/src/overlays/actors/ovl_Demo_Gj/z_demo_gj.c	func	111	func_8097BA48	func_8097BA48	BOTH	0.00
soh/src/overlays/actors/ovl_Demo_Go/z_demo_go.c	func	1	func_8097C8A8	func_8097C8A8	BOTH	0.00
soh/src/overlays/actors/ovl_Demo_Go/z_demo_go.c	func	3	func_8097C930	func_8097C930	BOTH	0.00
soh/src/overlays/actors/ovl_Demo_Go/z_demo_go.c	func	4	func_8097C9B8	func_8097C9B8	BOTH	0.00
soh/src/overlays/actors/ovl_Demo_Go/z_demo_go.c	func	5	func_8097C9DC	func_8097C9DC	BOTH	0.00
soh/src/overlays/actors/ovl_Demo_Go/z_demo_go.c	func	6	func_8097CA30	func_8097CA30	BOTH	0.00
soh/src/overlays/actors/ovl_Demo_Go/z_demo_go.c	func	7	func_8097CA78	func_8097CA78	BOTH	0.00
soh/src/overlays/actors/ovl_Demo_Go/z_demo_go.c	func	8	func_8097CB0C	func_8097CB0C	BOTH	0.00
soh/src/overlays/actors/ovl_Demo_Go/z_demo_go.c	func	9	func_8097CC08	func_8097CC08	BOTH	0.00
soh/src/overlays/actors/ovl_Demo_Go/z_demo_go.c	func	10	func_8097CCC0	func_8097CCC0	BOTH	0.00
soh/src/overlays/actors/ovl_Demo_Go/z_demo_go.c	func	11	func_8097CCE0	func_8097CCE0	BOTH	0.00
soh/src/overlays/actors/ovl_Demo_Go/z_demo_go.c	func	13	func_8097CDB0	func_8097CDB0	BOTH	0.00
soh/src/overlays/actors/ovl_Demo_Go/z_demo_go.c	func	14	func_8097CE10	func_8097CE10	BOTH	0.00
soh/src/overlays/actors/ovl_Demo_Go/z_demo_go.c	func	15	func_8097CE20	func_8097CE20	BOTH	0.00
soh/src/overlays/actors/ovl_Demo_Go/z_demo_go.c	func	16	func_8097CE78	func_8097CE78	BOTH	0.00
soh/src/overlays/actors/ovl_Demo_Go/z_demo_go.c	func	17	func_8097CEEC	func_8097CEEC	BOTH	0.00
soh/src/overlays/actors/ovl_Demo_Go/z_demo_go.c	func	18	func_8097CF20	func_8097CF20	BOTH	0.00
soh/src/overlays/actors/ovl_Demo_Go/z_demo_go.c	func	19	func_8097CF9C	func_8097CF9C	BOTH	0.00
soh/src/overlays/actors/ovl_Demo_Go/z_demo_go.c	func	20	func_8097CFDC	func_8097CFDC	BOTH	0.00
soh/src/overlays/actors/ovl_Demo_Go/z_demo_go.c	func	21	func_8097CFFC	func_8097CFFC	BOTH	0.00
soh/src/overlays/actors/ovl_Demo_Go/z_demo_go.c	func	22	func_8097D01C	func_8097D01C	BOTH	0.00
soh/src/overlays/actors/ovl_Demo_Go/z_demo_go.c	func	23	func_8097D058	func_8097D058	BOTH	0.00
soh/src/overlays/actors/ovl_Demo_Go/z_demo_go.c	func	24	func_8097D088	func_8097D088	BOTH	0.00
soh/src/overlays/actors/ovl_Demo_Go/z_demo_go.c	func	25	func_8097D0D0	func_8097D0D0	BOTH	0.00
soh/src/overlays/actors/ovl_Demo_Go/z_demo_go.c	func	26	func_8097D130	func_8097D130	BOTH	0.00
soh/src/overlays/actors/ovl_Demo_Go/z_demo_go.c	func	29	func_8097D290	func_8097D290	BOTH	0.00
soh/src/overlays/actors/ovl_Demo_Go/z_demo_go.c	func	30	func_8097D29C	func_8097D29C	BOTH	0.00
soh/src/overlays/actors/ovl_Demo_Go/z_demo_go.c	data	1	D_8097D44C	D_8097D44C	BOTH	0.00
soh/src/overlays/actors/ovl_Demo_Go/z_demo_go.c	data	2	D_8097D468	D_8097D468	BOTH	0.00
soh/src/overlays/actors/ovl_Demo_Gt/z_demo_gt.c	func	6	func_8097D7D8	func_8097D7D8	BOTH	0.00
soh/src/overlays/actors/ovl_Demo_Gt/z_demo_gt.c	func	10	func_8097DAC8	func_8097DAC8	BOTH	0.00
soh/src/overlays/actors/ovl_Demo_Gt/z_demo_gt.c	func	11	func_8097DD28	func_8097DD28	BOTH	0.00
soh/src/overlays/actors/ovl_Demo_Gt/z_demo_gt.c	func	12	func_8097DF70	func_8097DF70	BOTH	0.00
soh/src/overlays/actors/ovl_Demo_Gt/z_demo_gt.c	func	13	func_8097E1D4	func_8097E1D4	BOTH	0.00
soh/src/overlays/actors/ovl_Demo_Gt/z_demo_gt.c	func	14	func_8097E454	func_8097E454	BOTH	0.00
soh/src/overlays/actors/ovl_Demo_Gt/z_demo_gt.c	func	17	func_8097E704	func_8097E704	BOTH	0.00
soh/src/overlays/actors/ovl_Demo_Gt/z_demo_gt.c	func	18	func_8097E744	func_8097E744	BOTH	0.00
soh/src/overlays/actors/ovl_Demo_Gt/z_demo_gt.c	func	19	func_8097E824	func_8097E824	BOTH	0.00
soh/src/overlays/actors/ovl_Demo_Gt/z_demo_gt.c	func	20	func_8097ED64	func_8097ED64	BOTH	0.00
soh/src/overlays/actors/ovl_Demo_Gt/z_demo_gt.c	func	22	func_8097EDD8	func_8097EDD8	BOTH	0.00
soh/src/overlays/actors/ovl_Demo_Gt/z_demo_gt.c	func	23	func_8097EE44	func_8097EE44	BOTH	0.00
soh/src/overlays/actors/ovl_Demo_Gt/z_demo_gt.c	func	25	func_8097EF00	func_8097EF00	BOTH	0.00
soh/src/overlays/actors/ovl_Demo_Gt/z_demo_gt.c	func	26	func_8097EF34	func_8097EF34	BOTH	0.00
soh/src/overlays/actors/ovl_Demo_Gt/z_demo_gt.c	func	27	func_8097EF40	func_8097EF40	BOTH	0.00
soh/src/overlays/actors/ovl_Demo_Gt/z_demo_gt.c	func	28	func_8097F0AC	func_8097F0AC	BOTH	0.00
soh/src/overlays/actors/ovl_Demo_Gt/z_demo_gt.c	func	29	func_8097F19C	func_8097F19C	BOTH	0.00
soh/src/overlays/actors/ovl_Demo_Gt/z_demo_gt.c	func	30	func_8097F1D8	func_8097F1D8	BOTH	0.00
soh/src/overlays/actors/ovl_Demo_Gt/z_demo_gt.c	func	31	func_8097F280	func_8097F280	BOTH	0.00
soh/src/overlays/actors/ovl_Demo_Gt/z_demo_gt.c	func	32	func_8097F3EC	func_8097F3EC	BOTH	0.00
soh/src/overlays/actors/ovl_Demo_Gt/z_demo_gt.c	func	37	func_8097F960	func_8097F960	BOTH	0.00
soh/src/overlays/actors/ovl_Demo_Gt/z_demo_gt.c	func	38	func_8097F96C	func_8097F96C	BOTH	0.00
soh/src/overlays/actors/ovl_Demo_Gt/z_demo_gt.c	func	39	func_8097FA1C	func_8097FA1C	BOTH	0.00
soh/src/overlays/actors/ovl_Demo_Gt/z_demo_gt.c	func	40	func_8097FAFC	func_8097FAFC	BOTH	0.00
soh/src/overlays/actors/ovl_Demo_Gt/z_demo_gt.c	func	41	func_8097FC1C	func_8097FC1C	BOTH	0.00
soh/src/overlays/actors/ovl_Demo_Gt/z_demo_gt.c	func	42	func_8097FCE4	func_8097FCE4	BOTH	0.00
soh/src/overlays/actors/ovl_Demo_Gt/z_demo_gt.c	func	43	func_8097FD70	func_8097FD70	BOTH	0.00
soh/src/overlays/actors/ovl_Demo_Gt/z_demo_gt.c	func	44	func_8097FDDC	func_8097FDDC	BOTH	0.00
soh/src/overlays/actors/ovl_Demo_Gt/z_demo_gt.c	func	45	func_8097FED8	func_8097FED8	BOTH	0.00
soh/src/overlays/actors/ovl_Demo_Gt/z_demo_gt.c	func	50	func_8098016C	func_8098016C	BOTH	0.00
soh/src/overlays/actors/ovl_Demo_Gt/z_demo_gt.c	func	51	func_80980178	func_80980178	BOTH	0.00
soh/src/overlays/actors/ovl_Demo_Gt/z_demo_gt.c	func	52	func_80980184	func_80980184	BOTH	0.00
soh/src/overlays/actors/ovl_Demo_Gt/z_demo_gt.c	func	53	func_80980218	func_80980218	BOTH	0.00
soh/src/overlays/actors/ovl_Demo_Gt/z_demo_gt.c	func	54	func_809802AC	func_809802AC	BOTH	0.00
soh/src/overlays/actors/ovl_Demo_Gt/z_demo_gt.c	func	55	func_8098036C	func_8098036C	BOTH	0.00
soh/src/overlays/actors/ovl_Demo_Gt/z_demo_gt.c	func	56	func_80980430	func_80980430	BOTH	0.00
soh/src/overlays/actors/ovl_Demo_Gt/z_demo_gt.c	func	57	func_80980504	func_80980504	BOTH	0.00
soh/src/overlays/actors/ovl_Demo_Gt/z_demo_gt.c	func	58	func_809805D8	func_809805D8	BOTH	0.00
soh/src/overlays/actors/ovl_Demo_Gt/z_demo_gt.c	func	59	func_809806B8	func_809806B8	BOTH	0.00
soh/src/overlays/actors/ovl_Demo_Gt/z_demo_gt.c	func	60	func_8098078C	func_8098078C	BOTH	0.00
soh/src/overlays/actors/ovl_Demo_Gt/z_demo_gt.c	func	61	func_8098085C	func_8098085C	BOTH	0.00
soh/src/overlays/actors/ovl_Demo_Gt/z_demo_gt.c	func	62	func_809809C0	func_809809C0	BOTH	0.00
soh/src/overlays/actors/ovl_Demo_Gt/z_demo_gt.c	func	63	func_80980AD4	func_80980AD4	BOTH	0.00
soh/src/overlays/actors/ovl_Demo_Gt/z_demo_gt.c	func	64	func_80980B68	func_80980B68	BOTH	0.00
soh/src/overlays/actors/ovl_Demo_Gt/z_demo_gt.c	func	65	func_80980BFC	func_80980BFC	BOTH	0.00
soh/src/overlays/actors/ovl_Demo_Gt/z_demo_gt.c	func	66	func_80980C90	func_80980C90	BOTH	0.00
soh/src/overlays/actors/ovl_Demo_Gt/z_demo_gt.c	func	67	func_80980D74	func_80980D74	BOTH	0.00
soh/src/overlays/actors/ovl_Demo_Gt/z_demo_gt.c	func	72	func_80980F58	func_80980F58	BOTH	0.00
soh/src/overlays/actors/ovl_Demo_Gt/z_demo_gt.c	func	73	func_80980F8C	func_80980F8C	BOTH	0.00
soh/src/overlays/actors/ovl_Demo_Gt/z_demo_gt.c	func	74	func_8098103C	func_8098103C	BOTH	0.00
soh/src/overlays/actors/ovl_Demo_Gt/z_demo_gt.c	func	80	func_80981424	func_80981424	BOTH	0.00
soh/src/overlays/actors/ovl_Demo_Gt/z_demo_gt.c	func	81	func_80981458	func_80981458	BOTH	0.00
soh/src/overlays/actors/ovl_Demo_Gt/z_demo_gt.c	func	82	func_80981524	func_80981524	BOTH	0.00
soh/src/overlays/actors/ovl_Demo_Gt/z_demo_gt.c	func	88	func_809818FC	func_809818FC	BOTH	0.00
soh/src/overlays/actors/ovl_Demo_Gt/z_demo_gt.c	func	89	func_80981930	func_80981930	BOTH	0.00
soh/src/overlays/actors/ovl_Demo_Gt/z_demo_gt.c	func	95	func_80981CEC	func_80981CEC	BOTH	0.00
soh/src/overlays/actors/ovl_Demo_Gt/z_demo_gt.c	func	96	func_80981D20	func_80981D20	BOTH	0.00
soh/src/overlays/actors/ovl_Demo_Gt/z_demo_gt.c	func	97	func_80981DC8	func_80981DC8	BOTH	0.00
soh/src/overlays/actors/ovl_Demo_Gt/z_demo_gt.c	func	102	func_809820AC	func_809820AC	BOTH	0.00
soh/src/overlays/actors/ovl_Demo_Gt/z_demo_gt.c	func	103	func_809820E0	func_809820E0	BOTH	0.00
soh/src/overlays/actors/ovl_Demo_Gt/z_demo_gt.c	func	104	func_80982188	func_80982188	BOTH	0.00
soh/src/overlays/actors/ovl_Demo_Ik/z_demo_ik.c	func	14	func_8098393C	func_8098393C	BOTH	0.00
soh/src/overlays/actors/ovl_Demo_Ik/z_demo_ik.c	func	15	func_8098394C	func_8098394C	BOTH	0.00
soh/src/overlays/actors/ovl_Demo_Ik/z_demo_ik.c	func	16	func_809839AC	func_809839AC	BOTH	0.00
soh/src/overlays/actors/ovl_Demo_Ik/z_demo_ik.c	func	17	func_809839D0	func_809839D0	BOTH	0.00
soh/src/overlays/actors/ovl_Demo_Ik/z_demo_ik.c	func	26	func_80983FDC	func_80983FDC	BOTH	0.00
soh/src/overlays/actors/ovl_Demo_Ik/z_demo_ik.c	func	27	func_80983FEC	func_80983FEC	BOTH	0.00
soh/src/overlays/actors/ovl_Demo_Ik/z_demo_ik.c	func	28	func_8098402C	func_8098402C	BOTH	0.00
soh/src/overlays/actors/ovl_Demo_Ik/z_demo_ik.c	func	29	func_80984048	func_80984048	BOTH	0.00
soh/src/overlays/actors/ovl_Demo_Im/z_demo_im.c	func	0	func_80984BE0	func_80984BE0	BOTH	0.00
soh/src/overlays/actors/ovl_Demo_Im/z_demo_im.c	func	1	func_80984C68	func_80984C68	BOTH	0.00
soh/src/overlays/actors/ovl_Demo_Im/z_demo_im.c	func	2	func_80984C8C	func_80984C8C	BOTH	0.00
soh/src/overlays/actors/ovl_Demo_Im/z_demo_im.c	func	6	func_80984DB8	func_80984DB8	BOTH	0.00
soh/src/overlays/actors/ovl_Demo_Im/z_demo_im.c	func	7	func_80984E58	func_80984E58	BOTH	0.00
soh/src/overlays/actors/ovl_Demo_Im/z_demo_im.c	func	8	func_80984F10	func_80984F10	BOTH	0.00
soh/src/overlays/actors/ovl_Demo_Im/z_demo_im.c	func	9	func_80984F94	func_80984F94	BOTH	0.00
soh/src/overlays/actors/ovl_Demo_Im/z_demo_im.c	func	14	func_809850E8	func_809850E8	BOTH	0.00
soh/src/overlays/actors/ovl_Demo_Im/z_demo_im.c	func	15	func_80985134	func_80985134	BOTH	0.00
soh/src/overlays/actors/ovl_Demo_Im/z_demo_im.c	func	16	func_80985180	func_80985180	BOTH	0.00
soh/src/overlays/actors/ovl_Demo_Im/z_demo_im.c	func	17	func_80985200	func_80985200	BOTH	0.00
soh/src/overlays/actors/ovl_Demo_Im/z_demo_im.c	func	19	func_80985310	func_80985310	BOTH	0.00
soh/src/overlays/actors/ovl_Demo_Im/z_demo_im.c	func	20	func_80985358	func_80985358	BOTH	0.00
soh/src/overlays/actors/ovl_Demo_Im/z_demo_im.c	func	21	func_809853B4	func_809853B4	BOTH	0.00
soh/src/overlays/actors/ovl_Demo_Im/z_demo_im.c	func	22	func_80985430	func_80985430	BOTH	0.00
soh/src/overlays/actors/ovl_Demo_Im/z_demo_im.c	func	23	func_8098544C	func_8098544C	BOTH	0.00
soh/src/overlays/actors/ovl_Demo_Im/z_demo_im.c	func	24	func_809854DC	func_809854DC	BOTH	0.00
soh/src/overlays/actors/ovl_Demo_Im/z_demo_im.c	func	25	func_8098557C	func_8098557C	BOTH	0.00
soh/src/overlays/actors/ovl_Demo_Im/z_demo_im.c	func	26	func_809855A8	func_809855A8	BOTH	0.00
soh/src/overlays/actors/ovl_Demo_Im/z_demo_im.c	func	27	func_80985640	func_80985640	BOTH	0.00
soh/src/overlays/actors/ovl_Demo_Im/z_demo_im.c	func	28	func_809856AC	func_809856AC	BOTH	0.00
soh/src/overlays/actors/ovl_Demo_Im/z_demo_im.c	func	29	func_809856F8	func_809856F8	BOTH	0.00
soh/src/overlays/actors/ovl_Demo_Im/z_demo_im.c	func	30	func_80985718	func_80985718	BOTH	0.00
soh/src/overlays/actors/ovl_Demo_Im/z_demo_im.c	func	31	func_80985738	func_80985738	BOTH	0.00
soh/src/overlays/actors/ovl_Demo_Im/z_demo_im.c	func	32	func_80985770	func_80985770	BOTH	0.00
soh/src/overlays/actors/ovl_Demo_Im/z_demo_im.c	func	33	func_809857B0	func_809857B0	BOTH	0.00
soh/src/overlays/actors/ovl_Demo_Im/z_demo_im.c	func	34	func_809857F0	func_809857F0	BOTH	0.00
soh/src/overlays/actors/ovl_Demo_Im/z_demo_im.c	func	35	func_80985830	func_80985830	BOTH	0.00
soh/src/overlays/actors/ovl_Demo_Im/z_demo_im.c	func	36	func_80985860	func_80985860	BOTH	0.00
soh/src/overlays/actors/ovl_Demo_Im/z_demo_im.c	func	37	func_809858A8	func_809858A8	BOTH	0.00
soh/src/overlays/actors/ovl_Demo_Im/z_demo_im.c	func	39	func_80985948	func_80985948	BOTH	0.00
soh/src/overlays/actors/ovl_Demo_Im/z_demo_im.c	func	40	func_809859E0	func_809859E0	BOTH	0.00
soh/src/overlays/actors/ovl_Demo_Im/z_demo_im.c	func	41	func_80985B34	func_80985B34	BOTH	0.00
soh/src/overlays/actors/ovl_Demo_Im/z_demo_im.c	func	42	func_80985C10	func_80985C10	BOTH	0.00
soh/src/overlays/actors/ovl_Demo_Im/z_demo_im.c	func	43	func_80985C40	func_80985C40	BOTH	0.00
soh/src/overlays/actors/ovl_Demo_Im/z_demo_im.c	func	44	func_80985C94	func_80985C94	BOTH	0.00
soh/src/overlays/actors/ovl_Demo_Im/z_demo_im.c	func	46	func_80985E60	func_80985E60	BOTH	0.00
soh/src/overlays/actors/ovl_Demo_Im/z_demo_im.c	func	47	func_80985EAC	func_80985EAC	BOTH	0.00
soh/src/overlays/actors/ovl_Demo_Im/z_demo_im.c	func	48	func_80985EF4	func_80985EF4	BOTH	0.00
soh/src/overlays/actors/ovl_Demo_Im/z_demo_im.c	func	49	func_80985F54	func_80985F54	BOTH	0.00
soh/src/overlays/actors/ovl_Demo_Im/z_demo_im.c	func	50	func_80985F64	func_80985F64	BOTH	0.00
soh/src/overlays/actors/ovl_Demo_Im/z_demo_im.c	func	51	func_80985FE8	func_80985FE8	BOTH	0.00
soh/src/overlays/actors/ovl_Demo_Im/z_demo_im.c	func	52	func_8098604C	func_8098604C	BOTH	0.00
soh/src/overlays/actors/ovl_Demo_Im/z_demo_im.c	func	53	func_809860C8	func_809860C8	BOTH	0.00
soh/src/overlays/actors/ovl_Demo_Im/z_demo_im.c	func	54	func_809860DC	func_809860DC	BOTH	0.00
soh/src/overlays/actors/ovl_Demo_Im/z_demo_im.c	func	55	func_80986148	func_80986148	BOTH	0.00
soh/src/overlays/actors/ovl_Demo_Im/z_demo_im.c	func	56	func_809861C4	func_809861C4	BOTH	0.00
soh/src/overlays/actors/ovl_Demo_Im/z_demo_im.c	func	57	func_8098629C	func_8098629C	BOTH	0.00
soh/src/overlays/actors/ovl_Demo_Im/z_demo_im.c	func	58	func_809862E0	func_809862E0	BOTH	0.00
soh/src/overlays/actors/ovl_Demo_Im/z_demo_im.c	func	59	func_809863BC	func_809863BC	BOTH	0.00
soh/src/overlays/actors/ovl_Demo_Im/z_demo_im.c	func	60	func_809863DC	func_809863DC	BOTH	0.00
soh/src/overlays/actors/ovl_Demo_Im/z_demo_im.c	func	61	func_80986430	func_80986430	BOTH	0.00
soh/src/overlays/actors/ovl_Demo_Im/z_demo_im.c	func	62	func_80986494	func_80986494	BOTH	0.00
soh/src/overlays/actors/ovl_Demo_Im/z_demo_im.c	func	63	func_809864D4	func_809864D4	BOTH	0.00
soh/src/overlays/actors/ovl_Demo_Im/z_demo_im.c	func	64	func_8098652C	func_8098652C	BOTH	0.00
soh/src/overlays/actors/ovl_Demo_Im/z_demo_im.c	func	65	func_80986570	func_80986570	BOTH	0.00
soh/src/overlays/actors/ovl_Demo_Im/z_demo_im.c	func	66	func_809865F8	func_809865F8	BOTH	0.00
soh/src/overlays/actors/ovl_Demo_Im/z_demo_im.c	func	67	func_80986700	func_80986700	BOTH	0.00
soh/src/overlays/actors/ovl_Demo_Im/z_demo_im.c	func	68	func_80986710	func_80986710	BOTH	0.00
soh/src/overlays/actors/ovl_Demo_Im/z_demo_im.c	func	69	func_80986794	func_80986794	BOTH	0.00
soh/src/overlays/actors/ovl_Demo_Im/z_demo_im.c	func	70	func_8098680C	func_8098680C	BOTH	0.00
soh/src/overlays/actors/ovl_Demo_Im/z_demo_im.c	func	71	func_809868E8	func_809868E8	BOTH	0.00
soh/src/overlays/actors/ovl_Demo_Im/z_demo_im.c	func	72	func_80986908	func_80986908	BOTH	0.00
soh/src/overlays/actors/ovl_Demo_Im/z_demo_im.c	func	73	func_80986948	func_80986948	BOTH	0.00
soh/src/overlays/actors/ovl_Demo_Im/z_demo_im.c	func	74	func_809869B0	func_809869B0	BOTH	0.00
soh/src/overlays/actors/ovl_Demo_Im/z_demo_im.c	func	75	func_809869F8	func_809869F8	BOTH	0.00
soh/src/overlays/actors/ovl_Demo_Im/z_demo_im.c	func	76	func_80986A5C	func_80986A5C	BOTH	0.00
soh/src/overlays/actors/ovl_Demo_Im/z_demo_im.c	func	77	func_80986AD0	func_80986AD0	BOTH	0.00
soh/src/overlays/actors/ovl_Demo_Im/z_demo_im.c	func	78	func_80986B2C	func_80986B2C	BOTH	0.00
soh/src/overlays/actors/ovl_Demo_Im/z_demo_im.c	func	79	func_80986BA0	func_80986BA0	BOTH	0.00
soh/src/overlays/actors/ovl_Demo_Im/z_demo_im.c	func	80	func_80986BE4	func_80986BE4	BOTH	0.00
soh/src/overlays/actors/ovl_Demo_Im/z_demo_im.c	func	81	func_80986BF8	func_80986BF8	BOTH	0.00
soh/src/overlays/actors/ovl_Demo_Im/z_demo_im.c	func	82	func_80986C30	func_80986C30	BOTH	0.00
soh/src/overlays/actors/ovl_Demo_Im/z_demo_im.c	func	83	func_80986CC8	func_80986CC8	BOTH	0.00
soh/src/overlays/actors/ovl_Demo_Im/z_demo_im.c	func	84	func_80986CFC	func_80986CFC	BOTH	0.00
soh/src/overlays/actors/ovl_Demo_Im/z_demo_im.c	func	85	func_80986D40	func_80986D40	BOTH	0.00
soh/src/overlays/actors/ovl_Demo_Im/z_demo_im.c	func	86	func_80986DC8	func_80986DC8	BOTH	0.00
soh/src/overlays/actors/ovl_Demo_Im/z_demo_im.c	func	87	func_80986E20	func_80986E20	BOTH	0.00
soh/src/overlays/actors/ovl_Demo_Im/z_demo_im.c	func	88	func_80986E40	func_80986E40	BOTH	0.00
soh/src/overlays/actors/ovl_Demo_Im/z_demo_im.c	func	89	func_80986EAC	func_80986EAC	BOTH	0.00
soh/src/overlays/actors/ovl_Demo_Im/z_demo_im.c	func	90	func_80986F08	func_80986F08	BOTH	0.00
soh/src/overlays/actors/ovl_Demo_Im/z_demo_im.c	func	91	func_80986F28	func_80986F28	BOTH	0.00
soh/src/overlays/actors/ovl_Demo_Im/z_demo_im.c	func	92	func_80986F88	func_80986F88	BOTH	0.00
soh/src/overlays/actors/ovl_Demo_Im/z_demo_im.c	func	93	func_80986FA8	func_80986FA8	BOTH	0.00
soh/src/overlays/actors/ovl_Demo_Im/z_demo_im.c	func	94	func_80987018	func_80987018	BOTH	0.00
soh/src/overlays/actors/ovl_Demo_Im/z_demo_im.c	func	95	func_80987064	func_80987064	BOTH	0.00
soh/src/overlays/actors/ovl_Demo_Im/z_demo_im.c	func	96	func_809870F0	func_809870F0	BOTH	0.00
soh/src/overlays/actors/ovl_Demo_Im/z_demo_im.c	func	97	func_80987128	func_80987128	BOTH	0.00
soh/src/overlays/actors/ovl_Demo_Im/z_demo_im.c	func	98	func_80987174	func_80987174	BOTH	0.00
soh/src/overlays/actors/ovl_Demo_Im/z_demo_im.c	func	99	func_809871B4	func_809871B4	BOTH	0.00
soh/src/overlays/actors/ovl_Demo_Im/z_demo_im.c	func	100	func_809871E8	func_809871E8	BOTH	0.00
soh/src/overlays/actors/ovl_Demo_Im/z_demo_im.c	func	101	func_80987288	func_80987288	BOTH	0.00
soh/src/overlays/actors/ovl_Demo_Im/z_demo_im.c	func	102	func_809872A8	func_809872A8	BOTH	0.00
soh/src/overlays/actors/ovl_Demo_Im/z_demo_im.c	func	103	func_809872F0	func_809872F0	BOTH	0.00
soh/src/overlays/actors/ovl_Demo_Im/z_demo_im.c	func	104	func_80987330	func_80987330	BOTH	0.00
soh/src/overlays/actors/ovl_Demo_Im/z_demo_im.c	data	1	D_8098783C	D_8098783C	BOTH	0.00
soh/src/overlays/actors/ovl_Demo_Im/z_demo_im.c	data	4	D_809887D8	D_809887D8	BOTH	0.00
soh/src/overlays/actors/ovl_Demo_Im/z_demo_im_cutscene_data.c	data	0	D_8098786C	D_8098786C	BOTH	0.00
soh/src/overlays/actors/ovl_Demo_Sa/z_demo_sa.c	func	4	func_8098E530	func_8098E530	BOTH	0.00
soh/src/overlays/actors/ovl_Demo_Sa/z_demo_sa.c	func	5	func_8098E554	func_8098E554	BOTH	0.00
soh/src/overlays/actors/ovl_Demo_Sa/z_demo_sa.c	func	17	func_8098E960	func_8098E960	BOTH	0.00
soh/src/overlays/actors/ovl_Demo_Sa/z_demo_sa.c	data	2	D_80990108	D_80990108	BOTH	0.00
soh/src/overlays/actors/ovl_Demo_Sa/z_demo_sa_cutscene_data.c	data	0	D_8099010C	D_8099010C	BOTH	0.00
soh/src/overlays/actors/ovl_Demo_Tre_Lgt/z_demo_tre_lgt.c	func	2	func_80993754	func_80993754	BOTH	0.00
soh/src/overlays/actors/ovl_Demo_Tre_Lgt/z_demo_tre_lgt.c	func	3	func_8099375C	func_8099375C	BOTH	0.00
soh/src/overlays/actors/ovl_Demo_Tre_Lgt/z_demo_tre_lgt.c	func	4	func_809937B4	func_809937B4	BOTH	0.00
soh/src/overlays/actors/ovl_Demo_Tre_Lgt/z_demo_tre_lgt.c	func	5	func_80993848	func_80993848	BOTH	0.00
soh/src/overlays/actors/ovl_Door_Gerudo/z_door_gerudo.c	func	2	func_809946BC	func_809946BC	BOTH	0.00
soh/src/overlays/actors/ovl_Door_Gerudo/z_door_gerudo.c	func	3	func_80994750	func_80994750	BOTH	0.00
soh/src/overlays/actors/ovl_Door_Gerudo/z_door_gerudo.c	func	4	func_8099485C	func_8099485C	BOTH	0.00
soh/src/overlays/actors/ovl_Door_Gerudo/z_door_gerudo.c	func	5	func_8099496C	func_8099496C	BOTH	0.00
soh/src/overlays/actors/ovl_Door_Gerudo/z_door_gerudo.c	func	6	func_809949C8	func_809949C8	BOTH	0.00
soh/src/overlays/actors/ovl_Door_Warp1/z_door_warp1.c	func	9	func_80999214	func_80999214	BOTH	0.00
soh/src/overlays/actors/ovl_Door_Warp1/z_door_warp1.c	func	10	func_80999348	func_80999348	BOTH	0.00
soh/src/overlays/actors/ovl_Door_Warp1/z_door_warp1.c	func	15	func_809995D4	func_809995D4	BOTH	0.00
soh/src/overlays/actors/ovl_Door_Warp1/z_door_warp1.c	func	17	func_809998A4	func_809998A4	BOTH	0.00
soh/src/overlays/actors/ovl_Door_Warp1/z_door_warp1.c	func	22	func_80999EE0	func_80999EE0	BOTH	0.00
soh/src/overlays/actors/ovl_Door_Warp1/z_door_warp1.c	func	23	func_80999FE4	func_80999FE4	BOTH	0.00
soh/src/overlays/actors/ovl_Door_Warp1/z_door_warp1.c	func	25	func_8099A3A4	func_8099A3A4	BOTH	0.00
soh/src/overlays/actors/ovl_Door_Warp1/z_door_warp1.c	func	27	func_8099A508	func_8099A508	BOTH	0.00
soh/src/overlays/actors/ovl_Door_Warp1/z_door_warp1.c	func	31	func_8099B020	func_8099B020	BOTH	0.00
soh/src/overlays/actors/ovl_Efc_Erupc/z_efc_erupc.c	data	1	D_8099D770	D_8099D770	BOTH	0.00
soh/src/overlays/actors/ovl_En_Ani/z_en_ani.c	func	4	func_809B04F0	func_809B04F0	BOTH	0.00
soh/src/overlays/actors/ovl_En_Ani/z_en_ani.c	func	5	func_809B0524	func_809B0524	BOTH	0.00
soh/src/overlays/actors/ovl_En_Ani/z_en_ani.c	func	6	func_809B0558	func_809B0558	BOTH	0.00
soh/src/overlays/actors/ovl_En_Ani/z_en_ani.c	func	7	func_809B05F0	func_809B05F0	BOTH	0.00
soh/src/overlays/actors/ovl_En_Ani/z_en_ani.c	func	8	func_809B064C	func_809B064C	BOTH	0.00
soh/src/overlays/actors/ovl_En_Ani/z_en_ani.c	func	9	func_809B07F8	func_809B07F8	BOTH	0.00
soh/src/overlays/actors/ovl_En_Ani/z_en_ani.c	func	10	func_809B0988	func_809B0988	BOTH	0.00
soh/src/overlays/actors/ovl_En_Ani/z_en_ani.c	func	11	func_809B0994	func_809B0994	BOTH	0.00
soh/src/overlays/actors/ovl_En_Ani/z_en_ani.c	func	12	func_809B0A28	func_809B0A28	BOTH	0.00
soh/src/overlays/actors/ovl_En_Ani/z_en_ani.c	func	13	func_809B0A6C	func_809B0A6C	BOTH	0.00
soh/src/overlays/actors/ovl_En_Anubice_Fire/z_en_anubice_fire.c	func	2	func_809B26EC	func_809B26EC	BOTH	0.00
soh/src/overlays/actors/ovl_En_Anubice_Fire/z_en_anubice_fire.c	func	3	func_809B27D8	func_809B27D8	BOTH	0.00
soh/src/overlays/actors/ovl_En_Anubice_Fire/z_en_anubice_fire.c	func	4	func_809B2B48	func_809B2B48	BOTH	0.00
soh/src/overlays/actors/ovl_En_Arrow/z_en_arrow.c	func	4	func_809B3CEC	func_809B3CEC	BOTH	0.00
soh/src/overlays/actors/ovl_En_Arrow/z_en_arrow.c	func	7	func_809B45E0	func_809B45E0	BOTH	0.00
soh/src/overlays/actors/ovl_En_Arrow/z_en_arrow.c	func	8	func_809B4640	func_809B4640	BOTH	0.00
soh/src/overlays/actors/ovl_En_Arrow/z_en_arrow.c	func	10	func_809B4800	func_809B4800	BOTH	0.00
soh/src/overlays/actors/ovl_En_Attack_Niw/z_en_attack_niw.c	func	2	func_809B5268	func_809B5268	BOTH	0.00
soh/src/overlays/actors/ovl_En_Attack_Niw/z_en_attack_niw.c	func	3	func_809B55EC	func_809B55EC	BOTH	0.00
soh/src/overlays/actors/ovl_En_Attack_Niw/z_en_attack_niw.c	func	4	func_809B5670	func_809B5670	BOTH	0.00
soh/src/overlays/actors/ovl_En_Attack_Niw/z_en_attack_niw.c	func	5	func_809B59B0	func_809B59B0	BOTH	0.00
soh/src/overlays/actors/ovl_En_Attack_Niw/z_en_attack_niw.c	func	6	func_809B5C18	func_809B5C18	BOTH	0.00
soh/src/overlays/actors/ovl_En_Attack_Niw/z_en_attack_niw.c	func	8	func_809B5F98	func_809B5F98	BOTH	0.00
soh/src/overlays/actors/ovl_En_Bigokuta/z_en_bigokuta.c	func	2	func_809BCE3C	func_809BCE3C	BOTH	0.00
soh/src/overlays/actors/ovl_En_Bigokuta/z_en_bigokuta.c	func	3	func_809BCEBC	func_809BCEBC	BOTH	0.00
soh/src/overlays/actors/ovl_En_Bigokuta/z_en_bigokuta.c	func	4	func_809BCF68	func_809BCF68	BOTH	0.00
soh/src/overlays/actors/ovl_En_Bigokuta/z_en_bigokuta.c	func	5	func_809BD1C8	func_809BD1C8	BOTH	0.00
soh/src/overlays/actors/ovl_En_Bigokuta/z_en_bigokuta.c	func	6	func_809BD2E4	func_809BD2E4	BOTH	0.00
soh/src/overlays/actors/ovl_En_Bigokuta/z_en_bigokuta.c	func	7	func_809BD318	func_809BD318	BOTH	0.00
soh/src/overlays/actors/ovl_En_Bigokuta/z_en_bigokuta.c	func	8	func_809BD370	func_809BD370	BOTH	0.00
soh/src/overlays/actors/ovl_En_Bigokuta/z_en_bigokuta.c	func	9	func_809BD3AC	func_809BD3AC	BOTH	0.00
soh/src/overlays/actors/ovl_En_Bigokuta/z_en_bigokuta.c	func	10	func_809BD3E0	func_809BD3E0	BOTH	0.00
soh/src/overlays/actors/ovl_En_Bigokuta/z_en_bigokuta.c	func	11	func_809BD3F8	func_809BD3F8	BOTH	0.00
soh/src/overlays/actors/ovl_En_Bigokuta/z_en_bigokuta.c	func	12	func_809BD47C	func_809BD47C	BOTH	0.00
soh/src/overlays/actors/ovl_En_Bigokuta/z_en_bigokuta.c	func	13	func_809BD4A4	func_809BD4A4	BOTH	0.00
soh/src/overlays/actors/ovl_En_Bigokuta/z_en_bigokuta.c	func	14	func_809BD524	func_809BD524	BOTH	0.00
soh/src/overlays/actors/ovl_En_Bigokuta/z_en_bigokuta.c	func	15	func_809BD5E0	func_809BD5E0	BOTH	0.00
soh/src/overlays/actors/ovl_En_Bigokuta/z_en_bigokuta.c	func	16	func_809BD658	func_809BD658	BOTH	0.00
soh/src/overlays/actors/ovl_En_Bigokuta/z_en_bigokuta.c	func	17	func_809BD6B8	func_809BD6B8	BOTH	0.00
soh/src/overlays/actors/ovl_En_Bigokuta/z_en_bigokuta.c	func	18	func_809BD768	func_809BD768	BOTH	0.00
soh/src/overlays/actors/ovl_En_Bigokuta/z_en_bigokuta.c	func	19	func_809BD7F0	func_809BD7F0	BOTH	0.00
soh/src/overlays/actors/ovl_En_Bigokuta/z_en_bigokuta.c	func	20	func_809BD84C	func_809BD84C	BOTH	0.00
soh/src/overlays/actors/ovl_En_Bigokuta/z_en_bigokuta.c	func	21	func_809BD8DC	func_809BD8DC	BOTH	0.00
soh/src/overlays/actors/ovl_En_Bigokuta/z_en_bigokuta.c	func	22	func_809BDAE8	func_809BDAE8	BOTH	0.00
soh/src/overlays/actors/ovl_En_Bigokuta/z_en_bigokuta.c	func	23	func_809BDB90	func_809BDB90	BOTH	0.00
soh/src/overlays/actors/ovl_En_Bigokuta/z_en_bigokuta.c	func	24	func_809BDC08	func_809BDC08	BOTH	0.00
soh/src/overlays/actors/ovl_En_Bigokuta/z_en_bigokuta.c	func	25	func_809BDF34	func_809BDF34	BOTH	0.00
soh/src/overlays/actors/ovl_En_Bigokuta/z_en_bigokuta.c	func	26	func_809BDFC8	func_809BDFC8	BOTH	0.00
soh/src/overlays/actors/ovl_En_Bigokuta/z_en_bigokuta.c	func	27	func_809BE058	func_809BE058	BOTH	0.00
soh/src/overlays/actors/ovl_En_Bigokuta/z_en_bigokuta.c	func	28	func_809BE180	func_809BE180	BOTH	0.00
soh/src/overlays/actors/ovl_En_Bigokuta/z_en_bigokuta.c	func	29	func_809BE26C	func_809BE26C	BOTH	0.00
soh/src/overlays/actors/ovl_En_Bigokuta/z_en_bigokuta.c	func	30	func_809BE3E4	func_809BE3E4	BOTH	0.00
soh/src/overlays/actors/ovl_En_Bigokuta/z_en_bigokuta.c	func	31	func_809BE4A4	func_809BE4A4	BOTH	0.00
soh/src/overlays/actors/ovl_En_Bigokuta/z_en_bigokuta.c	func	32	func_809BE518	func_809BE518	BOTH	0.00
soh/src/overlays/actors/ovl_En_Bigokuta/z_en_bigokuta.c	func	33	func_809BE568	func_809BE568	BOTH	0.00
soh/src/overlays/actors/ovl_En_Bigokuta/z_en_bigokuta.c	func	34	func_809BE798	func_809BE798	BOTH	0.00
soh/src/overlays/actors/ovl_En_Bubble/z_en_bubble.c	func	1	func_809CBCBC	func_809CBCBC	BOTH	0.00
soh/src/overlays/actors/ovl_En_Bubble/z_en_bubble.c	func	2	func_809CBCEC	func_809CBCEC	BOTH	0.00
soh/src/overlays/actors/ovl_En_Bubble/z_en_bubble.c	func	5	func_809CBFD4	func_809CBFD4	BOTH	0.00
soh/src/overlays/actors/ovl_En_Bubble/z_en_bubble.c	func	6	func_809CC020	func_809CC020	BOTH	0.00
soh/src/overlays/actors/ovl_En_Bubble/z_en_bubble.c	func	10	func_809CC648	func_809CC648	BOTH	0.00
soh/src/overlays/actors/ovl_En_Bubble/z_en_bubble.c	func	12	func_809CC774	func_809CC774	BOTH	0.00
soh/src/overlays/actors/ovl_En_Bw/z_en_bw.c	func	3	func_809CE884	func_809CE884	BOTH	0.00
soh/src/overlays/actors/ovl_En_Bw/z_en_bw.c	func	4	func_809CE9A8	func_809CE9A8	BOTH	0.00
soh/src/overlays/actors/ovl_En_Bw/z_en_bw.c	func	5	func_809CEA24	func_809CEA24	BOTH	0.00
soh/src/overlays/actors/ovl_En_Bw/z_en_bw.c	func	6	func_809CF72C	func_809CF72C	BOTH	0.00
soh/src/overlays/actors/ovl_En_Bw/z_en_bw.c	func	7	func_809CF7AC	func_809CF7AC	BOTH	0.00
soh/src/overlays/actors/ovl_En_Bw/z_en_bw.c	func	8	func_809CF8F0	func_809CF8F0	BOTH	0.00
soh/src/overlays/actors/ovl_En_Bw/z_en_bw.c	func	9	func_809CF984	func_809CF984	BOTH	0.00
soh/src/overlays/actors/ovl_En_Bw/z_en_bw.c	func	10	func_809CFBA8	func_809CFBA8	BOTH	0.00
soh/src/overlays/actors/ovl_En_Bw/z_en_bw.c	func	11	func_809CFC4C	func_809CFC4C	BOTH	0.00
soh/src/overlays/actors/ovl_En_Bw/z_en_bw.c	func	12	func_809CFF10	func_809CFF10	BOTH	0.00
soh/src/overlays/actors/ovl_En_Bw/z_en_bw.c	func	13	func_809CFF98	func_809CFF98	BOTH	0.00
soh/src/overlays/actors/ovl_En_Bw/z_en_bw.c	func	14	func_809D00F4	func_809D00F4	BOTH	0.00
soh/src/overlays/actors/ovl_En_Bw/z_en_bw.c	func	15	func_809D014C	func_809D014C	BOTH	0.00
soh/src/overlays/actors/ovl_En_Bw/z_en_bw.c	func	16	func_809D01CC	func_809D01CC	BOTH	0.00
soh/src/overlays/actors/ovl_En_Bw/z_en_bw.c	func	17	func_809D0268	func_809D0268	BOTH	0.00
soh/src/overlays/actors/ovl_En_Bw/z_en_bw.c	func	18	func_809D03CC	func_809D03CC	BOTH	0.00
soh/src/overlays/actors/ovl_En_Bw/z_en_bw.c	func	19	func_809D0424	func_809D0424	BOTH	0.00
soh/src/overlays/actors/ovl_En_Bw/z_en_bw.c	func	20	func_809D0584	func_809D0584	BOTH	0.00
soh/src/overlays/actors/ovl_En_Dh/z_en_dh.c	data	4	D_809EC620	D_809EC620	BOTH	0.00
soh/src/overlays/actors/ovl_En_Diving_Game/z_en_diving_game.c	func	15	func_809EE8F0	EnDivingGame_TalkDuringMinigame	ADOPT	0.95
soh/src/overlays/actors/ovl_En_Diving_Game/z_en_diving_game.c	func	17	func_809EEA00	func_809EEA00	BOTH	0.00
soh/src/overlays/actors/ovl_En_Diving_Game/z_en_diving_game.c	func	18	func_809EEA90	func_809EEA90	BOTH	0.00
soh/src/overlays/actors/ovl_En_Diving_Game/z_en_diving_game.c	func	19	func_809EEAF8	func_809EEAF8	BOTH	0.00
soh/src/overlays/actors/ovl_En_Du/z_en_du.c	func	3	func_809FDDB4	func_809FDDB4	BOTH	0.00
soh/src/overlays/actors/ovl_En_Du/z_en_du.c	func	4	func_809FDE24	func_809FDE24	BOTH	0.00
soh/src/overlays/actors/ovl_En_Du/z_en_du.c	func	5	func_809FDE9C	func_809FDE9C	BOTH	0.00
soh/src/overlays/actors/ovl_En_Du/z_en_du.c	func	6	func_809FDFC0	func_809FDFC0	BOTH	0.00
soh/src/overlays/actors/ovl_En_Du/z_en_du.c	func	7	func_809FE000	func_809FE000	BOTH	0.00
soh/src/overlays/actors/ovl_En_Du/z_en_du.c	func	8	func_809FE040	func_809FE040	BOTH	0.00
soh/src/overlays/actors/ovl_En_Du/z_en_du.c	func	9	func_809FE104	func_809FE104	BOTH	0.00
soh/src/overlays/actors/ovl_En_Du/z_en_du.c	func	12	func_809FE3B4	func_809FE3B4	BOTH	0.00
soh/src/overlays/actors/ovl_En_Du/z_en_du.c	func	13	func_809FE3C0	func_809FE3C0	BOTH	0.00
soh/src/overlays/actors/ovl_En_Du/z_en_du.c	func	14	func_809FE4A4	func_809FE4A4	BOTH	0.00
soh/src/overlays/actors/ovl_En_Du/z_en_du.c	func	15	func_809FE638	func_809FE638	BOTH	0.00
soh/src/overlays/actors/ovl_En_Du/z_en_du.c	func	16	func_809FE6CC	func_809FE6CC	BOTH	0.00
soh/src/overlays/actors/ovl_En_Du/z_en_du.c	func	17	func_809FE740	func_809FE740	BOTH	0.00
soh/src/overlays/actors/ovl_En_Du/z_en_du.c	func	18	func_809FE798	func_809FE798	BOTH	0.00
soh/src/overlays/actors/ovl_En_Du/z_en_du.c	func	19	func_809FE890	func_809FE890	BOTH	0.00
soh/src/overlays/actors/ovl_En_Du/z_en_du.c	func	20	func_809FEB08	func_809FEB08	BOTH	0.00
soh/src/overlays/actors/ovl_En_Du/z_en_du.c	func	21	func_809FEC14	func_809FEC14	BOTH	0.00
soh/src/overlays/actors/ovl_En_Du/z_en_du.c	func	22	func_809FEC70	func_809FEC70	BOTH	0.00
soh/src/overlays/actors/ovl_En_Du/z_en_du.c	func	23	func_809FECE4	func_809FECE4	BOTH	0.00
soh/src/overlays/actors/ovl_En_Elf/z_en_elf.c	func	1	func_80A01C38	func_80A01C38	BOTH	0.00
soh/src/overlays/actors/ovl_En_Elf/z_en_elf.c	func	2	func_80A01F90	func_80A01F90	BOTH	0.00
soh/src/overlays/actors/ovl_En_Elf/z_en_elf.c	func	3	func_80A01FE0	func_80A01FE0	BOTH	0.00
soh/src/overlays/actors/ovl_En_Elf/z_en_elf.c	func	4	func_80A020A4	func_80A020A4	BOTH	0.00
soh/src/overlays/actors/ovl_En_Elf/z_en_elf.c	func	5	func_80A0214C	func_80A0214C	BOTH	0.00
soh/src/overlays/actors/ovl_En_Elf/z_en_elf.c	func	6	func_80A0232C	func_80A0232C	BOTH	0.00
soh/src/overlays/actors/ovl_En_Elf/z_en_elf.c	func	9	func_80A0299C	func_80A0299C	BOTH	0.00
soh/src/overlays/actors/ovl_En_Elf/z_en_elf.c	func	10	func_80A029A8	func_80A029A8	BOTH	0.00
soh/src/overlays/actors/ovl_En_Elf/z_en_elf.c	func	12	func_80A02A20	func_80A02A20	BOTH	0.00
soh/src/overlays/actors/ovl_En_Elf/z_en_elf.c	func	13	func_80A02AA4	func_80A02AA4	BOTH	0.00
soh/src/overlays/actors/ovl_En_Elf/z_en_elf.c	func	14	func_80A02B38	func_80A02B38	BOTH	0.00
soh/src/overlays/actors/ovl_En_Elf/z_en_elf.c	func	15	func_80A02BD8	func_80A02BD8	BOTH	0.00
soh/src/overlays/actors/ovl_En_Elf/z_en_elf.c	func	16	func_80A02C98	func_80A02C98	BOTH	0.00
soh/src/overlays/actors/ovl_En_Elf/z_en_elf.c	func	17	func_80A02E30	func_80A02E30	BOTH	0.00
soh/src/overlays/actors/ovl_En_Elf/z_en_elf.c	func	18	func_80A02EC0	func_80A02EC0	BOTH	0.00
soh/src/overlays/actors/ovl_En_Elf/z_en_elf.c	func	19	func_80A02F2C	func_80A02F2C	BOTH	0.00
soh/src/overlays/actors/ovl_En_Elf/z_en_elf.c	func	20	func_80A03018	func_80A03018	BOTH	0.00
soh/src/overlays/actors/ovl_En_Elf/z_en_elf.c	func	21	func_80A03148	func_80A03148	BOTH	0.00
soh/src/overlays/actors/ovl_En_Elf/z_en_elf.c	func	22	func_80A0329C	func_80A0329C	BOTH	0.00
soh/src/overlays/actors/ovl_En_Elf/z_en_elf.c	func	23	func_80A0353C	func_80A0353C	BOTH	0.00
soh/src/overlays/actors/ovl_En_Elf/z_en_elf.c	func	24	func_80A03604	func_80A03604	BOTH	0.00
soh/src/overlays/actors/ovl_En_Elf/z_en_elf.c	func	25	func_80A03610	func_80A03610	BOTH	0.00
soh/src/overlays/actors/ovl_En_Elf/z_en_elf.c	func	26	func_80A03814	func_80A03814	BOTH	0.00
soh/src/overlays/actors/ovl_En_Elf/z_en_elf.c	func	27	func_80A03990	func_80A03990	BOTH	0.00
soh/src/overlays/actors/ovl_En_Elf/z_en_elf.c	func	28	func_80A03AB0	func_80A03AB0	BOTH	0.00
soh/src/overlays/actors/ovl_En_Elf/z_en_elf.c	func	30	func_80A03CF8	func_80A03CF8	BOTH	0.00
soh/src/overlays/actors/ovl_En_Elf/z_en_elf.c	func	32	func_80A04414	func_80A04414	BOTH	0.00
soh/src/overlays/actors/ovl_En_Elf/z_en_elf.c	func	33	func_80A0461C	func_80A0461C	BOTH	0.00
soh/src/overlays/actors/ovl_En_Elf/z_en_elf.c	func	35	func_80A04D90	func_80A04D90	BOTH	0.00
soh/src/overlays/actors/ovl_En_Elf/z_en_elf.c	func	36	func_80A04DE4	func_80A04DE4	BOTH	0.00
soh/src/overlays/actors/ovl_En_Elf/z_en_elf.c	func	37	func_80A04F94	func_80A04F94	BOTH	0.00
soh/src/overlays/actors/ovl_En_Elf/z_en_elf.c	func	38	func_80A05040	func_80A05040	BOTH	0.00
soh/src/overlays/actors/ovl_En_Elf/z_en_elf.c	func	39	func_80A05114	func_80A05114	BOTH	0.00
soh/src/overlays/actors/ovl_En_Elf/z_en_elf.c	func	40	func_80A05188	func_80A05188	BOTH	0.00
soh/src/overlays/actors/ovl_En_Elf/z_en_elf.c	func	41	func_80A05208	func_80A05208	BOTH	0.00
soh/src/overlays/actors/ovl_En_Elf/z_en_elf.c	func	42	func_80A052F4	func_80A052F4	BOTH	0.00
soh/src/overlays/actors/ovl_En_Elf/z_en_elf.c	func	43	func_80A053F0	func_80A053F0	BOTH	0.00
soh/src/overlays/actors/ovl_En_Fire_Rock/z_en_fire_rock.c	data	1	D_80A12CA0	D_80A12CA0	BOTH	0.00
soh/src/overlays/actors/ovl_En_Fire_Rock/z_en_fire_rock.c	data	2	D_80A12CCC	D_80A12CCC	BOTH	0.00
soh/src/overlays/actors/ovl_En_Fu/z_en_fu.c	func	2	func_80A1D94C	func_80A1D94C	BOTH	0.00
soh/src/overlays/actors/ovl_En_Fu/z_en_fu.c	func	3	func_80A1DA04	func_80A1DA04	BOTH	0.00
soh/src/overlays/actors/ovl_En_Fu/z_en_fu.c	func	5	func_80A1DB60	func_80A1DB60	BOTH	0.00
soh/src/overlays/actors/ovl_En_Fu/z_en_fu.c	func	6	func_80A1DBA0	func_80A1DBA0	BOTH	0.00
soh/src/overlays/actors/ovl_En_Fu/z_en_fu.c	func	7	func_80A1DBD4	func_80A1DBD4	BOTH	0.00
soh/src/overlays/actors/ovl_En_Fw/z_en_fw.c	data	3	D_80A1FB94	D_80A1FB94	BOTH	0.00
soh/src/overlays/actors/ovl_En_Ganon_Mant/z_en_ganon_mant.c	data	6	D_80A24DB4	D_80A24DB4	BOTH	0.00
soh/src/overlays/actors/ovl_En_Ganon_Mant/z_en_ganon_mant.c	data	8	D_80A24E00	D_80A24E00	BOTH	0.00
soh/src/overlays/actors/ovl_En_Ganon_Mant/z_en_ganon_mant.c	data	10	D_80A24E48	D_80A24E48	BOTH	0.00
soh/src/overlays/actors/ovl_En_Gb/z_en_gb.c	func	0	func_80A2F180	func_80A2F180	BOTH	0.00
soh/src/overlays/actors/ovl_En_Gb/z_en_gb.c	func	3	func_80A2F608	func_80A2F608	BOTH	0.00
soh/src/overlays/actors/ovl_En_Gb/z_en_gb.c	func	4	func_80A2F760	func_80A2F760	BOTH	0.00
soh/src/overlays/actors/ovl_En_Gb/z_en_gb.c	func	5	func_80A2F7C0	func_80A2F7C0	BOTH	0.00
soh/src/overlays/actors/ovl_En_Gb/z_en_gb.c	func	6	func_80A2F83C	func_80A2F83C	BOTH	0.00
soh/src/overlays/actors/ovl_En_Gb/z_en_gb.c	func	7	func_80A2F94C	func_80A2F94C	BOTH	0.00
soh/src/overlays/actors/ovl_En_Gb/z_en_gb.c	func	8	func_80A2F9C0	func_80A2F9C0	BOTH	0.00
soh/src/overlays/actors/ovl_En_Gb/z_en_gb.c	func	9	func_80A2FA50	func_80A2FA50	BOTH	0.00
soh/src/overlays/actors/ovl_En_Gb/z_en_gb.c	func	10	func_80A2FB40	func_80A2FB40	BOTH	0.00
soh/src/overlays/actors/ovl_En_Gb/z_en_gb.c	func	11	func_80A2FBB0	func_80A2FBB0	BOTH	0.00
soh/src/overlays/actors/ovl_En_Gb/z_en_gb.c	func	12	func_80A2FC0C	func_80A2FC0C	BOTH	0.00
soh/src/overlays/actors/ovl_En_Gb/z_en_gb.c	func	13	func_80A2FC70	func_80A2FC70	BOTH	0.00
soh/src/overlays/actors/ovl_En_Ge1/z_en_ge1.c	data	3	D_80A327A8	D_80A327A8	BOTH	0.00
soh/src/overlays/actors/ovl_En_Gm/z_en_gm.c	func	2	func_80A3D7C8	func_80A3D7C8	BOTH	0.00
soh/src/overlays/actors/ovl_En_Gm/z_en_gm.c	func	3	func_80A3D838	func_80A3D838	BOTH	0.00
soh/src/overlays/actors/ovl_En_Gm/z_en_gm.c	func	6	func_80A3DB04	func_80A3DB04	BOTH	0.00
soh/src/overlays/actors/ovl_En_Gm/z_en_gm.c	func	7	func_80A3DBF4	func_80A3DBF4	BOTH	0.00
soh/src/overlays/actors/ovl_En_Gm/z_en_gm.c	func	8	func_80A3DC44	func_80A3DC44	BOTH	0.00
soh/src/overlays/actors/ovl_En_Gm/z_en_gm.c	func	9	func_80A3DD7C	func_80A3DD7C	BOTH	0.00
soh/src/overlays/actors/ovl_En_Gm/z_en_gm.c	func	11	func_80A3DF00	func_80A3DF00	BOTH	0.00
soh/src/overlays/actors/ovl_En_Gm/z_en_gm.c	func	12	func_80A3DF60	func_80A3DF60	BOTH	0.00
soh/src/overlays/actors/ovl_En_Gm/z_en_gm.c	func	13	func_80A3DFBC	func_80A3DFBC	BOTH	0.00
soh/src/overlays/actors/ovl_En_Gm/z_en_gm.c	func	15	func_80A3E090	func_80A3E090	BOTH	0.00
soh/src/overlays/actors/ovl_En_Go/z_en_go.c	func	8	func_80A3F060	func_80A3F060	BOTH	0.00
soh/src/overlays/actors/ovl_En_Go/z_en_go.c	func	9	func_80A3F0E4	func_80A3F0E4	BOTH	0.00
soh/src/overlays/actors/ovl_En_Go/z_en_go.c	func	17	func_80A3F908	func_80A3F908	BOTH	0.00
soh/src/overlays/actors/ovl_En_Go/z_en_go.c	func	20	func_80A3FEB4	func_80A3FEB4	BOTH	0.00
soh/src/overlays/actors/ovl_En_Go/z_en_go.c	func	22	func_80A4008C	func_80A4008C	BOTH	0.00
soh/src/overlays/actors/ovl_En_Go/z_en_go.c	func	27	func_80A40494	func_80A40494	BOTH	0.00
soh/src/overlays/actors/ovl_En_Go/z_en_go.c	func	28	func_80A405CC	func_80A405CC	BOTH	0.00
soh/src/overlays/actors/ovl_En_Go/z_en_go.c	func	30	func_80A408D8	func_80A408D8	BOTH	0.00
soh/src/overlays/actors/ovl_En_Go/z_en_go.c	func	31	func_80A40A54	func_80A40A54	BOTH	0.00
soh/src/overlays/actors/ovl_En_Go/z_en_go.c	func	32	func_80A40B1C	func_80A40B1C	BOTH	0.00
soh/src/overlays/actors/ovl_En_Go/z_en_go.c	func	34	func_80A40C78	func_80A40C78	BOTH	0.00
soh/src/overlays/actors/ovl_En_Go/z_en_go.c	func	36	func_80A40DCC	func_80A40DCC	BOTH	0.00
soh/src/overlays/actors/ovl_En_Go2/z_en_go2.c	func	37	func_80A44790	func_80A44790	BOTH	0.00
soh/src/overlays/actors/ovl_En_Go2/z_en_go2.c	func	42	func_80A44AB0	func_80A44AB0	BOTH	0.00
soh/src/overlays/actors/ovl_En_Go2/z_en_go2.c	func	45	func_80A44D84	func_80A44D84	BOTH	0.00
soh/src/overlays/actors/ovl_En_Go2/z_en_go2.c	func	49	func_80A45288	func_80A45288	BOTH	0.00
soh/src/overlays/actors/ovl_En_Go2/z_en_go2.c	func	50	func_80A45360	func_80A45360	BOTH	0.00
soh/src/overlays/actors/ovl_En_Go2/z_en_go2.c	func	52	func_80A454CC	func_80A454CC	BOTH	0.00
soh/src/overlays/actors/ovl_En_Go2/z_en_go2.c	func	80	func_80A46B40	func_80A46B40	BOTH	0.00
soh/src/overlays/actors/ovl_En_Go2/z_en_go2.c	data	8	D_80A4816C	D_80A4816C	BOTH	0.00
soh/src/overlays/actors/ovl_En_Go2/z_en_go2.c	data	9	D_80A481F8	D_80A481F8	BOTH	0.00
soh/src/overlays/actors/ovl_En_Goma/z_en_goma.c	data	1	D_80A4B7A0	D_80A4B7A0	BOTH	0.00
soh/src/overlays/actors/ovl_En_Goma/z_en_goma.c	data	2	D_80A4B7CC	D_80A4B7CC	BOTH	0.00
soh/src/overlays/actors/ovl_En_Gs/z_en_gs.c	func	2	func_80A4E3EC	func_80A4E3EC	BOTH	0.00
soh/src/overlays/actors/ovl_En_Gs/z_en_gs.c	func	3	func_80A4E470	func_80A4E470	BOTH	0.00
soh/src/overlays/actors/ovl_En_Gs/z_en_gs.c	func	4	func_80A4E648	func_80A4E648	BOTH	0.00
soh/src/overlays/actors/ovl_En_Gs/z_en_gs.c	func	5	func_80A4E754	func_80A4E754	BOTH	0.00
soh/src/overlays/actors/ovl_En_Gs/z_en_gs.c	func	6	func_80A4E910	func_80A4E910	BOTH	0.00
soh/src/overlays/actors/ovl_En_Gs/z_en_gs.c	func	7	func_80A4EA08	func_80A4EA08	BOTH	0.00
soh/src/overlays/actors/ovl_En_Gs/z_en_gs.c	func	8	func_80A4EB3C	func_80A4EB3C	BOTH	0.00
soh/src/overlays/actors/ovl_En_Gs/z_en_gs.c	func	9	func_80A4ED34	func_80A4ED34	BOTH	0.00
soh/src/overlays/actors/ovl_En_Gs/z_en_gs.c	func	10	func_80A4F13C	func_80A4F13C	BOTH	0.00
soh/src/overlays/actors/ovl_En_Gs/z_en_gs.c	func	11	func_80A4F700	func_80A4F700	BOTH	0.00
soh/src/overlays/actors/ovl_En_Gs/z_en_gs.c	func	12	func_80A4F734	func_80A4F734	BOTH	0.00
soh/src/overlays/actors/ovl_En_Gs/z_en_gs.c	func	13	func_80A4F77C	func_80A4F77C	BOTH	0.00
soh/src/overlays/actors/ovl_En_Guest/z_en_guest.c	func	3	func_80A5046C	func_80A5046C	BOTH	0.00
soh/src/overlays/actors/ovl_En_Guest/z_en_guest.c	func	4	func_80A50518	func_80A50518	BOTH	0.00
soh/src/overlays/actors/ovl_En_Guest/z_en_guest.c	func	5	func_80A5057C	func_80A5057C	BOTH	0.00
soh/src/overlays/actors/ovl_En_Guest/z_en_guest.c	func	6	func_80A505CC	func_80A505CC	BOTH	0.00
soh/src/overlays/actors/ovl_En_Guest/z_en_guest.c	func	7	func_80A50708	func_80A50708	BOTH	0.00
soh/src/overlays/actors/ovl_En_Heishi2/z_en_heishi2.c	func	4	func_80A531E4	func_80A531E4	BOTH	0.00
soh/src/overlays/actors/ovl_En_Heishi2/z_en_heishi2.c	func	5	func_80A53278	func_80A53278	BOTH	0.00
soh/src/overlays/actors/ovl_En_Heishi2/z_en_heishi2.c	func	6	func_80A5344C	func_80A5344C	BOTH	0.00
soh/src/overlays/actors/ovl_En_Heishi2/z_en_heishi2.c	func	7	func_80A53538	func_80A53538	BOTH	0.00
soh/src/overlays/actors/ovl_En_Heishi2/z_en_heishi2.c	func	8	func_80A535BC	func_80A535BC	BOTH	0.00
soh/src/overlays/actors/ovl_En_Heishi2/z_en_heishi2.c	func	9	func_80A53638	func_80A53638	BOTH	0.00
soh/src/overlays/actors/ovl_En_Heishi2/z_en_heishi2.c	func	10	func_80A5372C	func_80A5372C	BOTH	0.00
soh/src/overlays/actors/ovl_En_Heishi2/z_en_heishi2.c	func	11	func_80A53850	func_80A53850	BOTH	0.00
soh/src/overlays/actors/ovl_En_Heishi2/z_en_heishi2.c	func	12	func_80A53908	func_80A53908	BOTH	0.00
soh/src/overlays/actors/ovl_En_Heishi2/z_en_heishi2.c	func	13	func_80A5399C	func_80A5399C	BOTH	0.00
soh/src/overlays/actors/ovl_En_Heishi2/z_en_heishi2.c	func	14	func_80A53AD4	func_80A53AD4	BOTH	0.00
soh/src/overlays/actors/ovl_En_Heishi2/z_en_heishi2.c	func	15	func_80A53C0C	func_80A53C0C	BOTH	0.00
soh/src/overlays/actors/ovl_En_Heishi2/z_en_heishi2.c	func	16	func_80A53C90	func_80A53C90	BOTH	0.00
soh/src/overlays/actors/ovl_En_Heishi2/z_en_heishi2.c	func	17	func_80A53D0C	func_80A53D0C	BOTH	0.00
soh/src/overlays/actors/ovl_En_Heishi2/z_en_heishi2.c	func	18	func_80A53DF8	func_80A53DF8	BOTH	0.00
soh/src/overlays/actors/ovl_En_Heishi2/z_en_heishi2.c	func	19	func_80A53F30	func_80A53F30	BOTH	0.00
soh/src/overlays/actors/ovl_En_Heishi2/z_en_heishi2.c	func	20	func_80A54038	func_80A54038	BOTH	0.00
soh/src/overlays/actors/ovl_En_Heishi2/z_en_heishi2.c	func	21	func_80A540C0	func_80A540C0	BOTH	0.00
soh/src/overlays/actors/ovl_En_Heishi2/z_en_heishi2.c	func	22	func_80A541FC	func_80A541FC	BOTH	0.00
soh/src/overlays/actors/ovl_En_Heishi2/z_en_heishi2.c	func	23	func_80A5427C	func_80A5427C	BOTH	0.00
soh/src/overlays/actors/ovl_En_Heishi2/z_en_heishi2.c	func	24	func_80A54320	func_80A54320	BOTH	0.00
soh/src/overlays/actors/ovl_En_Heishi2/z_en_heishi2.c	func	25	func_80A543A0	func_80A543A0	BOTH	0.00
soh/src/overlays/actors/ovl_En_Heishi2/z_en_heishi2.c	func	26	func_80A544AC	func_80A544AC	BOTH	0.00
soh/src/overlays/actors/ovl_En_Heishi2/z_en_heishi2.c	func	27	func_80A5455C	func_80A5455C	BOTH	0.00
soh/src/overlays/actors/ovl_En_Heishi2/z_en_heishi2.c	func	28	func_80A546DC	func_80A546DC	BOTH	0.00
soh/src/overlays/actors/ovl_En_Heishi2/z_en_heishi2.c	func	29	func_80A5475C	func_80A5475C	BOTH	0.00
soh/src/overlays/actors/ovl_En_Heishi2/z_en_heishi2.c	func	30	func_80A54954	func_80A54954	BOTH	0.00
soh/src/overlays/actors/ovl_En_Heishi2/z_en_heishi2.c	func	31	func_80A549E8	func_80A549E8	BOTH	0.00
soh/src/overlays/actors/ovl_En_Heishi3/z_en_heishi3.c	func	6	func_80A55BD4	func_80A55BD4	BOTH	0.00
soh/src/overlays/actors/ovl_En_Heishi3/z_en_heishi3.c	func	8	func_80A55D00	func_80A55D00	BOTH	0.00
soh/src/overlays/actors/ovl_En_Heishi4/z_en_heishi4.c	func	2	func_80A56328	func_80A56328	BOTH	0.00
soh/src/overlays/actors/ovl_En_Heishi4/z_en_heishi4.c	func	3	func_80A563BC	func_80A563BC	BOTH	0.00
soh/src/overlays/actors/ovl_En_Heishi4/z_en_heishi4.c	func	4	func_80A56544	func_80A56544	BOTH	0.00
soh/src/overlays/actors/ovl_En_Heishi4/z_en_heishi4.c	func	5	func_80A56614	func_80A56614	BOTH	0.00
soh/src/overlays/actors/ovl_En_Heishi4/z_en_heishi4.c	func	6	func_80A5673C	func_80A5673C	BOTH	0.00
soh/src/overlays/actors/ovl_En_Heishi4/z_en_heishi4.c	func	7	func_80A56874	func_80A56874	BOTH	0.00
soh/src/overlays/actors/ovl_En_Heishi4/z_en_heishi4.c	func	8	func_80A56900	func_80A56900	BOTH	0.00
soh/src/overlays/actors/ovl_En_Heishi4/z_en_heishi4.c	func	9	func_80A56994	func_80A56994	BOTH	0.00
soh/src/overlays/actors/ovl_En_Heishi4/z_en_heishi4.c	func	10	func_80A56A50	func_80A56A50	BOTH	0.00
soh/src/overlays/actors/ovl_En_Heishi4/z_en_heishi4.c	func	11	func_80A56ACC	func_80A56ACC	BOTH	0.00
soh/src/overlays/actors/ovl_En_Heishi4/z_en_heishi4.c	func	12	func_80A56B40	func_80A56B40	BOTH	0.00
soh/src/overlays/actors/ovl_En_Horse_Ganon/z_en_horse_ganon.c	func	0	func_80A68660	func_80A68660	BOTH	0.00
soh/src/overlays/actors/ovl_En_Horse_Ganon/z_en_horse_ganon.c	func	1	func_80A686A8	func_80A686A8	BOTH	0.00
soh/src/overlays/actors/ovl_En_Horse_Ganon/z_en_horse_ganon.c	func	2	func_80A68870	func_80A68870	BOTH	0.00
soh/src/overlays/actors/ovl_En_Horse_Ganon/z_en_horse_ganon.c	func	5	func_80A68AC4	func_80A68AC4	BOTH	0.00
soh/src/overlays/actors/ovl_En_Horse_Ganon/z_en_horse_ganon.c	func	6	func_80A68AF0	func_80A68AF0	BOTH	0.00
soh/src/overlays/actors/ovl_En_Horse_Ganon/z_en_horse_ganon.c	func	7	func_80A68B20	func_80A68B20	BOTH	0.00
soh/src/overlays/actors/ovl_En_Horse_Ganon/z_en_horse_ganon.c	func	8	func_80A68DB0	func_80A68DB0	BOTH	0.00
soh/src/overlays/actors/ovl_En_Horse_Ganon/z_en_horse_ganon.c	func	9	func_80A68E14	func_80A68E14	BOTH	0.00
soh/src/overlays/actors/ovl_En_Horse_Ganon/z_en_horse_ganon.c	data	7	D_80A69248	D_80A69248	BOTH	0.00
soh/src/overlays/actors/ovl_En_Horse_Ganon/z_en_horse_ganon.c	data	8	D_80A692B8	D_80A692B8	BOTH	0.00
soh/src/overlays/actors/ovl_En_Horse_Link_Child/z_en_horse_link_child.c	func	0	func_80A693D0	func_80A693D0	BOTH	0.00
soh/src/overlays/actors/ovl_En_Horse_Link_Child/z_en_horse_link_child.c	func	1	func_80A6948C	func_80A6948C	BOTH	0.00
soh/src/overlays/actors/ovl_En_Horse_Link_Child/z_en_horse_link_child.c	func	2	func_80A695A4	func_80A695A4	BOTH	0.00
soh/src/overlays/actors/ovl_En_Horse_Link_Child/z_en_horse_link_child.c	func	5	func_80A6988C	func_80A6988C	BOTH	0.00
soh/src/overlays/actors/ovl_En_Horse_Link_Child/z_en_horse_link_child.c	func	6	func_80A698F4	func_80A698F4	BOTH	0.00
soh/src/overlays/actors/ovl_En_Horse_Link_Child/z_en_horse_link_child.c	func	7	func_80A6993C	func_80A6993C	BOTH	0.00
soh/src/overlays/actors/ovl_En_Horse_Link_Child/z_en_horse_link_child.c	func	8	func_80A699FC	func_80A699FC	BOTH	0.00
soh/src/overlays/actors/ovl_En_Horse_Link_Child/z_en_horse_link_child.c	func	9	func_80A69B7C	func_80A69B7C	BOTH	0.00
soh/src/overlays/actors/ovl_En_Horse_Link_Child/z_en_horse_link_child.c	func	10	func_80A69C18	func_80A69C18	BOTH	0.00
soh/src/overlays/actors/ovl_En_Horse_Link_Child/z_en_horse_link_child.c	func	11	func_80A69EC0	func_80A69EC0	BOTH	0.00
soh/src/overlays/actors/ovl_En_Horse_Link_Child/z_en_horse_link_child.c	func	12	func_80A69F5C	func_80A69F5C	BOTH	0.00
soh/src/overlays/actors/ovl_En_Horse_Link_Child/z_en_horse_link_child.c	func	13	func_80A6A068	func_80A6A068	BOTH	0.00
soh/src/overlays/actors/ovl_En_Horse_Link_Child/z_en_horse_link_child.c	func	14	func_80A6A4DC	func_80A6A4DC	BOTH	0.00
soh/src/overlays/actors/ovl_En_Horse_Link_Child/z_en_horse_link_child.c	func	15	func_80A6A5A4	func_80A6A5A4	BOTH	0.00
soh/src/overlays/actors/ovl_En_Horse_Link_Child/z_en_horse_link_child.c	func	16	func_80A6A724	func_80A6A724	BOTH	0.00
soh/src/overlays/actors/ovl_En_Horse_Link_Child/z_en_horse_link_child.c	func	17	func_80A6A7D0	func_80A6A7D0	BOTH	0.00
soh/src/overlays/actors/ovl_En_Horse_Link_Child/z_en_horse_link_child.c	data	6	D_80A6AF64	D_80A6AF64	BOTH	0.00
soh/src/overlays/actors/ovl_En_Horse_Normal/z_en_horse_normal.c	func	0	func_80A6B250	func_80A6B250	BOTH	0.00
soh/src/overlays/actors/ovl_En_Horse_Normal/z_en_horse_normal.c	func	1	func_80A6B30C	func_80A6B30C	BOTH	0.00
soh/src/overlays/actors/ovl_En_Horse_Normal/z_en_horse_normal.c	func	4	func_80A6B91C	func_80A6B91C	BOTH	0.00
soh/src/overlays/actors/ovl_En_Horse_Normal/z_en_horse_normal.c	func	8	func_80A6BC48	func_80A6BC48	BOTH	0.00
soh/src/overlays/actors/ovl_En_Horse_Normal/z_en_horse_normal.c	func	9	func_80A6BCEC	func_80A6BCEC	BOTH	0.00
soh/src/overlays/actors/ovl_En_Horse_Normal/z_en_horse_normal.c	func	10	func_80A6BD7C	func_80A6BD7C	BOTH	0.00
soh/src/overlays/actors/ovl_En_Horse_Normal/z_en_horse_normal.c	func	12	func_80A6C4CC	func_80A6C4CC	BOTH	0.00
soh/src/overlays/actors/ovl_En_Horse_Normal/z_en_horse_normal.c	func	14	func_80A6C6B0	func_80A6C6B0	BOTH	0.00
soh/src/overlays/actors/ovl_En_Horse_Normal/z_en_horse_normal.c	func	16	func_80A6C8E0	func_80A6C8E0	BOTH	0.00
soh/src/overlays/actors/ovl_En_Horse_Normal/z_en_horse_normal.c	func	19	func_80A6CC88	func_80A6CC88	BOTH	0.00
soh/src/overlays/actors/ovl_En_Horse_Normal/z_en_horse_normal.c	data	7	D_80A6D428	D_80A6D428	BOTH	0.00
soh/src/overlays/actors/ovl_En_Horse_Normal/z_en_horse_normal.c	data	8	D_80A6D468	D_80A6D468	BOTH	0.00
soh/src/overlays/actors/ovl_En_Horse_Normal/z_en_horse_normal.c	data	9	D_80A6D470	D_80A6D470	BOTH	0.00
soh/src/overlays/actors/ovl_En_Horse_Normal/z_en_horse_normal.c	data	10	D_80A6D4B8	D_80A6D4B8	BOTH	0.00
soh/src/overlays/actors/ovl_En_Ik/z_en_ik.c	func	29	func_80A761B0	func_80A761B0	BOTH	0.00
soh/src/overlays/actors/ovl_En_Ik/z_en_ik.c	func	34	func_80A76C14	func_80A76C14	BOTH	0.00
soh/src/overlays/actors/ovl_En_Ik/z_en_ik.c	func	35	func_80A76DDC	func_80A76DDC	BOTH	0.00
soh/src/overlays/actors/ovl_En_Ik/z_en_ik.c	func	46	func_80A772A4	func_80A772A4	BOTH	0.00
soh/src/overlays/actors/ovl_En_Ik/z_en_ik.c	func	47	func_80A772EC	func_80A772EC	BOTH	0.00
soh/src/overlays/actors/ovl_En_Ik/z_en_ik.c	func	53	func_80A774F8	func_80A774F8	BOTH	0.00
soh/src/overlays/actors/ovl_En_Ik/z_en_ik.c	func	69	func_80A781CC	func_80A781CC	BOTH	0.00
soh/src/overlays/actors/ovl_En_Ik/z_en_ik.c	data	5	D_80A78470	D_80A78470	BOTH	0.00
soh/src/overlays/actors/ovl_En_Ik/z_en_ik.c	data	6	D_80A7847C	D_80A7847C	BOTH	0.00
soh/src/overlays/actors/ovl_En_Ik/z_en_ik.c	data	7	D_80A784AC	D_80A784AC	BOTH	0.00
soh/src/overlays/actors/ovl_En_Ik/z_en_ik.c	data	8	D_80A784D0	D_80A784D0	BOTH	0.00
soh/src/overlays/actors/ovl_En_In/z_en_in.c	func	21	func_80A7A4C8	func_80A7A4C8	BOTH	0.00
soh/src/overlays/actors/ovl_En_In/z_en_in.c	func	22	func_80A7A568	func_80A7A568	BOTH	0.00
soh/src/overlays/actors/ovl_En_In/z_en_in.c	func	23	func_80A7A770	func_80A7A770	BOTH	0.00
soh/src/overlays/actors/ovl_En_In/z_en_in.c	func	24	func_80A7A848	func_80A7A848	BOTH	0.00
soh/src/overlays/actors/ovl_En_In/z_en_in.c	func	25	func_80A7A940	func_80A7A940	BOTH	0.00
soh/src/overlays/actors/ovl_En_In/z_en_in.c	func	31	func_80A7B024	func_80A7B024	BOTH	0.00
soh/src/overlays/actors/ovl_En_Insect/z_en_insect.c	data	0	D_80A7DEB0	D_80A7DEB0	BOTH	0.00
soh/src/overlays/actors/ovl_En_Insect/z_en_insect.c	data	6	D_80A7DF10	sInitInsectFlags	MISMATCH	0.07
soh/src/overlays/actors/ovl_En_Jj/z_en_jj_cutscene_data.c	data	0	D_80A88164	D_80A88164	BOTH	0.00
soh/src/overlays/actors/ovl_En_Js/z_en_js.c	func	3	func_80A88F64	func_80A88F64	BOTH	0.00
soh/src/overlays/actors/ovl_En_Js/z_en_js.c	func	4	func_80A89008	func_80A89008	BOTH	0.00
soh/src/overlays/actors/ovl_En_Js/z_en_js.c	func	5	func_80A89078	func_80A89078	BOTH	0.00
soh/src/overlays/actors/ovl_En_Js/z_en_js.c	func	6	func_80A890C0	func_80A890C0	BOTH	0.00
soh/src/overlays/actors/ovl_En_Js/z_en_js.c	func	7	func_80A8910C	func_80A8910C	BOTH	0.00
soh/src/overlays/actors/ovl_En_Js/z_en_js.c	func	8	func_80A89160	func_80A89160	BOTH	0.00
soh/src/overlays/actors/ovl_En_Js/z_en_js.c	func	9	func_80A891C4	func_80A891C4	BOTH	0.00
soh/src/overlays/actors/ovl_En_Js/z_en_js.c	func	10	func_80A89294	func_80A89294	BOTH	0.00
soh/src/overlays/actors/ovl_En_Js/z_en_js.c	func	11	func_80A89304	func_80A89304	BOTH	0.00
soh/src/overlays/actors/ovl_En_Kakasi/z_en_kakasi.c	func	2	func_80A8F28C	func_80A8F28C	BOTH	0.00
soh/src/overlays/actors/ovl_En_Kakasi/z_en_kakasi.c	func	3	func_80A8F320	func_80A8F320	BOTH	0.00
soh/src/overlays/actors/ovl_En_Kakasi/z_en_kakasi.c	func	4	func_80A8F660	func_80A8F660	BOTH	0.00
soh/src/overlays/actors/ovl_En_Kakasi/z_en_kakasi.c	func	5	func_80A8F75C	func_80A8F75C	BOTH	0.00
soh/src/overlays/actors/ovl_En_Kakasi/z_en_kakasi.c	func	6	func_80A8F8D0	func_80A8F8D0	BOTH	0.00
soh/src/overlays/actors/ovl_En_Kakasi/z_en_kakasi.c	func	7	func_80A8F9C8	func_80A8F9C8	BOTH	0.00
soh/src/overlays/actors/ovl_En_Kakasi/z_en_kakasi.c	func	8	func_80A8FAA4	func_80A8FAA4	BOTH	0.00
soh/src/overlays/actors/ovl_En_Kakasi/z_en_kakasi.c	func	9	func_80A8FBB8	func_80A8FBB8	BOTH	0.00
soh/src/overlays/actors/ovl_En_Kakasi2/z_en_kakasi2.c	func	2	func_80A90264	func_80A90264	BOTH	0.00
soh/src/overlays/actors/ovl_En_Kakasi2/z_en_kakasi2.c	func	3	func_80A904D8	func_80A904D8	BOTH	0.00
soh/src/overlays/actors/ovl_En_Kakasi2/z_en_kakasi2.c	func	4	func_80A90578	func_80A90578	BOTH	0.00
soh/src/overlays/actors/ovl_En_Kakasi2/z_en_kakasi2.c	func	5	func_80A9062C	func_80A9062C	BOTH	0.00
soh/src/overlays/actors/ovl_En_Kakasi2/z_en_kakasi2.c	func	6	func_80A906C4	func_80A906C4	BOTH	0.00
soh/src/overlays/actors/ovl_En_Kakasi2/z_en_kakasi2.c	func	8	func_80A90948	func_80A90948	BOTH	0.00
soh/src/overlays/actors/ovl_En_Kakasi3/z_en_kakasi3.c	func	2	func_80A90E28	func_80A90E28	BOTH	0.00
soh/src/overlays/actors/ovl_En_Kakasi3/z_en_kakasi3.c	func	3	func_80A90EBC	func_80A90EBC	BOTH	0.00
soh/src/overlays/actors/ovl_En_Kakasi3/z_en_kakasi3.c	func	4	func_80A911F0	func_80A911F0	BOTH	0.00
soh/src/overlays/actors/ovl_En_Kakasi3/z_en_kakasi3.c	func	5	func_80A91284	func_80A91284	BOTH	0.00
soh/src/overlays/actors/ovl_En_Kakasi3/z_en_kakasi3.c	func	6	func_80A91348	func_80A91348	BOTH	0.00
soh/src/overlays/actors/ovl_En_Kakasi3/z_en_kakasi3.c	func	7	func_80A915B8	func_80A915B8	BOTH	0.00
soh/src/overlays/actors/ovl_En_Kakasi3/z_en_kakasi3.c	func	8	func_80A91620	func_80A91620	BOTH	0.00
soh/src/overlays/actors/ovl_En_Kakasi3/z_en_kakasi3.c	func	9	func_80A91760	func_80A91760	BOTH	0.00
soh/src/overlays/actors/ovl_En_Kakasi3/z_en_kakasi3.c	func	10	func_80A917FC	func_80A917FC	BOTH	0.00
soh/src/overlays/actors/ovl_En_Kakasi3/z_en_kakasi3.c	func	11	func_80A9187C	func_80A9187C	BOTH	0.00
soh/src/overlays/actors/ovl_En_Kakasi3/z_en_kakasi3.c	func	12	func_80A918E4	func_80A918E4	BOTH	0.00
soh/src/overlays/actors/ovl_En_Kakasi3/z_en_kakasi3.c	func	13	func_80A91A90	func_80A91A90	BOTH	0.00
soh/src/overlays/actors/ovl_En_Ko/z_en_ko.c	func	9	func_80A97BC0	func_80A97BC0	BOTH	0.00
soh/src/overlays/actors/ovl_En_Ko/z_en_ko.c	func	10	func_80A97C7C	func_80A97C7C	BOTH	0.00
soh/src/overlays/actors/ovl_En_Ko/z_en_ko.c	func	12	func_80A97D68	func_80A97D68	BOTH	0.00
soh/src/overlays/actors/ovl_En_Ko/z_en_ko.c	func	13	func_80A97E18	func_80A97E18	BOTH	0.00
soh/src/overlays/actors/ovl_En_Ko/z_en_ko.c	func	14	func_80A97EB0	func_80A97EB0	BOTH	0.00
soh/src/overlays/actors/ovl_En_Ko/z_en_ko.c	func	15	func_80A97F20	func_80A97F20	BOTH	0.00
soh/src/overlays/actors/ovl_En_Ko/z_en_ko.c	func	16	func_80A97F70	func_80A97F70	BOTH	0.00
soh/src/overlays/actors/ovl_En_Ko/z_en_ko.c	func	17	func_80A98034	func_80A98034	BOTH	0.00
soh/src/overlays/actors/ovl_En_Ko/z_en_ko.c	func	18	func_80A98124	func_80A98124	BOTH	0.00
soh/src/overlays/actors/ovl_En_Ko/z_en_ko.c	func	19	func_80A98174	func_80A98174	BOTH	0.00
soh/src/overlays/actors/ovl_En_Ko/z_en_ko.c	func	25	func_80A9877C	func_80A9877C	BOTH	0.00
soh/src/overlays/actors/ovl_En_Ko/z_en_ko.c	func	28	func_80A98CD8	func_80A98CD8	BOTH	0.00
soh/src/overlays/actors/ovl_En_Ko/z_en_ko.c	func	30	func_80A98DB4	func_80A98DB4	BOTH	0.00
soh/src/overlays/actors/ovl_En_Ko/z_en_ko.c	func	31	func_80A98ECC	func_80A98ECC	BOTH	0.00
soh/src/overlays/actors/ovl_En_Ko/z_en_ko.c	func	34	func_80A99048	func_80A99048	BOTH	0.00
soh/src/overlays/actors/ovl_En_Ko/z_en_ko.c	func	35	func_80A99384	func_80A99384	BOTH	0.00
soh/src/overlays/actors/ovl_En_Ko/z_en_ko.c	func	36	func_80A99438	func_80A99438	BOTH	0.00
soh/src/overlays/actors/ovl_En_Ko/z_en_ko.c	func	37	func_80A99504	func_80A99504	BOTH	0.00
soh/src/overlays/actors/ovl_En_Ko/z_en_ko.c	func	38	func_80A99560	func_80A99560	BOTH	0.00
soh/src/overlays/actors/ovl_En_Ko/z_en_ko.c	func	39	func_80A995CC	func_80A995CC	BOTH	0.00
soh/src/overlays/actors/ovl_En_Light/z_en_light.c	data	1	D_80A9E840	D_80A9E840	BOTH	0.00
soh/src/overlays/actors/ovl_En_Ma1/z_en_ma1.c	data	4	D_80AA16B8	D_80AA16B8	BOTH	0.00
soh/src/overlays/actors/ovl_En_Ma3/z_en_ma3.c	func	2	func_80AA2E54	func_80AA2E54	BOTH	0.00
soh/src/overlays/actors/ovl_En_Ma3/z_en_ma3.c	func	3	func_80AA2EC8	func_80AA2EC8	BOTH	0.00
soh/src/overlays/actors/ovl_En_Ma3/z_en_ma3.c	func	4	func_80AA2F28	func_80AA2F28	BOTH	0.00
soh/src/overlays/actors/ovl_En_Ma3/z_en_ma3.c	func	9	func_80AA3200	func_80AA3200	BOTH	0.00
soh/src/overlays/actors/ovl_En_Mk/z_en_mk.c	func	2	func_80AACA40	func_80AACA40	BOTH	0.00
soh/src/overlays/actors/ovl_En_Mk/z_en_mk.c	func	3	func_80AACA94	func_80AACA94	BOTH	0.00
soh/src/overlays/actors/ovl_En_Mk/z_en_mk.c	func	4	func_80AACB14	func_80AACB14	BOTH	0.00
soh/src/overlays/actors/ovl_En_Mk/z_en_mk.c	func	5	func_80AACB6C	func_80AACB6C	BOTH	0.00
soh/src/overlays/actors/ovl_En_Mk/z_en_mk.c	func	6	func_80AACBAC	func_80AACBAC	BOTH	0.00
soh/src/overlays/actors/ovl_En_Mk/z_en_mk.c	func	7	func_80AACC04	func_80AACC04	BOTH	0.00
soh/src/overlays/actors/ovl_En_Mk/z_en_mk.c	func	8	func_80AACCA0	func_80AACCA0	BOTH	0.00
soh/src/overlays/actors/ovl_En_Mk/z_en_mk.c	func	9	func_80AACD48	func_80AACD48	BOTH	0.00
soh/src/overlays/actors/ovl_En_Mk/z_en_mk.c	func	10	func_80AACE2C	func_80AACE2C	BOTH	0.00
soh/src/overlays/actors/ovl_En_Mk/z_en_mk.c	func	11	func_80AACEE8	func_80AACEE8	BOTH	0.00
soh/src/overlays/actors/ovl_En_Mk/z_en_mk.c	func	12	func_80AACFA0	func_80AACFA0	BOTH	0.00
soh/src/overlays/actors/ovl_En_Mk/z_en_mk.c	func	13	func_80AAD014	func_80AAD014	BOTH	0.00
soh/src/overlays/actors/ovl_En_Mm/z_en_mm.c	func	3	func_80AADA70	func_80AADA70	BOTH	0.00
soh/src/overlays/actors/ovl_En_Mm/z_en_mm.c	func	4	func_80AADAA0	func_80AADAA0	BOTH	0.00
soh/src/overlays/actors/ovl_En_Mm/z_en_mm.c	func	6	func_80AADCD0	func_80AADCD0	BOTH	0.00
soh/src/overlays/actors/ovl_En_Mm/z_en_mm.c	func	8	func_80AADE60	func_80AADE60	BOTH	0.00
soh/src/overlays/actors/ovl_En_Mm/z_en_mm.c	func	9	func_80AADEF0	func_80AADEF0	BOTH	0.00
soh/src/overlays/actors/ovl_En_Mm/z_en_mm.c	func	10	func_80AAE224	func_80AAE224	BOTH	0.00
soh/src/overlays/actors/ovl_En_Mm/z_en_mm.c	func	11	func_80AAE294	func_80AAE294	BOTH	0.00
soh/src/overlays/actors/ovl_En_Mm/z_en_mm.c	func	12	func_80AAE50C	func_80AAE50C	BOTH	0.00
soh/src/overlays/actors/ovl_En_Mm/z_en_mm.c	func	13	func_80AAE598	func_80AAE598	BOTH	0.00
soh/src/overlays/actors/ovl_En_Mm2/z_en_mm2.c	func	1	func_80AAEF70	func_80AAEF70	BOTH	0.00
soh/src/overlays/actors/ovl_En_Mm2/z_en_mm2.c	func	4	func_80AAF224	func_80AAF224	BOTH	0.00
soh/src/overlays/actors/ovl_En_Mm2/z_en_mm2.c	func	5	func_80AAF2BC	func_80AAF2BC	BOTH	0.00
soh/src/overlays/actors/ovl_En_Mm2/z_en_mm2.c	func	6	func_80AAF330	func_80AAF330	BOTH	0.00
soh/src/overlays/actors/ovl_En_Mm2/z_en_mm2.c	func	7	func_80AAF3C0	func_80AAF3C0	BOTH	0.00
soh/src/overlays/actors/ovl_En_Mm2/z_en_mm2.c	func	8	func_80AAF57C	func_80AAF57C	BOTH	0.00
soh/src/overlays/actors/ovl_En_Mm2/z_en_mm2.c	func	9	func_80AAF5EC	func_80AAF5EC	BOTH	0.00
soh/src/overlays/actors/ovl_En_Mm2/z_en_mm2.c	func	10	func_80AAF668	func_80AAF668	BOTH	0.00
soh/src/overlays/actors/ovl_En_Mu/z_en_mu.c	data	0	D_80AB0BD0	D_80AB0BD0	BOTH	0.00
soh/src/overlays/actors/ovl_En_Mu/z_en_mu.c	data	1	D_80AB0BFC	D_80AB0BFC	BOTH	0.00
soh/src/overlays/actors/ovl_En_Nb/z_en_nb.c	func	6	func_80AB0FBC	func_80AB0FBC	BOTH	0.00
soh/src/overlays/actors/ovl_En_Nb/z_en_nb.c	func	7	func_80AB1040	func_80AB1040	BOTH	0.00
soh/src/overlays/actors/ovl_En_Nb/z_en_nb.c	func	8	func_80AB10C4	func_80AB10C4	BOTH	0.00
soh/src/overlays/actors/ovl_En_Nb/z_en_nb.c	func	10	func_80AB11EC	func_80AB11EC	BOTH	0.00
soh/src/overlays/actors/ovl_En_Nb/z_en_nb.c	func	11	func_80AB1210	func_80AB1210	BOTH	0.00
soh/src/overlays/actors/ovl_En_Nb/z_en_nb.c	func	12	func_80AB1284	func_80AB1284	BOTH	0.00
soh/src/overlays/actors/ovl_En_Nb/z_en_nb.c	func	16	func_80AB1390	func_80AB1390	BOTH	0.00
soh/src/overlays/actors/ovl_En_Nb/z_en_nb.c	func	17	func_80AB13D8	func_80AB13D8	BOTH	0.00
soh/src/overlays/actors/ovl_En_Nb/z_en_nb.c	func	33	func_80AB193C	func_80AB193C	BOTH	0.00
soh/src/overlays/actors/ovl_En_Nb/z_en_nb.c	func	35	func_80AB19BC	func_80AB19BC	BOTH	0.00
soh/src/overlays/actors/ovl_En_Nb/z_en_nb.c	func	36	func_80AB19FC	func_80AB19FC	BOTH	0.00
soh/src/overlays/actors/ovl_En_Nb/z_en_nb.c	func	56	func_80AB23A8	func_80AB23A8	BOTH	0.00
soh/src/overlays/actors/ovl_En_Nb/z_en_nb.c	func	65	func_80AB2688	func_80AB2688	BOTH	0.00
soh/src/overlays/actors/ovl_En_Nb/z_en_nb.c	func	66	func_80AB26C8	func_80AB26C8	BOTH	0.00
soh/src/overlays/actors/ovl_En_Nb/z_en_nb.c	func	67	func_80AB26DC	func_80AB26DC	BOTH	0.00
soh/src/overlays/actors/ovl_En_Nb/z_en_nb.c	func	79	func_80AB2C18	func_80AB2C18	BOTH	0.00
soh/src/overlays/actors/ovl_En_Nb/z_en_nb.c	func	85	func_80AB2E70	func_80AB2E70	BOTH	0.00
soh/src/overlays/actors/ovl_En_Nb/z_en_nb.c	func	86	func_80AB2FC0	func_80AB2FC0	BOTH	0.00
soh/src/overlays/actors/ovl_En_Nb/z_en_nb.c	func	87	func_80AB2FE4	func_80AB2FE4	BOTH	0.00
soh/src/overlays/actors/ovl_En_Nb/z_en_nb.c	func	97	func_80AB3428	func_80AB3428	BOTH	0.00
soh/src/overlays/actors/ovl_En_Nb/z_en_nb.c	func	100	func_80AB359C	func_80AB359C	BOTH	0.00
soh/src/overlays/actors/ovl_En_Nb/z_en_nb.c	func	103	func_80AB36DC	func_80AB36DC	BOTH	0.00
soh/src/overlays/actors/ovl_En_Nb/z_en_nb.c	func	106	func_80AB3838	func_80AB3838	BOTH	0.00
soh/src/overlays/actors/ovl_En_Nb/z_en_nb.c	func	109	func_80AB3A7C	func_80AB3A7C	BOTH	0.00
soh/src/overlays/actors/ovl_En_Nb/z_en_nb.c	func	110	func_80AB3B04	func_80AB3B04	BOTH	0.00
soh/src/overlays/actors/ovl_En_Nb/z_en_nb.c	func	111	func_80AB3B7C	func_80AB3B7C	BOTH	0.00
soh/src/overlays/actors/ovl_En_Nb/z_en_nb.c	func	117	func_80AB3DB0	func_80AB3DB0	BOTH	0.00
soh/src/overlays/actors/ovl_En_Nb/z_en_nb.c	func	118	func_80AB3E10	func_80AB3E10	BOTH	0.00
soh/src/overlays/actors/ovl_En_Nb/z_en_nb.c	data	2	D_80AB4318	D_80AB4318	BOTH	0.00
soh/src/overlays/actors/ovl_En_Nb/z_en_nb_cutscene_data.c	data	0	D_80AB431C	D_80AB431C	BOTH	0.00
soh/src/overlays/actors/ovl_En_Niw/z_en_niw.c	func	2	func_80AB5BF8	func_80AB5BF8	BOTH	0.00
soh/src/overlays/actors/ovl_En_Niw/z_en_niw.c	func	4	func_80AB6100	func_80AB6100	BOTH	0.00
soh/src/overlays/actors/ovl_En_Niw/z_en_niw.c	func	6	func_80AB6324	func_80AB6324	BOTH	0.00
soh/src/overlays/actors/ovl_En_Niw/z_en_niw.c	func	7	func_80AB63A8	func_80AB63A8	BOTH	0.00
soh/src/overlays/actors/ovl_En_Niw/z_en_niw.c	func	8	func_80AB6450	func_80AB6450	BOTH	0.00
soh/src/overlays/actors/ovl_En_Niw/z_en_niw.c	func	9	func_80AB6570	func_80AB6570	BOTH	0.00
soh/src/overlays/actors/ovl_En_Niw/z_en_niw.c	func	10	func_80AB6A38	func_80AB6A38	BOTH	0.00
soh/src/overlays/actors/ovl_En_Niw/z_en_niw.c	func	11	func_80AB6BF8	func_80AB6BF8	BOTH	0.00
soh/src/overlays/actors/ovl_En_Niw/z_en_niw.c	func	12	func_80AB6D08	func_80AB6D08	BOTH	0.00
soh/src/overlays/actors/ovl_En_Niw/z_en_niw.c	func	13	func_80AB6EB4	func_80AB6EB4	BOTH	0.00
soh/src/overlays/actors/ovl_En_Niw/z_en_niw.c	func	14	func_80AB6F04	func_80AB6F04	BOTH	0.00
soh/src/overlays/actors/ovl_En_Niw/z_en_niw.c	func	15	func_80AB70A0	func_80AB70A0	BOTH	0.00
soh/src/overlays/actors/ovl_En_Niw/z_en_niw.c	func	17	func_80AB70F8	func_80AB70F8	BOTH	0.00
soh/src/overlays/actors/ovl_En_Niw/z_en_niw.c	func	18	func_80AB714C	func_80AB714C	BOTH	0.00
soh/src/overlays/actors/ovl_En_Niw/z_en_niw.c	func	19	func_80AB7204	func_80AB7204	BOTH	0.00
soh/src/overlays/actors/ovl_En_Niw/z_en_niw.c	func	20	func_80AB7290	func_80AB7290	BOTH	0.00
soh/src/overlays/actors/ovl_En_Niw/z_en_niw.c	func	21	func_80AB7328	func_80AB7328	BOTH	0.00
soh/src/overlays/actors/ovl_En_Niw/z_en_niw.c	func	22	func_80AB7420	func_80AB7420	BOTH	0.00
soh/src/overlays/actors/ovl_En_Niw/z_en_niw.c	func	23	func_80AB747C	func_80AB747C	BOTH	0.00
soh/src/overlays/actors/ovl_En_Niw/z_en_niw.c	data	0	D_80AB85E0	D_80AB85E0	BOTH	0.00
soh/src/overlays/actors/ovl_En_Niw/z_en_niw.c	data	2	D_80AB8604	D_80AB8604	BOTH	0.00
soh/src/overlays/actors/ovl_En_Niw/z_en_niw.c	data	3	D_80AB860C	D_80AB860C	BOTH	0.00
soh/src/overlays/actors/ovl_En_Niw_Girl/z_en_niw_girl.c	func	3	func_80AB9210	func_80AB9210	BOTH	0.00
soh/src/overlays/actors/ovl_En_Niw_Girl/z_en_niw_girl.c	func	5	func_80AB94D0	func_80AB94D0	BOTH	0.00
soh/src/overlays/actors/ovl_En_Niw_Lady/z_en_niw_lady.c	func	3	func_80AB9F24	func_80AB9F24	BOTH	0.00
soh/src/overlays/actors/ovl_En_Niw_Lady/z_en_niw_lady.c	func	4	func_80ABA21C	func_80ABA21C	BOTH	0.00
soh/src/overlays/actors/ovl_En_Niw_Lady/z_en_niw_lady.c	func	5	func_80ABA244	func_80ABA244	BOTH	0.00
soh/src/overlays/actors/ovl_En_Niw_Lady/z_en_niw_lady.c	func	6	func_80ABA654	func_80ABA654	BOTH	0.00
soh/src/overlays/actors/ovl_En_Niw_Lady/z_en_niw_lady.c	func	7	func_80ABA778	func_80ABA778	BOTH	0.00
soh/src/overlays/actors/ovl_En_Niw_Lady/z_en_niw_lady.c	func	8	func_80ABA878	func_80ABA878	BOTH	0.00
soh/src/overlays/actors/ovl_En_Niw_Lady/z_en_niw_lady.c	func	9	func_80ABA9B8	func_80ABA9B8	BOTH	0.00
soh/src/overlays/actors/ovl_En_Niw_Lady/z_en_niw_lady.c	func	10	func_80ABAA9C	func_80ABAA9C	BOTH	0.00
soh/src/overlays/actors/ovl_En_Niw_Lady/z_en_niw_lady.c	func	11	func_80ABAB08	func_80ABAB08	BOTH	0.00
soh/src/overlays/actors/ovl_En_Niw_Lady/z_en_niw_lady.c	func	12	func_80ABAC00	func_80ABAC00	BOTH	0.00
soh/src/overlays/actors/ovl_En_Niw_Lady/z_en_niw_lady.c	func	13	func_80ABAC84	func_80ABAC84	BOTH	0.00
soh/src/overlays/actors/ovl_En_Niw_Lady/z_en_niw_lady.c	func	14	func_80ABAD38	func_80ABAD38	BOTH	0.00
soh/src/overlays/actors/ovl_En_Niw_Lady/z_en_niw_lady.c	func	15	func_80ABAD7C	func_80ABAD7C	BOTH	0.00
soh/src/overlays/actors/ovl_En_Niw_Lady/z_en_niw_lady.c	data	2	D_80ABB3B4	D_80ABB3B4	BOTH	0.00
soh/src/overlays/actors/ovl_En_Ny/z_en_ny.c	func	2	func_80ABCD40	func_80ABCD40	BOTH	0.00
soh/src/overlays/actors/ovl_En_Ny/z_en_ny.c	func	3	func_80ABCD84	func_80ABCD84	BOTH	0.00
soh/src/overlays/actors/ovl_En_Ny/z_en_ny.c	func	4	func_80ABCD94	func_80ABCD94	BOTH	0.00
soh/src/overlays/actors/ovl_En_Ny/z_en_ny.c	func	5	func_80ABCDAC	func_80ABCDAC	BOTH	0.00
soh/src/overlays/actors/ovl_En_Ny/z_en_ny.c	func	6	func_80ABCDBC	func_80ABCDBC	BOTH	0.00
soh/src/overlays/actors/ovl_En_Ny/z_en_ny.c	func	8	func_80ABCE38	func_80ABCE38	BOTH	0.00
soh/src/overlays/actors/ovl_En_Ny/z_en_ny.c	func	9	func_80ABCE50	func_80ABCE50	BOTH	0.00
soh/src/overlays/actors/ovl_En_Ny/z_en_ny.c	func	10	func_80ABCE90	func_80ABCE90	BOTH	0.00
soh/src/overlays/actors/ovl_En_Ny/z_en_ny.c	func	11	func_80ABCEEC	func_80ABCEEC	BOTH	0.00
soh/src/overlays/actors/ovl_En_Ny/z_en_ny.c	func	14	func_80ABD11C	func_80ABD11C	BOTH	0.00
soh/src/overlays/actors/ovl_En_Ny/z_en_ny.c	func	16	func_80ABD3B8	func_80ABD3B8	BOTH	0.00
soh/src/overlays/actors/ovl_En_Okarina_Tag/z_en_okarina_tag.c	func	2	func_80ABEF2C	func_80ABEF2C	BOTH	0.00
soh/src/overlays/actors/ovl_En_Okarina_Tag/z_en_okarina_tag.c	func	3	func_80ABF0CC	func_80ABF0CC	BOTH	0.00
soh/src/overlays/actors/ovl_En_Okarina_Tag/z_en_okarina_tag.c	func	4	func_80ABF28C	func_80ABF28C	BOTH	0.00
soh/src/overlays/actors/ovl_En_Okarina_Tag/z_en_okarina_tag.c	func	5	func_80ABF4C8	func_80ABF4C8	BOTH	0.00
soh/src/overlays/actors/ovl_En_Okarina_Tag/z_en_okarina_tag.c	func	6	func_80ABF708	func_80ABF708	BOTH	0.00
soh/src/overlays/actors/ovl_En_Okarina_Tag/z_en_okarina_tag.c	func	7	func_80ABF7CC	func_80ABF7CC	BOTH	0.00
soh/src/overlays/actors/ovl_En_Ossan/z_en_ossan.c	data	4	D_80AC8904	D_80AC8904	BOTH	0.00
soh/src/overlays/actors/ovl_En_Owl/z_en_owl.c	func	4	func_80ACA558	func_80ACA558	BOTH	0.00
soh/src/overlays/actors/ovl_En_Owl/z_en_owl.c	func	5	func_80ACA5C8	func_80ACA5C8	BOTH	0.00
soh/src/overlays/actors/ovl_En_Owl/z_en_owl.c	func	6	func_80ACA62C	func_80ACA62C	BOTH	0.00
soh/src/overlays/actors/ovl_En_Owl/z_en_owl.c	func	7	func_80ACA690	func_80ACA690	BOTH	0.00
soh/src/overlays/actors/ovl_En_Owl/z_en_owl.c	func	8	func_80ACA6C0	func_80ACA6C0	BOTH	0.00
soh/src/overlays/actors/ovl_En_Owl/z_en_owl.c	func	9	func_80ACA71C	func_80ACA71C	BOTH	0.00
soh/src/overlays/actors/ovl_En_Owl/z_en_owl.c	func	10	func_80ACA76C	func_80ACA76C	BOTH	0.00
soh/src/overlays/actors/ovl_En_Owl/z_en_owl.c	func	11	func_80ACA7E0	func_80ACA7E0	BOTH	0.00
soh/src/overlays/actors/ovl_En_Owl/z_en_owl.c	func	14	func_80ACA998	func_80ACA998	BOTH	0.00
soh/src/overlays/actors/ovl_En_Owl/z_en_owl.c	func	15	func_80ACAA54	func_80ACAA54	BOTH	0.00
soh/src/overlays/actors/ovl_En_Owl/z_en_owl.c	func	16	func_80ACAAC0	func_80ACAAC0	BOTH	0.00
soh/src/overlays/actors/ovl_En_Owl/z_en_owl.c	func	18	func_80ACAB88	func_80ACAB88	BOTH	0.00
soh/src/overlays/actors/ovl_En_Owl/z_en_owl.c	func	19	func_80ACAC6C	func_80ACAC6C	BOTH	0.00
soh/src/overlays/actors/ovl_En_Owl/z_en_owl.c	func	21	func_80ACAD34	func_80ACAD34	BOTH	0.00
soh/src/overlays/actors/ovl_En_Owl/z_en_owl.c	func	22	func_80ACADF0	func_80ACADF0	BOTH	0.00
soh/src/overlays/actors/ovl_En_Owl/z_en_owl.c	func	24	func_80ACAEB8	func_80ACAEB8	BOTH	0.00
soh/src/overlays/actors/ovl_En_Owl/z_en_owl.c	func	25	func_80ACAF74	func_80ACAF74	BOTH	0.00
soh/src/overlays/actors/ovl_En_Owl/z_en_owl.c	func	27	func_80ACB03C	func_80ACB03C	BOTH	0.00
soh/src/overlays/actors/ovl_En_Owl/z_en_owl.c	func	29	func_80ACB148	func_80ACB148	BOTH	0.00
soh/src/overlays/actors/ovl_En_Owl/z_en_owl.c	func	31	func_80ACB22C	func_80ACB22C	BOTH	0.00
soh/src/overlays/actors/ovl_En_Owl/z_en_owl.c	func	32	func_80ACB274	func_80ACB274	BOTH	0.00
soh/src/overlays/actors/ovl_En_Owl/z_en_owl.c	func	34	func_80ACB344	func_80ACB344	BOTH	0.00
soh/src/overlays/actors/ovl_En_Owl/z_en_owl.c	func	35	func_80ACB3E0	func_80ACB3E0	BOTH	0.00
soh/src/overlays/actors/ovl_En_Owl/z_en_owl.c	func	36	func_80ACB440	func_80ACB440	BOTH	0.00
soh/src/overlays/actors/ovl_En_Owl/z_en_owl.c	func	37	func_80ACB4FC	func_80ACB4FC	BOTH	0.00
soh/src/overlays/actors/ovl_En_Owl/z_en_owl.c	func	39	func_80ACB5C4	func_80ACB5C4	BOTH	0.00
soh/src/overlays/actors/ovl_En_Owl/z_en_owl.c	func	40	func_80ACB680	func_80ACB680	BOTH	0.00
soh/src/overlays/actors/ovl_En_Owl/z_en_owl.c	func	42	func_80ACB748	func_80ACB748	BOTH	0.00
soh/src/overlays/actors/ovl_En_Owl/z_en_owl.c	func	43	func_80ACB904	func_80ACB904	BOTH	0.00
soh/src/overlays/actors/ovl_En_Owl/z_en_owl.c	func	44	func_80ACB994	func_80ACB994	BOTH	0.00
soh/src/overlays/actors/ovl_En_Owl/z_en_owl.c	func	46	func_80ACBAB8	func_80ACBAB8	BOTH	0.00
soh/src/overlays/actors/ovl_En_Owl/z_en_owl.c	func	47	func_80ACBC0C	func_80ACBC0C	BOTH	0.00
soh/src/overlays/actors/ovl_En_Owl/z_en_owl.c	func	48	func_80ACBD4C	func_80ACBD4C	BOTH	0.00
soh/src/overlays/actors/ovl_En_Owl/z_en_owl.c	func	49	func_80ACBEA0	func_80ACBEA0	BOTH	0.00
soh/src/overlays/actors/ovl_En_Owl/z_en_owl.c	func	50	func_80ACBF50	func_80ACBF50	BOTH	0.00
soh/src/overlays/actors/ovl_En_Owl/z_en_owl.c	func	51	func_80ACC00C	func_80ACC00C	BOTH	0.00
soh/src/overlays/actors/ovl_En_Owl/z_en_owl.c	func	52	func_80ACC23C	func_80ACC23C	BOTH	0.00
soh/src/overlays/actors/ovl_En_Owl/z_en_owl.c	func	53	func_80ACC30C	func_80ACC30C	BOTH	0.00
soh/src/overlays/actors/ovl_En_Owl/z_en_owl.c	func	54	func_80ACC390	func_80ACC390	BOTH	0.00
soh/src/overlays/actors/ovl_En_Owl/z_en_owl.c	func	55	func_80ACC460	func_80ACC460	BOTH	0.00
soh/src/overlays/actors/ovl_En_Owl/z_en_owl.c	func	56	func_80ACC540	func_80ACC540	BOTH	0.00
soh/src/overlays/actors/ovl_En_Owl/z_en_owl.c	func	57	func_80ACC5CC	func_80ACC5CC	BOTH	0.00
soh/src/overlays/actors/ovl_En_Owl/z_en_owl.c	func	58	func_80ACC624	func_80ACC624	BOTH	0.00
soh/src/overlays/actors/ovl_En_Owl/z_en_owl.c	func	64	func_80ACD130	func_80ACD130	BOTH	0.00
soh/src/overlays/actors/ovl_En_Owl/z_en_owl.c	func	65	func_80ACD1C4	func_80ACD1C4	BOTH	0.00
soh/src/overlays/actors/ovl_En_Owl/z_en_owl.c	func	66	func_80ACD220	func_80ACD220	BOTH	0.00
soh/src/overlays/actors/ovl_En_Owl/z_en_owl.c	func	67	func_80ACD2CC	func_80ACD2CC	BOTH	0.00
soh/src/overlays/actors/ovl_En_Owl/z_en_owl.c	func	68	func_80ACD4D4	func_80ACD4D4	BOTH	0.00
soh/src/overlays/actors/ovl_En_Part/z_en_part.c	func	2	func_80ACDDE8	func_80ACDDE8	BOTH	0.00
soh/src/overlays/actors/ovl_En_Part/z_en_part.c	func	3	func_80ACE13C	func_80ACE13C	BOTH	0.00
soh/src/overlays/actors/ovl_En_Part/z_en_part.c	func	4	func_80ACE5B8	func_80ACE5B8	BOTH	0.00
soh/src/overlays/actors/ovl_En_Part/z_en_part.c	func	5	func_80ACE5C8	func_80ACE5C8	BOTH	0.00
soh/src/overlays/actors/ovl_En_Part/z_en_part.c	func	6	func_80ACE7E8	func_80ACE7E8	BOTH	0.00
soh/src/overlays/actors/ovl_En_Part/z_en_part.c	func	8	func_80ACEAC0	func_80ACEAC0	BOTH	0.00
soh/src/overlays/actors/ovl_En_Partner/z_en_partner.c	-	-	-	-	NOFILE	0.00
soh/src/overlays/actors/ovl_En_Po_Field/z_en_po_field.c	func	10	func_80AD42B0	func_80AD42B0	BOTH	0.00
soh/src/overlays/actors/ovl_En_Po_Field/z_en_po_field.c	func	11	func_80AD4384	func_80AD4384	BOTH	0.00
soh/src/overlays/actors/ovl_En_Po_Field/z_en_po_field.c	func	25	func_80AD587C	func_80AD587C	BOTH	0.00
soh/src/overlays/actors/ovl_En_Po_Field/z_en_po_field.c	func	26	func_80AD58D4	func_80AD58D4	BOTH	0.00
soh/src/overlays/actors/ovl_En_Po_Field/z_en_po_field.c	func	33	func_80AD619C	func_80AD619C	BOTH	0.00
soh/src/overlays/actors/ovl_En_Po_Field/z_en_po_field.c	func	34	func_80AD6330	func_80AD6330	BOTH	0.00
soh/src/overlays/actors/ovl_En_Po_Field/z_en_po_field.c	data	1	D_80AD7080	D_80AD7080	BOTH	0.00
soh/src/overlays/actors/ovl_En_Po_Field/z_en_po_field.c	data	2	D_80AD70AC	D_80AD70AC	BOTH	0.00
soh/src/overlays/actors/ovl_En_Po_Field/z_en_po_field.c	data	3	D_80AD70D8	D_80AD70D8	BOTH	0.00
soh/src/overlays/actors/ovl_En_Po_Field/z_en_po_field.c	data	8	D_80AD7114	D_80AD7114	BOTH	0.00
soh/src/overlays/actors/ovl_En_Po_Field/z_en_po_field.c	data	9	D_80AD7120	D_80AD7120	BOTH	0.00
soh/src/overlays/actors/ovl_En_Po_Field/z_en_po_field.c	data	11	D_80AD714C	D_80AD714C	BOTH	0.00
soh/src/overlays/actors/ovl_En_Po_Sisters/z_en_po_sisters.c	func	2	func_80AD9240	func_80AD9240	BOTH	0.00
soh/src/overlays/actors/ovl_En_Po_Sisters/z_en_po_sisters.c	func	3	func_80AD9368	func_80AD9368	BOTH	0.00
soh/src/overlays/actors/ovl_En_Po_Sisters/z_en_po_sisters.c	func	4	func_80AD93C4	func_80AD93C4	BOTH	0.00
soh/src/overlays/actors/ovl_En_Po_Sisters/z_en_po_sisters.c	func	5	func_80AD943C	func_80AD943C	BOTH	0.00
soh/src/overlays/actors/ovl_En_Po_Sisters/z_en_po_sisters.c	func	6	func_80AD944C	func_80AD944C	BOTH	0.00
soh/src/overlays/actors/ovl_En_Po_Sisters/z_en_po_sisters.c	func	7	func_80AD94E0	func_80AD94E0	BOTH	0.00
soh/src/overlays/actors/ovl_En_Po_Sisters/z_en_po_sisters.c	func	8	func_80AD9568	func_80AD9568	BOTH	0.00
soh/src/overlays/actors/ovl_En_Po_Sisters/z_en_po_sisters.c	func	9	func_80AD95D8	func_80AD95D8	BOTH	0.00
soh/src/overlays/actors/ovl_En_Po_Sisters/z_en_po_sisters.c	func	10	func_80AD96A4	func_80AD96A4	BOTH	0.00
soh/src/overlays/actors/ovl_En_Po_Sisters/z_en_po_sisters.c	func	11	func_80AD9718	func_80AD9718	BOTH	0.00
soh/src/overlays/actors/ovl_En_Po_Sisters/z_en_po_sisters.c	func	12	func_80AD97C8	func_80AD97C8	BOTH	0.00
soh/src/overlays/actors/ovl_En_Po_Sisters/z_en_po_sisters.c	func	13	func_80AD98F4	func_80AD98F4	BOTH	0.00
soh/src/overlays/actors/ovl_En_Po_Sisters/z_en_po_sisters.c	func	14	func_80AD99D4	func_80AD99D4	BOTH	0.00
soh/src/overlays/actors/ovl_En_Po_Sisters/z_en_po_sisters.c	func	15	func_80AD9A54	func_80AD9A54	BOTH	0.00
soh/src/overlays/actors/ovl_En_Po_Sisters/z_en_po_sisters.c	func	16	func_80AD9AA8	func_80AD9AA8	BOTH	0.00
soh/src/overlays/actors/ovl_En_Po_Sisters/z_en_po_sisters.c	func	17	func_80AD9C24	func_80AD9C24	BOTH	0.00
soh/src/overlays/actors/ovl_En_Po_Sisters/z_en_po_sisters.c	func	18	func_80AD9D44	func_80AD9D44	BOTH	0.00
soh/src/overlays/actors/ovl_En_Po_Sisters/z_en_po_sisters.c	func	19	func_80AD9DF0	func_80AD9DF0	BOTH	0.00
soh/src/overlays/actors/ovl_En_Po_Sisters/z_en_po_sisters.c	func	20	func_80AD9E60	func_80AD9E60	BOTH	0.00
soh/src/overlays/actors/ovl_En_Po_Sisters/z_en_po_sisters.c	func	21	func_80AD9F1C	func_80AD9F1C	BOTH	0.00
soh/src/overlays/actors/ovl_En_Po_Sisters/z_en_po_sisters.c	func	22	func_80AD9F90	func_80AD9F90	BOTH	0.00
soh/src/overlays/actors/ovl_En_Po_Sisters/z_en_po_sisters.c	func	23	func_80ADA028	func_80ADA028	BOTH	0.00
soh/src/overlays/actors/ovl_En_Po_Sisters/z_en_po_sisters.c	func	24	func_80ADA094	func_80ADA094	BOTH	0.00
soh/src/overlays/actors/ovl_En_Po_Sisters/z_en_po_sisters.c	func	25	func_80ADA10C	func_80ADA10C	BOTH	0.00
soh/src/overlays/actors/ovl_En_Po_Sisters/z_en_po_sisters.c	func	26	func_80ADA1B8	func_80ADA1B8	BOTH	0.00
soh/src/overlays/actors/ovl_En_Po_Sisters/z_en_po_sisters.c	func	27	func_80ADA25C	func_80ADA25C	BOTH	0.00
soh/src/overlays/actors/ovl_En_Po_Sisters/z_en_po_sisters.c	func	28	func_80ADA2BC	func_80ADA2BC	BOTH	0.00
soh/src/overlays/actors/ovl_En_Po_Sisters/z_en_po_sisters.c	func	29	func_80ADA35C	func_80ADA35C	BOTH	0.00
soh/src/overlays/actors/ovl_En_Po_Sisters/z_en_po_sisters.c	func	30	func_80ADA4A8	func_80ADA4A8	BOTH	0.00
soh/src/overlays/actors/ovl_En_Po_Sisters/z_en_po_sisters.c	func	31	func_80ADA530	func_80ADA530	BOTH	0.00
soh/src/overlays/actors/ovl_En_Po_Sisters/z_en_po_sisters.c	func	32	func_80ADA6A0	func_80ADA6A0	BOTH	0.00
soh/src/overlays/actors/ovl_En_Po_Sisters/z_en_po_sisters.c	func	33	func_80ADA7F0	func_80ADA7F0	BOTH	0.00
soh/src/overlays/actors/ovl_En_Po_Sisters/z_en_po_sisters.c	func	34	func_80ADA8C0	func_80ADA8C0	BOTH	0.00
soh/src/overlays/actors/ovl_En_Po_Sisters/z_en_po_sisters.c	func	35	func_80ADA9E8	func_80ADA9E8	BOTH	0.00
soh/src/overlays/actors/ovl_En_Po_Sisters/z_en_po_sisters.c	func	36	func_80ADAAA4	func_80ADAAA4	BOTH	0.00
soh/src/overlays/actors/ovl_En_Po_Sisters/z_en_po_sisters.c	func	37	func_80ADAC70	func_80ADAC70	BOTH	0.00
soh/src/overlays/actors/ovl_En_Po_Sisters/z_en_po_sisters.c	func	38	func_80ADAD54	func_80ADAD54	BOTH	0.00
soh/src/overlays/actors/ovl_En_Po_Sisters/z_en_po_sisters.c	func	39	func_80ADAE6C	func_80ADAE6C	BOTH	0.00
soh/src/overlays/actors/ovl_En_Po_Sisters/z_en_po_sisters.c	func	40	func_80ADAFC0	func_80ADAFC0	BOTH	0.00
soh/src/overlays/actors/ovl_En_Po_Sisters/z_en_po_sisters.c	func	41	func_80ADB17C	func_80ADB17C	BOTH	0.00
soh/src/overlays/actors/ovl_En_Po_Sisters/z_en_po_sisters.c	func	42	func_80ADB2B8	func_80ADB2B8	BOTH	0.00
soh/src/overlays/actors/ovl_En_Po_Sisters/z_en_po_sisters.c	func	43	func_80ADB338	func_80ADB338	BOTH	0.00
soh/src/overlays/actors/ovl_En_Po_Sisters/z_en_po_sisters.c	func	44	func_80ADB4B0	func_80ADB4B0	BOTH	0.00
soh/src/overlays/actors/ovl_En_Po_Sisters/z_en_po_sisters.c	func	45	func_80ADB51C	func_80ADB51C	BOTH	0.00
soh/src/overlays/actors/ovl_En_Po_Sisters/z_en_po_sisters.c	func	46	func_80ADB770	func_80ADB770	BOTH	0.00
soh/src/overlays/actors/ovl_En_Po_Sisters/z_en_po_sisters.c	func	47	func_80ADB9F0	func_80ADB9F0	BOTH	0.00
soh/src/overlays/actors/ovl_En_Po_Sisters/z_en_po_sisters.c	func	48	func_80ADBB6C	func_80ADBB6C	BOTH	0.00
soh/src/overlays/actors/ovl_En_Po_Sisters/z_en_po_sisters.c	func	49	func_80ADBBF4	func_80ADBBF4	BOTH	0.00
soh/src/overlays/actors/ovl_En_Po_Sisters/z_en_po_sisters.c	func	50	func_80ADBC88	func_80ADBC88	BOTH	0.00
soh/src/overlays/actors/ovl_En_Po_Sisters/z_en_po_sisters.c	func	51	func_80ADBD38	func_80ADBD38	BOTH	0.00
soh/src/overlays/actors/ovl_En_Po_Sisters/z_en_po_sisters.c	func	52	func_80ADBD8C	func_80ADBD8C	BOTH	0.00
soh/src/overlays/actors/ovl_En_Po_Sisters/z_en_po_sisters.c	func	53	func_80ADBEE8	func_80ADBEE8	BOTH	0.00
soh/src/overlays/actors/ovl_En_Po_Sisters/z_en_po_sisters.c	func	54	func_80ADBF58	func_80ADBF58	BOTH	0.00
soh/src/overlays/actors/ovl_En_Po_Sisters/z_en_po_sisters.c	func	55	func_80ADC034	func_80ADC034	BOTH	0.00
soh/src/overlays/actors/ovl_En_Po_Sisters/z_en_po_sisters.c	func	56	func_80ADC10C	func_80ADC10C	BOTH	0.00
soh/src/overlays/actors/ovl_En_Po_Sisters/z_en_po_sisters.c	func	58	func_80ADC55C	func_80ADC55C	BOTH	0.00
soh/src/overlays/actors/ovl_En_Po_Sisters/z_en_po_sisters.c	data	0	D_80ADD6F0	D_80ADD6F0	BOTH	0.00
soh/src/overlays/actors/ovl_En_Po_Sisters/z_en_po_sisters.c	data	1	D_80ADD700	D_80ADD700	BOTH	0.00
soh/src/overlays/actors/ovl_En_Po_Sisters/z_en_po_sisters.c	data	6	D_80ADD784	D_80ADD784	BOTH	0.00
soh/src/overlays/actors/ovl_En_Po_Sisters/z_en_po_sisters.c	data	9	D_80ADD79C	D_80ADD79C	BOTH	0.00
soh/src/overlays/actors/ovl_En_Po_Sisters/z_en_po_sisters.c	data	10	D_80ADD7A4	D_80ADD7A4	BOTH	0.00
soh/src/overlays/actors/ovl_En_Po_Sisters/z_en_po_sisters.c	data	11	D_80ADD7BC	D_80ADD7BC	BOTH	0.00
soh/src/overlays/actors/ovl_En_Po_Sisters/z_en_po_sisters.c	data	12	D_80ADD7C8	D_80ADD7C8	BOTH	0.00
soh/src/overlays/actors/ovl_En_Po_Sisters/z_en_po_sisters.c	data	13	D_80ADD7D8	D_80ADD7D8	BOTH	0.00
soh/src/overlays/actors/ovl_En_Po_Sisters/z_en_po_sisters.c	data	14	D_80ADD7E8	D_80ADD7E8	BOTH	0.00
soh/src/overlays/actors/ovl_En_Po_Sisters/z_en_po_sisters.c	data	15	D_80ADD7F8	D_80ADD7F8	BOTH	0.00
soh/src/overlays/actors/ovl_En_Poh/z_en_poh.c	func	2	func_80ADE114	func_80ADE114	BOTH	0.00
soh/src/overlays/actors/ovl_En_Poh/z_en_poh.c	func	4	func_80ADE1BC	func_80ADE1BC	BOTH	0.00
soh/src/overlays/actors/ovl_En_Poh/z_en_poh.c	func	6	func_80ADE28C	func_80ADE28C	BOTH	0.00
soh/src/overlays/actors/ovl_En_Poh/z_en_poh.c	func	7	func_80ADE368	func_80ADE368	BOTH	0.00
soh/src/overlays/actors/ovl_En_Poh/z_en_poh.c	func	9	func_80ADE48C	func_80ADE48C	BOTH	0.00
soh/src/overlays/actors/ovl_En_Poh/z_en_poh.c	func	10	func_80ADE4C8	func_80ADE4C8	BOTH	0.00
soh/src/overlays/actors/ovl_En_Poh/z_en_poh.c	func	11	func_80ADE514	func_80ADE514	BOTH	0.00
soh/src/overlays/actors/ovl_En_Poh/z_en_poh.c	func	15	func_80ADE6D4	func_80ADE6D4	BOTH	0.00
soh/src/overlays/actors/ovl_En_Poh/z_en_poh.c	func	17	func_80ADE950	func_80ADE950	BOTH	0.00
soh/src/overlays/actors/ovl_En_Poh/z_en_poh.c	func	18	func_80ADE998	func_80ADE998	BOTH	0.00
soh/src/overlays/actors/ovl_En_Poh/z_en_poh.c	func	19	func_80ADE9BC	func_80ADE9BC	BOTH	0.00
soh/src/overlays/actors/ovl_En_Poh/z_en_poh.c	func	21	func_80ADEA5C	func_80ADEA5C	BOTH	0.00
soh/src/overlays/actors/ovl_En_Poh/z_en_poh.c	func	22	func_80ADEAC4	func_80ADEAC4	BOTH	0.00
soh/src/overlays/actors/ovl_En_Poh/z_en_poh.c	func	24	func_80ADEC9C	func_80ADEC9C	BOTH	0.00
soh/src/overlays/actors/ovl_En_Poh/z_en_poh.c	func	26	func_80ADEECC	func_80ADEECC	BOTH	0.00
soh/src/overlays/actors/ovl_En_Poh/z_en_poh.c	func	27	func_80ADEF38	func_80ADEF38	BOTH	0.00
soh/src/overlays/actors/ovl_En_Poh/z_en_poh.c	func	29	func_80ADF15C	func_80ADF15C	BOTH	0.00
soh/src/overlays/actors/ovl_En_Poh/z_en_poh.c	func	30	func_80ADF574	func_80ADF574	BOTH	0.00
soh/src/overlays/actors/ovl_En_Poh/z_en_poh.c	func	31	func_80ADF5E0	func_80ADF5E0	BOTH	0.00
soh/src/overlays/actors/ovl_En_Poh/z_en_poh.c	func	34	func_80ADF894	func_80ADF894	BOTH	0.00
soh/src/overlays/actors/ovl_En_Poh/z_en_poh.c	func	36	func_80ADFA90	func_80ADFA90	BOTH	0.00
soh/src/overlays/actors/ovl_En_Poh/z_en_poh.c	func	37	func_80ADFE28	func_80ADFE28	BOTH	0.00
soh/src/overlays/actors/ovl_En_Poh/z_en_poh.c	func	38	func_80ADFE80	func_80ADFE80	BOTH	0.00
soh/src/overlays/actors/ovl_En_Poh/z_en_poh.c	func	39	func_80AE009C	func_80AE009C	BOTH	0.00
soh/src/overlays/actors/ovl_En_Poh/z_en_poh.c	func	42	func_80AE032C	func_80AE032C	BOTH	0.00
soh/src/overlays/actors/ovl_En_Poh/z_en_poh.c	func	45	func_80AE067C	func_80AE067C	BOTH	0.00
soh/src/overlays/actors/ovl_En_Poh/z_en_poh.c	func	46	func_80AE089C	func_80AE089C	BOTH	0.00
soh/src/overlays/actors/ovl_En_Poh/z_en_poh.c	data	0	D_80AE1A50	D_80AE1A50	BOTH	0.00
soh/src/overlays/actors/ovl_En_Poh/z_en_poh.c	data	8	D_80AE1B4C	D_80AE1B4C	BOTH	0.00
soh/src/overlays/actors/ovl_En_Poh/z_en_poh.c	data	9	D_80AE1B50	D_80AE1B50	BOTH	0.00
soh/src/overlays/actors/ovl_En_Poh/z_en_poh.c	data	10	D_80AE1B54	D_80AE1B54	BOTH	0.00
soh/src/overlays/actors/ovl_En_Poh/z_en_poh.c	data	11	D_80AE1B58	D_80AE1B58	BOTH	0.00
soh/src/overlays/actors/ovl_En_Poh/z_en_poh.c	data	13	D_80AE1B60	D_80AE1B60	BOTH	0.00
soh/src/overlays/actors/ovl_En_Poh/z_en_poh.c	data	14	D_80AE1B6C	D_80AE1B6C	BOTH	0.00
soh/src/overlays/actors/ovl_En_Rd/z_en_rd.c	data	4	D_80AE4918	-	UNSAFE	0.00
soh/src/overlays/actors/ovl_En_Rd/z_en_rd.c	data	5	D_80AE4924	-	UNSAFE	0.00
soh/src/overlays/actors/ovl_En_Rd/z_en_rd.c	data	6	D_80AE4928	-	UNSAFE	0.00
soh/src/overlays/actors/ovl_En_Rd/z_en_rd.c	data	7	D_80AE492C	-	UNSAFE	0.00
soh/src/overlays/actors/ovl_En_Rd/z_en_rd.c	data	8	D_80AE4938	-	UNSAFE	0.00
soh/src/overlays/actors/ovl_En_Rd/z_en_rd.c	data	9	D_80AE493C	-	UNSAFE	0.00
soh/src/overlays/actors/ovl_En_Rd/z_en_rd.c	data	10	D_80AE4940	-	UNSAFE	0.00
soh/src/overlays/actors/ovl_En_Rd/z_en_rd.c	data	11	D_80AE494C	-	UNSAFE	0.00
soh/src/overlays/actors/ovl_En_Rd/z_en_rd.c	data	12	D_80AE4958	-	UNSAFE	0.00
soh/src/overlays/actors/ovl_En_Rl/z_en_rl.c	func	1	func_80AE72D0	func_80AE72D0	BOTH	0.00
soh/src/overlays/actors/ovl_En_Rl/z_en_rl.c	func	2	func_80AE7358	func_80AE7358	BOTH	0.00
soh/src/overlays/actors/ovl_En_Rl/z_en_rl.c	func	3	func_80AE73D8	func_80AE73D8	BOTH	0.00
soh/src/overlays/actors/ovl_En_Rl/z_en_rl.c	func	4	func_80AE744C	func_80AE744C	BOTH	0.00
soh/src/overlays/actors/ovl_En_Rl/z_en_rl.c	func	6	func_80AE74B4	func_80AE74B4	BOTH	0.00
soh/src/overlays/actors/ovl_En_Rl/z_en_rl.c	func	7	func_80AE74FC	func_80AE74FC	BOTH	0.00
soh/src/overlays/actors/ovl_En_Rl/z_en_rl.c	func	8	func_80AE7544	func_80AE7544	BOTH	0.00
soh/src/overlays/actors/ovl_En_Rl/z_en_rl.c	func	9	func_80AE7590	func_80AE7590	BOTH	0.00
soh/src/overlays/actors/ovl_En_Rl/z_en_rl.c	func	10	func_80AE7668	func_80AE7668	BOTH	0.00
soh/src/overlays/actors/ovl_En_Rl/z_en_rl.c	func	11	func_80AE7698	func_80AE7698	BOTH	0.00
soh/src/overlays/actors/ovl_En_Rl/z_en_rl.c	func	12	func_80AE772C	func_80AE772C	BOTH	0.00
soh/src/overlays/actors/ovl_En_Rl/z_en_rl.c	func	13	func_80AE7798	func_80AE7798	BOTH	0.00
soh/src/overlays/actors/ovl_En_Rl/z_en_rl.c	func	14	func_80AE77B8	func_80AE77B8	BOTH	0.00
soh/src/overlays/actors/ovl_En_Rl/z_en_rl.c	func	15	func_80AE77F8	func_80AE77F8	BOTH	0.00
soh/src/overlays/actors/ovl_En_Rl/z_en_rl.c	func	16	func_80AE7838	func_80AE7838	BOTH	0.00
soh/src/overlays/actors/ovl_En_Rl/z_en_rl.c	func	17	func_80AE7878	func_80AE7878	BOTH	0.00
soh/src/overlays/actors/ovl_En_Rl/z_en_rl.c	func	18	func_80AE78D4	func_80AE78D4	BOTH	0.00
soh/src/overlays/actors/ovl_En_Rl/z_en_rl.c	func	19	func_80AE7954	func_80AE7954	BOTH	0.00
soh/src/overlays/actors/ovl_En_Rl/z_en_rl.c	func	20	func_80AE79A4	func_80AE79A4	BOTH	0.00
soh/src/overlays/actors/ovl_En_Rl/z_en_rl.c	func	21	func_80AE7AF8	func_80AE7AF8	BOTH	0.00
soh/src/overlays/actors/ovl_En_Rl/z_en_rl.c	func	22	func_80AE7BF8	func_80AE7BF8	BOTH	0.00
soh/src/overlays/actors/ovl_En_Rl/z_en_rl.c	func	23	func_80AE7C64	func_80AE7C64	BOTH	0.00
soh/src/overlays/actors/ovl_En_Rl/z_en_rl.c	func	24	func_80AE7C94	func_80AE7C94	BOTH	0.00
soh/src/overlays/actors/ovl_En_Rl/z_en_rl.c	func	25	func_80AE7CE8	func_80AE7CE8	BOTH	0.00
soh/src/overlays/actors/ovl_En_Rl/z_en_rl.c	func	26	func_80AE7D40	func_80AE7D40	BOTH	0.00
soh/src/overlays/actors/ovl_En_Rl/z_en_rl.c	func	27	func_80AE7D94	func_80AE7D94	BOTH	0.00
soh/src/overlays/actors/ovl_En_Rl/z_en_rl.c	func	30	func_80AE7FD0	func_80AE7FD0	BOTH	0.00
soh/src/overlays/actors/ovl_En_Rl/z_en_rl.c	func	31	func_80AE7FDC	func_80AE7FDC	BOTH	0.00
soh/src/overlays/actors/ovl_En_Rl/z_en_rl.c	data	0	D_80AE81A0	D_80AE81A0	BOTH	0.00
soh/src/overlays/actors/ovl_En_Rl/z_en_rl.c	data	1	D_80AE81AC	-	UNSAFE	0.00
soh/src/overlays/actors/ovl_En_Ru1/z_en_ru1.c	func	6	func_80AEADE0	func_80AEADE0	BOTH	0.00
soh/src/overlays/actors/ovl_En_Ru1/z_en_ru1.c	func	7	func_80AEADF0	func_80AEADF0	BOTH	0.00
soh/src/overlays/actors/ovl_En_Ru1/z_en_ru1.c	func	21	func_80AEB124	func_80AEB124	BOTH	0.00
soh/src/overlays/actors/ovl_En_Ru1/z_en_ru1.c	func	24	func_80AEB1D8	func_80AEB1D8	BOTH	0.00
soh/src/overlays/actors/ovl_En_Ru1/z_en_ru1.c	func	25	func_80AEB220	func_80AEB220	BOTH	0.00
soh/src/overlays/actors/ovl_En_Ru1/z_en_ru1.c	func	41	func_80AEB7D0	func_80AEB7D0	BOTH	0.00
soh/src/overlays/actors/ovl_En_Ru1/z_en_ru1.c	func	44	func_80AEB89C	func_80AEB89C	BOTH	0.00
soh/src/overlays/actors/ovl_En_Ru1/z_en_ru1.c	func	55	func_80AEBC30	func_80AEBC30	BOTH	0.00
soh/src/overlays/actors/ovl_En_Ru1/z_en_ru1.c	func	118	func_80AED520	func_80AED520	BOTH	0.00
soh/src/overlays/actors/ovl_En_Ru1/z_en_ru1.c	func	119	func_80AED57C	func_80AED57C	BOTH	0.00
soh/src/overlays/actors/ovl_En_Ru1/z_en_ru1.c	func	121	func_80AED5DC	func_80AED5DC	BOTH	0.00
soh/src/overlays/actors/ovl_En_Ru1/z_en_ru1.c	func	122	func_80AED600	func_80AED600	BOTH	0.00
soh/src/overlays/actors/ovl_En_Ru1/z_en_ru1.c	func	123	func_80AED624	func_80AED624	BOTH	0.00
soh/src/overlays/actors/ovl_En_Ru1/z_en_ru1.c	func	124	func_80AED6DC	func_80AED6DC	BOTH	0.00
soh/src/overlays/actors/ovl_En_Ru1/z_en_ru1.c	func	141	func_80AEE6D0	func_80AEE6D0	BOTH	0.00
soh/src/overlays/actors/ovl_En_Ru1/z_en_ru1.c	func	196	func_80AEFF94	func_80AEFF94	BOTH	0.00
soh/src/overlays/actors/ovl_En_Ru1/z_en_ru1.c	func	197	func_80AF0050	func_80AF0050	BOTH	0.00
soh/src/overlays/actors/ovl_En_Ru1/z_en_ru1_cutscene_data.c	data	0	D_80AF0880	D_80AF0880	BOTH	0.00
soh/src/overlays/actors/ovl_En_Ru1/z_en_ru1_cutscene_data.c	data	1	D_80AF10A0	D_80AF10A0	BOTH	0.00
soh/src/overlays/actors/ovl_En_Ru1/z_en_ru1_cutscene_data.c	data	2	D_80AF10A4	D_80AF10A4	BOTH	0.00
soh/src/overlays/actors/ovl_En_Ru1/z_en_ru1_cutscene_data.c	data	3	D_80AF1724	D_80AF1724	BOTH	0.00
soh/src/overlays/actors/ovl_En_Ru1/z_en_ru1_cutscene_data.c	data	4	D_80AF1728	D_80AF1728	BOTH	0.00
soh/src/overlays/actors/ovl_En_Sda/z_en_sda.c	func	4	func_80AF8F60	func_80AF8F60	BOTH	0.00
soh/src/overlays/actors/ovl_En_Sda/z_en_sda.c	func	5	func_80AF95C4	func_80AF95C4	BOTH	0.00
soh/src/overlays/actors/ovl_En_Sda/z_en_sda.c	func	6	func_80AF9C70	func_80AF9C70	BOTH	0.00
soh/src/overlays/actors/ovl_En_Sda/z_en_sda.c	data	1	D_80AFA0D0	D_80AFA0D0	BOTH	0.00
soh/src/overlays/actors/ovl_En_Sda/z_en_sda.c	data	2	D_80AFA0DC	D_80AFA0DC	BOTH	0.00
soh/src/overlays/actors/ovl_En_Sda/z_en_sda.c	data	3	D_80AFA0E8	D_80AFA0E8	BOTH	0.00
soh/src/overlays/actors/ovl_En_Sda/z_en_sda.c	data	4	D_80AFA0F8	D_80AFA0F8	BOTH	0.00
soh/src/overlays/actors/ovl_En_Sda/z_en_sda.c	data	5	D_80AFA108	D_80AFA108	BOTH	0.00
soh/src/overlays/actors/ovl_En_Sda/z_en_sda.c	data	6	D_80AFA120	D_80AFA120	BOTH	0.00
soh/src/overlays/actors/ovl_En_Sda/z_en_sda.c	data	7	D_80AFA13C	D_80AFA13C	BOTH	0.00
soh/src/overlays/actors/ovl_En_Sda/z_en_sda.c	data	8	D_80AFA15C	D_80AFA15C	BOTH	0.00
soh/src/overlays/actors/ovl_En_Sda/z_en_sda.c	data	9	D_80AFA16C	D_80AFA16C	BOTH	0.00
soh/src/overlays/actors/ovl_En_Sda/z_en_sda.c	data	10	D_80AFA180	D_80AFA180	BOTH	0.00
soh/src/overlays/actors/ovl_En_Sda/z_en_sda.c	data	11	D_80AFA288	D_80AFA288	BOTH	0.00
soh/src/overlays/actors/ovl_En_Sda/z_en_sda.c	data	12	D_80AFA390	D_80AFA390	BOTH	0.00
soh/src/overlays/actors/ovl_En_Sda/z_en_sda.c	data	13	D_80AFA660	D_80AFA660	BOTH	0.00
soh/src/overlays/actors/ovl_En_Si/z_en_si.c	func	2	func_80AFB748	func_80AFB748	BOTH	0.00
soh/src/overlays/actors/ovl_En_Si/z_en_si.c	func	3	func_80AFB768	func_80AFB768	BOTH	0.00
soh/src/overlays/actors/ovl_En_Si/z_en_si.c	func	4	func_80AFB89C	func_80AFB89C	BOTH	0.00
soh/src/overlays/actors/ovl_En_Si/z_en_si.c	func	5	func_80AFB950	func_80AFB950	BOTH	0.00
soh/src/overlays/actors/ovl_En_Si/z_en_si.c	data	1	D_80AFBADC	D_80AFBADC	BOTH	0.00
soh/src/overlays/actors/ovl_En_Siofuki/z_en_siofuki.c	func	2	func_80AFBDC8	func_80AFBDC8	BOTH	0.00
soh/src/overlays/actors/ovl_En_Siofuki/z_en_siofuki.c	func	3	func_80AFBE8C	func_80AFBE8C	BOTH	0.00
soh/src/overlays/actors/ovl_En_Siofuki/z_en_siofuki.c	func	4	func_80AFC1D0	func_80AFC1D0	BOTH	0.00
soh/src/overlays/actors/ovl_En_Siofuki/z_en_siofuki.c	func	5	func_80AFC218	func_80AFC218	BOTH	0.00
soh/src/overlays/actors/ovl_En_Siofuki/z_en_siofuki.c	func	6	func_80AFC34C	func_80AFC34C	BOTH	0.00
soh/src/overlays/actors/ovl_En_Siofuki/z_en_siofuki.c	func	7	func_80AFC3C8	func_80AFC3C8	BOTH	0.00
soh/src/overlays/actors/ovl_En_Siofuki/z_en_siofuki.c	func	8	func_80AFC478	func_80AFC478	BOTH	0.00
soh/src/overlays/actors/ovl_En_Siofuki/z_en_siofuki.c	func	9	func_80AFC544	func_80AFC544	BOTH	0.00
soh/src/overlays/actors/ovl_En_Skb/z_en_skb.c	func	4	func_80AFCD60	func_80AFCD60	BOTH	0.00
soh/src/overlays/actors/ovl_En_Skb/z_en_skb.c	func	5	func_80AFCDF8	func_80AFCDF8	BOTH	0.00
soh/src/overlays/actors/ovl_En_Skb/z_en_skb.c	func	6	func_80AFCE5C	func_80AFCE5C	BOTH	0.00
soh/src/overlays/actors/ovl_En_Skb/z_en_skb.c	func	7	func_80AFCF48	func_80AFCF48	BOTH	0.00
soh/src/overlays/actors/ovl_En_Skb/z_en_skb.c	func	8	func_80AFCFF0	func_80AFCFF0	BOTH	0.00
soh/src/overlays/actors/ovl_En_Skb/z_en_skb.c	func	9	func_80AFD0A4	func_80AFD0A4	BOTH	0.00
soh/src/overlays/actors/ovl_En_Skb/z_en_skb.c	func	11	func_80AFD33C	func_80AFD33C	BOTH	0.00
soh/src/overlays/actors/ovl_En_Skb/z_en_skb.c	func	13	func_80AFD47C	func_80AFD47C	BOTH	0.00
soh/src/overlays/actors/ovl_En_Skb/z_en_skb.c	func	14	func_80AFD508	func_80AFD508	BOTH	0.00
soh/src/overlays/actors/ovl_En_Skj/z_en_skj.c	func	12	func_80AFEDF8	func_80AFEDF8	BOTH	0.00
soh/src/overlays/actors/ovl_En_Skj/z_en_skj.c	func	21	func_80AFF1F0	func_80AFF1F0	BOTH	0.00
soh/src/overlays/actors/ovl_En_Skj/z_en_skj.c	func	23	func_80AFF2A0	func_80AFF2A0	BOTH	0.00
soh/src/overlays/actors/ovl_En_Skj/z_en_skj.c	func	25	func_80AFF334	func_80AFF334	BOTH	0.00
soh/src/overlays/actors/ovl_En_Skj/z_en_skj.c	func	41	func_80AFFE24	func_80AFFE24	BOTH	0.00
soh/src/overlays/actors/ovl_En_Skj/z_en_skj.c	func	42	func_80AFFE44	func_80AFFE44	BOTH	0.00
soh/src/overlays/actors/ovl_En_Skj/z_en_skj.c	data	3	D_80B01678	D_80B01678	BOTH	0.00
soh/src/overlays/actors/ovl_En_Skj/z_en_skj.c	data	9	D_80B01EA0	D_80B01EA0	BOTH	0.00
soh/src/overlays/actors/ovl_En_Sth/z_en_sth.c	data	9	D_80B0B49C	D_80B0B49C	BOTH	0.00
soh/src/overlays/actors/ovl_En_Sw/z_en_sw.c	func	1	func_80B0BE20	func_80B0BE20	BOTH	0.00
soh/src/overlays/actors/ovl_En_Sw/z_en_sw.c	func	2	func_80B0C020	func_80B0C020	BOTH	0.00
soh/src/overlays/actors/ovl_En_Sw/z_en_sw.c	func	3	func_80B0C0CC	func_80B0C0CC	BOTH	0.00
soh/src/overlays/actors/ovl_En_Sw/z_en_sw.c	func	6	func_80B0C9F0	func_80B0C9F0	BOTH	0.00
soh/src/overlays/actors/ovl_En_Sw/z_en_sw.c	func	7	func_80B0CBE8	func_80B0CBE8	BOTH	0.00
soh/src/overlays/actors/ovl_En_Sw/z_en_sw.c	func	8	func_80B0CCF4	func_80B0CCF4	BOTH	0.00
soh/src/overlays/actors/ovl_En_Sw/z_en_sw.c	func	9	func_80B0CEA8	func_80B0CEA8	BOTH	0.00
soh/src/overlays/actors/ovl_En_Sw/z_en_sw.c	func	10	func_80B0CF44	func_80B0CF44	BOTH	0.00
soh/src/overlays/actors/ovl_En_Sw/z_en_sw.c	func	11	func_80B0D14C	func_80B0D14C	BOTH	0.00
soh/src/overlays/actors/ovl_En_Sw/z_en_sw.c	func	12	func_80B0D364	func_80B0D364	BOTH	0.00
soh/src/overlays/actors/ovl_En_Sw/z_en_sw.c	func	13	func_80B0D3AC	func_80B0D3AC	BOTH	0.00
soh/src/overlays/actors/ovl_En_Sw/z_en_sw.c	func	14	func_80B0D590	func_80B0D590	BOTH	0.00
soh/src/overlays/actors/ovl_En_Sw/z_en_sw.c	func	15	func_80B0D878	func_80B0D878	BOTH	0.00
soh/src/overlays/actors/ovl_En_Sw/z_en_sw.c	func	16	func_80B0DB00	func_80B0DB00	BOTH	0.00
soh/src/overlays/actors/ovl_En_Sw/z_en_sw.c	func	17	func_80B0DC7C	func_80B0DC7C	BOTH	0.00
soh/src/overlays/actors/ovl_En_Sw/z_en_sw.c	func	18	func_80B0DE34	func_80B0DE34	BOTH	0.00
soh/src/overlays/actors/ovl_En_Sw/z_en_sw.c	func	19	func_80B0DEA8	func_80B0DEA8	BOTH	0.00
soh/src/overlays/actors/ovl_En_Sw/z_en_sw.c	func	20	func_80B0DFFC	func_80B0DFFC	BOTH	0.00
soh/src/overlays/actors/ovl_En_Sw/z_en_sw.c	func	21	func_80B0E314	func_80B0E314	BOTH	0.00
soh/src/overlays/actors/ovl_En_Sw/z_en_sw.c	func	22	func_80B0E430	func_80B0E430	BOTH	0.00
soh/src/overlays/actors/ovl_En_Sw/z_en_sw.c	func	23	func_80B0E5E0	func_80B0E5E0	BOTH	0.00
soh/src/overlays/actors/ovl_En_Sw/z_en_sw.c	func	24	func_80B0E728	func_80B0E728	BOTH	0.00
soh/src/overlays/actors/ovl_En_Sw/z_en_sw.c	func	25	func_80B0E90C	func_80B0E90C	BOTH	0.00
soh/src/overlays/actors/ovl_En_Sw/z_en_sw.c	func	26	func_80B0E9BC	func_80B0E9BC	BOTH	0.00
soh/src/overlays/actors/ovl_En_Sw/z_en_sw.c	func	30	func_80B0EDB8	func_80B0EDB8	BOTH	0.00
soh/src/overlays/actors/ovl_En_Sw/z_en_sw.c	func	31	func_80B0EEA4	func_80B0EEA4	BOTH	0.00
soh/src/overlays/actors/ovl_En_Sw/z_en_sw.c	data	3	D_80B0F074	D_80B0F074	BOTH	0.00
soh/src/overlays/actors/ovl_En_Sw/z_en_sw.c	data	5	D_80B0F630	D_80B0F630	BOTH	0.00
soh/src/overlays/actors/ovl_En_Takara_Man/z_en_takara_man.c	func	3	func_80B176E0	func_80B176E0	BOTH	0.00
soh/src/overlays/actors/ovl_En_Takara_Man/z_en_takara_man.c	func	4	func_80B1778C	func_80B1778C	BOTH	0.00
soh/src/overlays/actors/ovl_En_Takara_Man/z_en_takara_man.c	func	5	func_80B17934	func_80B17934	BOTH	0.00
soh/src/overlays/actors/ovl_En_Takara_Man/z_en_takara_man.c	func	6	func_80B17A6C	func_80B17A6C	BOTH	0.00
soh/src/overlays/actors/ovl_En_Takara_Man/z_en_takara_man.c	func	7	func_80B17AC4	func_80B17AC4	BOTH	0.00
soh/src/overlays/actors/ovl_En_Takara_Man/z_en_takara_man.c	func	8	func_80B17B14	func_80B17B14	BOTH	0.00
soh/src/overlays/actors/ovl_En_Test/z_en_test.c	func	15	func_80860BDC	func_80860BDC	BOTH	0.00
soh/src/overlays/actors/ovl_En_Test/z_en_test.c	func	16	func_80860C24	func_80860C24	BOTH	0.00
soh/src/overlays/actors/ovl_En_Test/z_en_test.c	func	17	func_80860EC0	func_80860EC0	BOTH	0.00
soh/src/overlays/actors/ovl_En_Test/z_en_test.c	func	18	func_80860F84	func_80860F84	BOTH	0.00
soh/src/overlays/actors/ovl_En_Test/z_en_test.c	func	35	func_80862154	func_80862154	BOTH	0.00
soh/src/overlays/actors/ovl_En_Test/z_en_test.c	func	36	func_808621D4	func_808621D4	BOTH	0.00
soh/src/overlays/actors/ovl_En_Test/z_en_test.c	func	37	func_80862398	func_80862398	BOTH	0.00
soh/src/overlays/actors/ovl_En_Test/z_en_test.c	func	38	func_80862418	func_80862418	BOTH	0.00
soh/src/overlays/actors/ovl_En_Test/z_en_test.c	func	41	func_808627C4	func_808627C4	BOTH	0.00
soh/src/overlays/actors/ovl_En_Test/z_en_test.c	func	42	func_808628C8	func_808628C8	BOTH	0.00
soh/src/overlays/actors/ovl_En_Test/z_en_test.c	func	43	func_80862DBC	func_80862DBC	BOTH	0.00
soh/src/overlays/actors/ovl_En_Test/z_en_test.c	func	44	func_80862E6C	func_80862E6C	BOTH	0.00
soh/src/overlays/actors/ovl_En_Test/z_en_test.c	func	45	func_80862FA8	func_80862FA8	BOTH	0.00
soh/src/overlays/actors/ovl_En_Test/z_en_test.c	func	46	func_80863044	func_80863044	BOTH	0.00
soh/src/overlays/actors/ovl_En_Test/z_en_test.c	func	47	func_808630F0	func_808630F0	BOTH	0.00
soh/src/overlays/actors/ovl_En_Test/z_en_test.c	func	48	func_8086318C	func_8086318C	BOTH	0.00
soh/src/overlays/actors/ovl_En_Test/z_en_test.c	func	52	func_808633E8	func_808633E8	BOTH	0.00
soh/src/overlays/actors/ovl_En_Test/z_en_test.c	func	59	func_80864158	func_80864158	BOTH	0.00
soh/src/overlays/actors/ovl_En_Tite/z_en_tite.c	data	5	D_80B1B634	D_80B1B634	BOTH	0.00
soh/src/overlays/actors/ovl_En_Tr/z_en_tr.c	func	7	func_80B23254	func_80B23254	BOTH	0.00
soh/src/overlays/actors/ovl_En_Tr/z_en_tr.c	func	17	func_80B23FDC	func_80B23FDC	BOTH	0.00
soh/src/overlays/actors/ovl_En_Tr/z_en_tr.c	func	18	func_80B24038	func_80B24038	BOTH	0.00
soh/src/overlays/actors/ovl_En_Tr/z_en_tr.c	data	2	D_80B24368	D_80B24368	BOTH	0.00
soh/src/overlays/actors/ovl_En_Tr/z_en_tr.c	data	3	D_80B24370	D_80B24370	BOTH	0.00
soh/src/overlays/actors/ovl_En_Tr/z_en_tr.c	data	4	D_80B24378	D_80B24378	BOTH	0.00
soh/src/overlays/actors/ovl_En_Tr/z_en_tr.c	data	5	D_80B24380	D_80B24380	BOTH	0.00
soh/src/overlays/actors/ovl_En_Tr/z_en_tr.c	data	6	D_80B24388	D_80B24388	BOTH	0.00
soh/src/overlays/actors/ovl_En_Tr/z_en_tr.c	data	7	D_80B243A4	D_80B243A4	BOTH	0.00
soh/src/overlays/actors/ovl_En_Tr/z_en_tr.c	data	8	D_80B243C0	D_80B243C0	BOTH	0.00
soh/src/overlays/actors/ovl_En_Vm/z_en_vm.c	data	4	D_80B2EAEC	D_80B2EAEC	BOTH	0.00
soh/src/overlays/actors/ovl_En_Vm/z_en_vm.c	data	5	D_80B2EAF8	D_80B2EAF8	BOTH	0.00
soh/src/overlays/actors/ovl_En_Vm/z_en_vm.c	data	6	D_80B2EB04	D_80B2EB04	BOTH	0.00
soh/src/overlays/actors/ovl_En_Vm/z_en_vm.c	data	7	D_80B2EB10	D_80B2EB10	BOTH	0.00
soh/src/overlays/actors/ovl_En_Vm/z_en_vm.c	data	8	D_80B2EB1C	D_80B2EB1C	BOTH	0.00
soh/src/overlays/actors/ovl_En_Vm/z_en_vm.c	data	9	D_80B2EB28	D_80B2EB28	BOTH	0.00
soh/src/overlays/actors/ovl_En_Vm/z_en_vm.c	data	10	D_80B2EB34	D_80B2EB34	BOTH	0.00
soh/src/overlays/actors/ovl_En_Vm/z_en_vm.c	data	11	D_80B2EB40	D_80B2EB40	BOTH	0.00
soh/src/overlays/actors/ovl_En_Vm/z_en_vm.c	data	12	D_80B2EB4C	D_80B2EB4C	BOTH	0.00
soh/src/overlays/actors/ovl_En_Vm/z_en_vm.c	data	13	D_80B2EB58	D_80B2EB58	BOTH	0.00
soh/src/overlays/actors/ovl_En_Vm/z_en_vm.c	data	14	D_80B2EB64	D_80B2EB64	BOTH	0.00
soh/src/overlays/actors/ovl_En_Vm/z_en_vm.c	data	15	D_80B2EB70	D_80B2EB70	BOTH	0.00
soh/src/overlays/actors/ovl_En_Vm/z_en_vm.c	data	16	D_80B2EB7C	D_80B2EB7C	BOTH	0.00
soh/src/overlays/actors/ovl_En_Vm/z_en_vm.c	data	17	D_80B2EB88	D_80B2EB88	BOTH	0.00
soh/src/overlays/actors/ovl_En_Wonder_Talk/z_en_wonder_talk.c	func	2	func_80B391CC	func_80B391CC	BOTH	0.00
soh/src/overlays/actors/ovl_En_Wonder_Talk/z_en_wonder_talk.c	func	3	func_80B3943C	func_80B3943C	BOTH	0.00
soh/src/overlays/actors/ovl_En_Wonder_Talk/z_en_wonder_talk.c	func	4	func_80B395F0	func_80B395F0	BOTH	0.00
soh/src/overlays/actors/ovl_En_Wonder_Talk2/z_en_wonder_talk2.c	func	2	func_80B3A10C	func_80B3A10C	BOTH	0.00
soh/src/overlays/actors/ovl_En_Wonder_Talk2/z_en_wonder_talk2.c	func	3	func_80B3A15C	func_80B3A15C	BOTH	0.00
soh/src/overlays/actors/ovl_En_Wonder_Talk2/z_en_wonder_talk2.c	func	4	func_80B3A3D4	func_80B3A3D4	BOTH	0.00
soh/src/overlays/actors/ovl_En_Wonder_Talk2/z_en_wonder_talk2.c	func	5	func_80B3A4F8	func_80B3A4F8	BOTH	0.00
soh/src/overlays/actors/ovl_En_Wonder_Talk2/z_en_wonder_talk2.c	data	1	D_80B3A8E0	D_80B3A8E0	BOTH	0.00
soh/src/overlays/actors/ovl_En_Wood02/z_en_wood02.c	data	5	D_80B3BF54	D_80B3BF54	BOTH	0.00
soh/src/overlays/actors/ovl_En_Wood02/z_en_wood02.c	data	6	D_80B3BF70	D_80B3BF70	BOTH	0.00
soh/src/overlays/actors/ovl_En_Xc/z_en_xc.c	func	11	func_80B3C588	func_80B3C588	BOTH	0.00
soh/src/overlays/actors/ovl_En_Xc/z_en_xc.c	func	12	func_80B3C620	func_80B3C620	BOTH	0.00
soh/src/overlays/actors/ovl_En_Xc/z_en_xc.c	func	15	func_80B3C7D4	func_80B3C7D4	BOTH	0.00
soh/src/overlays/actors/ovl_En_Xc/z_en_xc.c	func	17	func_80B3C820	func_80B3C820	BOTH	0.00
soh/src/overlays/actors/ovl_En_Xc/z_en_xc.c	func	18	func_80B3C888	func_80B3C888	BOTH	0.00
soh/src/overlays/actors/ovl_En_Xc/z_en_xc.c	func	19	func_80B3C8CC	func_80B3C8CC	BOTH	0.00
soh/src/overlays/actors/ovl_En_Xc/z_en_xc.c	func	20	func_80B3C924	func_80B3C924	BOTH	0.00
soh/src/overlays/actors/ovl_En_Xc/z_en_xc.c	func	21	func_80B3C964	func_80B3C964	BOTH	0.00
soh/src/overlays/actors/ovl_En_Xc/z_en_xc.c	func	22	func_80B3C9DC	func_80B3C9DC	BOTH	0.00
soh/src/overlays/actors/ovl_En_Xc/z_en_xc.c	func	23	func_80B3C9EC	func_80B3C9EC	BOTH	0.00
soh/src/overlays/actors/ovl_En_Xc/z_en_xc.c	func	24	func_80B3CA38	func_80B3CA38	BOTH	0.00
soh/src/overlays/actors/ovl_En_Xc/z_en_xc.c	func	26	func_80B3CB58	func_80B3CB58	BOTH	0.00
soh/src/overlays/actors/ovl_En_Xc/z_en_xc.c	func	36	func_80B3D118	func_80B3D118	BOTH	0.00
soh/src/overlays/actors/ovl_En_Xc/z_en_xc.c	func	42	func_80B3D48C	func_80B3D48C	BOTH	0.00
soh/src/overlays/actors/ovl_En_Xc/z_en_xc.c	func	45	func_80B3D644	func_80B3D644	BOTH	0.00
soh/src/overlays/actors/ovl_En_Xc/z_en_xc.c	func	47	func_80B3D6F0	func_80B3D6F0	BOTH	0.00
soh/src/overlays/actors/ovl_En_Xc/z_en_xc.c	func	48	func_80B3D710	func_80B3D710	BOTH	0.00
soh/src/overlays/actors/ovl_En_Xc/z_en_xc.c	func	49	func_80B3D730	func_80B3D730	BOTH	0.00
soh/src/overlays/actors/ovl_En_Xc/z_en_xc.c	func	50	func_80B3D750	func_80B3D750	BOTH	0.00
soh/src/overlays/actors/ovl_En_Xc/z_en_xc.c	func	52	func_80B3D8A4	func_80B3D8A4	BOTH	0.00
soh/src/overlays/actors/ovl_En_Xc/z_en_xc.c	func	56	func_80B3DAF0	func_80B3DAF0	BOTH	0.00
soh/src/overlays/actors/ovl_En_Xc/z_en_xc.c	func	59	func_80B3DCA8	func_80B3DCA8	BOTH	0.00
soh/src/overlays/actors/ovl_En_Xc/z_en_xc.c	func	61	func_80B3DE00	func_80B3DE00	BOTH	0.00
soh/src/overlays/actors/ovl_En_Xc/z_en_xc.c	func	62	func_80B3DE78	func_80B3DE78	BOTH	0.00
soh/src/overlays/actors/ovl_En_Xc/z_en_xc.c	func	67	func_80B3E164	func_80B3E164	BOTH	0.00
soh/src/overlays/actors/ovl_En_Xc/z_en_xc.c	func	89	func_80B3E87C	func_80B3E87C	BOTH	0.00
soh/src/overlays/actors/ovl_En_Xc/z_en_xc.c	func	94	func_80B3EBF0	func_80B3EBF0	BOTH	0.00
soh/src/overlays/actors/ovl_En_Xc/z_en_xc.c	func	95	func_80B3EC00	func_80B3EC00	BOTH	0.00
soh/src/overlays/actors/ovl_En_Xc/z_en_xc.c	func	96	func_80B3EC0C	func_80B3EC0C	BOTH	0.00
soh/src/overlays/actors/ovl_En_Xc/z_en_xc.c	func	97	func_80B3EC90	func_80B3EC90	BOTH	0.00
soh/src/overlays/actors/ovl_En_Xc/z_en_xc.c	func	98	func_80B3ECD8	func_80B3ECD8	BOTH	0.00
soh/src/overlays/actors/ovl_En_Xc/z_en_xc.c	func	108	func_80B3EE64	func_80B3EE64	BOTH	0.00
soh/src/overlays/actors/ovl_En_Xc/z_en_xc.c	func	109	func_80B3EE74	func_80B3EE74	BOTH	0.00
soh/src/overlays/actors/ovl_En_Xc/z_en_xc.c	func	110	func_80B3EEA4	func_80B3EEA4	BOTH	0.00
soh/src/overlays/actors/ovl_En_Xc/z_en_xc.c	func	111	func_80B3EEC8	func_80B3EEC8	BOTH	0.00
soh/src/overlays/actors/ovl_En_Xc/z_en_xc.c	func	112	func_80B3EEEC	func_80B3EEEC	BOTH	0.00
soh/src/overlays/actors/ovl_En_Xc/z_en_xc.c	func	113	func_80B3EF10	func_80B3EF10	BOTH	0.00
soh/src/overlays/actors/ovl_En_Xc/z_en_xc.c	func	114	func_80B3EF34	func_80B3EF34	BOTH	0.00
soh/src/overlays/actors/ovl_En_Xc/z_en_xc.c	func	115	func_80B3EF58	func_80B3EF58	BOTH	0.00
soh/src/overlays/actors/ovl_En_Xc/z_en_xc.c	func	116	func_80B3EF80	func_80B3EF80	BOTH	0.00
soh/src/overlays/actors/ovl_En_Xc/z_en_xc.c	func	117	func_80B3EFA4	func_80B3EFA4	BOTH	0.00
soh/src/overlays/actors/ovl_En_Xc/z_en_xc.c	func	118	func_80B3EFC8	func_80B3EFC8	BOTH	0.00
soh/src/overlays/actors/ovl_En_Xc/z_en_xc.c	func	119	func_80B3EFEC	func_80B3EFEC	BOTH	0.00
soh/src/overlays/actors/ovl_En_Xc/z_en_xc.c	func	120	func_80B3F010	func_80B3F010	BOTH	0.00
soh/src/overlays/actors/ovl_En_Xc/z_en_xc.c	func	121	func_80B3F0B8	func_80B3F0B8	BOTH	0.00
soh/src/overlays/actors/ovl_En_Xc/z_en_xc.c	func	122	func_80B3F0DC	func_80B3F0DC	BOTH	0.00
soh/src/overlays/actors/ovl_En_Xc/z_en_xc.c	func	123	func_80B3F100	func_80B3F100	BOTH	0.00
soh/src/overlays/actors/ovl_En_Xc/z_en_xc.c	func	140	func_80B3F3C8	func_80B3F3C8	BOTH	0.00
soh/src/overlays/actors/ovl_En_Xc/z_en_xc.c	func	141	func_80B3F3D8	func_80B3F3D8	BOTH	0.00
soh/src/overlays/actors/ovl_En_Xc/z_en_xc.c	func	144	func_80B3F534	func_80B3F534	BOTH	0.00
soh/src/overlays/actors/ovl_En_Xc/z_en_xc.c	func	145	func_80B3F59C	func_80B3F59C	BOTH	0.00
soh/src/overlays/actors/ovl_En_Xc/z_en_xc.c	func	146	func_80B3F620	func_80B3F620	BOTH	0.00
soh/src/overlays/actors/ovl_En_Xc/z_en_xc.c	func	147	func_80B3F644	func_80B3F644	BOTH	0.00
soh/src/overlays/actors/ovl_En_Xc/z_en_xc.c	func	148	func_80B3F668	func_80B3F668	BOTH	0.00
soh/src/overlays/actors/ovl_En_Xc/z_en_xc.c	func	149	func_80B3F6DC	func_80B3F6DC	BOTH	0.00
soh/src/overlays/actors/ovl_En_Xc/z_en_xc.c	func	151	func_80B3F754	func_80B3F754	BOTH	0.00
soh/src/overlays/actors/ovl_En_Xc/z_en_xc.c	func	152	func_80B3F7BC	func_80B3F7BC	BOTH	0.00
soh/src/overlays/actors/ovl_En_Xc/z_en_xc.c	func	161	func_80B3FA08	func_80B3FA08	BOTH	0.00
soh/src/overlays/actors/ovl_En_Xc/z_en_xc.c	func	162	func_80B3FA2C	func_80B3FA2C	BOTH	0.00
soh/src/overlays/actors/ovl_En_Xc/z_en_xc.c	func	164	func_80B3FAE0	func_80B3FAE0	BOTH	0.00
soh/src/overlays/actors/ovl_En_Xc/z_en_xc.c	func	166	func_80B3FF0C	func_80B3FF0C	BOTH	0.00
soh/src/overlays/actors/ovl_En_Xc/z_en_xc.c	func	169	func_80B400AC	func_80B400AC	BOTH	0.00
soh/src/overlays/actors/ovl_En_Xc/z_en_xc.c	func	177	func_80B40590	func_80B40590	BOTH	0.00
soh/src/overlays/actors/ovl_En_Xc/z_en_xc.c	func	181	func_80B406F8	func_80B406F8	BOTH	0.00
soh/src/overlays/actors/ovl_En_Xc/z_en_xc.c	func	187	func_80B40A78	func_80B40A78	BOTH	0.00
soh/src/overlays/actors/ovl_En_Xc/z_en_xc.c	func	189	func_80B40BB4	func_80B40BB4	BOTH	0.00
soh/src/overlays/actors/ovl_En_Xc/z_en_xc.c	func	190	func_80B40C50	func_80B40C50	BOTH	0.00
soh/src/overlays/actors/ovl_En_Xc/z_en_xc.c	func	191	func_80B40C74	func_80B40C74	BOTH	0.00
soh/src/overlays/actors/ovl_En_Xc/z_en_xc.c	func	192	func_80B40C98	func_80B40C98	BOTH	0.00
soh/src/overlays/actors/ovl_En_Xc/z_en_xc.c	func	193	func_80B40CBC	func_80B40CBC	BOTH	0.00
soh/src/overlays/actors/ovl_En_Xc/z_en_xc.c	func	194	func_80B40CE0	func_80B40CE0	BOTH	0.00
soh/src/overlays/actors/ovl_En_Xc/z_en_xc.c	func	195	func_80B40D08	func_80B40D08	BOTH	0.00
soh/src/overlays/actors/ovl_En_Xc/z_en_xc.c	func	196	func_80B40D2C	func_80B40D2C	BOTH	0.00
soh/src/overlays/actors/ovl_En_Xc/z_en_xc.c	func	197	func_80B40D50	func_80B40D50	BOTH	0.00
soh/src/overlays/actors/ovl_En_Xc/z_en_xc.c	func	198	func_80B40D74	func_80B40D74	BOTH	0.00
soh/src/overlays/actors/ovl_En_Xc/z_en_xc.c	func	200	func_80B40E40	func_80B40E40	BOTH	0.00
soh/src/overlays/actors/ovl_En_Xc/z_en_xc.c	func	201	func_80B40E64	func_80B40E64	BOTH	0.00
soh/src/overlays/actors/ovl_En_Xc/z_en_xc.c	func	202	func_80B40E88	func_80B40E88	BOTH	0.00
soh/src/overlays/actors/ovl_En_Xc/z_en_xc.c	func	229	func_80B41798	func_80B41798	BOTH	0.00
soh/src/overlays/actors/ovl_En_Xc/z_en_xc.c	data	2	D_80B42DA0	D_80B42DA0	BOTH	0.00
soh/src/overlays/actors/ovl_En_Xc/z_en_xc.c	data	3	D_80B41D90	-	UNSAFE	0.00
soh/src/overlays/actors/ovl_En_Xc/z_en_xc.c	data	5	D_80B41DA8	-	UNSAFE	0.00
soh/src/overlays/actors/ovl_En_Xc/z_en_xc.c	data	6	D_80B41DAC	-	UNSAFE	0.00
soh/src/overlays/actors/ovl_En_Yukabyun/z_en_yukabyun.c	func	2	func_80B43A94	func_80B43A94	BOTH	0.00
soh/src/overlays/actors/ovl_En_Yukabyun/z_en_yukabyun.c	func	3	func_80B43AD4	func_80B43AD4	BOTH	0.00
soh/src/overlays/actors/ovl_En_Yukabyun/z_en_yukabyun.c	func	4	func_80B43B6C	func_80B43B6C	BOTH	0.00
soh/src/overlays/actors/ovl_En_Yukabyun/z_en_yukabyun.c	data	3	D_80B43F64	D_80B43F64	BOTH	0.00
soh/src/overlays/actors/ovl_En_Zf/z_en_zf.c	data	9	D_80B4AB30	D_80B4AB30	BOTH	0.00
soh/src/overlays/actors/ovl_En_Zf/z_en_zf.c	data	10	D_80B4A2F8	D_80B4A2F8	BOTH	0.00
soh/src/overlays/actors/ovl_En_Zl1/z_en_zl1.c	func	0	func_80B4AB40	func_80B4AB40	BOTH	0.00
soh/src/overlays/actors/ovl_En_Zl1/z_en_zl1.c	func	1	func_80B4AB48	func_80B4AB48	BOTH	0.00
soh/src/overlays/actors/ovl_En_Zl1/z_en_zl1.c	func	4	func_80B4AE18	func_80B4AE18	BOTH	0.00
soh/src/overlays/actors/ovl_En_Zl1/z_en_zl1.c	func	5	func_80B4AF18	func_80B4AF18	BOTH	0.00
soh/src/overlays/actors/ovl_En_Zl1/z_en_zl1.c	func	6	func_80B4B010	func_80B4B010	BOTH	0.00
soh/src/overlays/actors/ovl_En_Zl1/z_en_zl1.c	func	7	func_80B4B240	func_80B4B240	BOTH	0.00
soh/src/overlays/actors/ovl_En_Zl1/z_en_zl1.c	func	8	func_80B4B7F4	func_80B4B7F4	BOTH	0.00
soh/src/overlays/actors/ovl_En_Zl1/z_en_zl1.c	func	9	func_80B4B834	func_80B4B834	BOTH	0.00
soh/src/overlays/actors/ovl_En_Zl1/z_en_zl1.c	func	10	func_80B4B874	func_80B4B874	BOTH	0.00
soh/src/overlays/actors/ovl_En_Zl1/z_en_zl1.c	func	11	func_80B4B8B4	func_80B4B8B4	BOTH	0.00
soh/src/overlays/actors/ovl_En_Zl1/z_en_zl1.c	func	12	func_80B4BBC4	func_80B4BBC4	BOTH	0.00
soh/src/overlays/actors/ovl_En_Zl1/z_en_zl1.c	func	13	func_80B4BC78	func_80B4BC78	BOTH	0.00
soh/src/overlays/actors/ovl_En_Zl1/z_en_zl1.c	func	14	func_80B4BF2C	func_80B4BF2C	BOTH	0.00
soh/src/overlays/actors/ovl_En_Zl1/z_en_zl1.c	data	3	D_80B4E61C	D_80B4E61C	BOTH	0.00
soh/src/overlays/actors/ovl_En_Zl1/z_en_zl1.c	data	4	D_80B4E62C	D_80B4E62C	BOTH	0.00
soh/src/overlays/actors/ovl_En_Zl1/z_en_zl1_camera_data.c	data	0	D_80B4D5C0	D_80B4D5C0	BOTH	0.00
soh/src/overlays/actors/ovl_En_Zl1/z_en_zl1_camera_data.c	data	1	D_80B4D72C	D_80B4D72C	BOTH	0.00
soh/src/overlays/actors/ovl_En_Zl1/z_en_zl1_camera_data.c	data	2	D_80B4D7AC	D_80B4D7AC	BOTH	0.00
soh/src/overlays/actors/ovl_En_Zl1/z_en_zl1_camera_data.c	data	3	D_80B4D82C	D_80B4D82C	BOTH	0.00
soh/src/overlays/actors/ovl_En_Zl1/z_en_zl1_camera_data.c	data	4	D_80B4D8CC	D_80B4D8CC	BOTH	0.00
soh/src/overlays/actors/ovl_En_Zl1/z_en_zl1_camera_data.c	data	5	D_80B4D96C	D_80B4D96C	BOTH	0.00
soh/src/overlays/actors/ovl_En_Zl1/z_en_zl1_camera_data.c	data	6	D_80B4DA4C	D_80B4DA4C	BOTH	0.00
soh/src/overlays/actors/ovl_En_Zl1/z_en_zl1_camera_data.c	data	7	D_80B4DB2C	D_80B4DB2C	BOTH	0.00
soh/src/overlays/actors/ovl_En_Zl1/z_en_zl1_camera_data.c	data	8	D_80B4DBBC	D_80B4DBBC	BOTH	0.00
soh/src/overlays/actors/ovl_En_Zl1/z_en_zl1_camera_data.c	data	9	D_80B4DC4C	D_80B4DC4C	BOTH	0.00
soh/src/overlays/actors/ovl_En_Zl1/z_en_zl1_camera_data.c	data	10	D_80B4DD3C	D_80B4DD3C	BOTH	0.00
soh/src/overlays/actors/ovl_En_Zl1/z_en_zl1_camera_data.c	data	11	D_80B4DE2C	D_80B4DE2C	BOTH	0.00
soh/src/overlays/actors/ovl_En_Zl1/z_en_zl1_camera_data.c	data	12	D_80B4DF0C	D_80B4DF0C	BOTH	0.00
soh/src/overlays/actors/ovl_En_Zl1/z_en_zl1_camera_data.c	data	13	D_80B4DFEC	D_80B4DFEC	BOTH	0.00
soh/src/overlays/actors/ovl_En_Zl1/z_en_zl1_camera_data.c	data	14	D_80B4E08C	D_80B4E08C	BOTH	0.00
soh/src/overlays/actors/ovl_En_Zl1/z_en_zl1_camera_data.c	data	15	D_80B4E12C	D_80B4E12C	BOTH	0.00
soh/src/overlays/actors/ovl_En_Zl1/z_en_zl1_camera_data.c	data	16	D_80B4E1BC	D_80B4E1BC	BOTH	0.00
soh/src/overlays/actors/ovl_En_Zl1/z_en_zl1_camera_data.c	data	17	D_80B4E24C	D_80B4E24C	BOTH	0.00
soh/src/overlays/actors/ovl_En_Zl1/z_en_zl1_camera_data.c	data	18	D_80B4E2CC	D_80B4E2CC	BOTH	0.00
soh/src/overlays/actors/ovl_En_Zl1/z_en_zl1_camera_data.c	data	19	D_80B4E34C	D_80B4E34C	BOTH	0.00
soh/src/overlays/actors/ovl_En_Zl1/z_en_zl1_camera_data.c	data	20	D_80B4E3CC	D_80B4E3CC	BOTH	0.00
soh/src/overlays/actors/ovl_En_Zl1/z_en_zl1_camera_data.c	data	21	D_80B4E44C	D_80B4E44C	BOTH	0.00
soh/src/overlays/actors/ovl_En_Zl1/z_en_zl1_camera_data.c	data	22	D_80B4E4CC	D_80B4E4CC	BOTH	0.00
soh/src/overlays/actors/ovl_En_Zl1/z_en_zl1_camera_data.c	data	23	D_80B4E54C	D_80B4E54C	BOTH	0.00
soh/src/overlays/actors/ovl_En_Zl2/z_en_zl2.c	func	2	func_80B4EA40	func_80B4EA40	BOTH	0.00
soh/src/overlays/actors/ovl_En_Zl2/z_en_zl2.c	func	3	func_80B4EAF4	func_80B4EAF4	BOTH	0.00
soh/src/overlays/actors/ovl_En_Zl2/z_en_zl2.c	func	4	func_80B4EBB8	func_80B4EBB8	BOTH	0.00
soh/src/overlays/actors/ovl_En_Zl2/z_en_zl2.c	func	5	func_80B4EC48	func_80B4EC48	BOTH	0.00
soh/src/overlays/actors/ovl_En_Zl2/z_en_zl2.c	func	9	func_80B4ED2C	func_80B4ED2C	BOTH	0.00
soh/src/overlays/actors/ovl_En_Zl2/z_en_zl2.c	func	12	func_80B4EDB8	func_80B4EDB8	BOTH	0.00
soh/src/overlays/actors/ovl_En_Zl2/z_en_zl2.c	func	13	func_80B4EE38	func_80B4EE38	BOTH	0.00
soh/src/overlays/actors/ovl_En_Zl2/z_en_zl2.c	func	14	func_80B4EF64	func_80B4EF64	BOTH	0.00
soh/src/overlays/actors/ovl_En_Zl2/z_en_zl2.c	func	15	func_80B4F230	func_80B4F230	BOTH	0.00
soh/src/overlays/actors/ovl_En_Zl2/z_en_zl2.c	func	16	func_80B4F45C	func_80B4F45C	BOTH	0.00
soh/src/overlays/actors/ovl_En_Zl2/z_en_zl2.c	func	18	func_80B4FCCC	func_80B4FCCC	BOTH	0.00
soh/src/overlays/actors/ovl_En_Zl2/z_en_zl2.c	func	19	func_80B4FD00	func_80B4FD00	BOTH	0.00
soh/src/overlays/actors/ovl_En_Zl2/z_en_zl2.c	func	20	func_80B4FD90	func_80B4FD90	BOTH	0.00
soh/src/overlays/actors/ovl_En_Zl2/z_en_zl2.c	func	21	func_80B4FDD4	func_80B4FDD4	BOTH	0.00
soh/src/overlays/actors/ovl_En_Zl2/z_en_zl2.c	func	22	func_80B4FE10	func_80B4FE10	BOTH	0.00
soh/src/overlays/actors/ovl_En_Zl2/z_en_zl2.c	func	23	func_80B4FE48	func_80B4FE48	BOTH	0.00
soh/src/overlays/actors/ovl_En_Zl2/z_en_zl2.c	func	24	func_80B4FE6C	func_80B4FE6C	BOTH	0.00
soh/src/overlays/actors/ovl_En_Zl2/z_en_zl2.c	func	25	func_80B4FE90	func_80B4FE90	BOTH	0.00
soh/src/overlays/actors/ovl_En_Zl2/z_en_zl2.c	func	26	func_80B4FEB4	func_80B4FEB4	BOTH	0.00
soh/src/overlays/actors/ovl_En_Zl2/z_en_zl2.c	func	27	func_80B4FED8	func_80B4FED8	BOTH	0.00
soh/src/overlays/actors/ovl_En_Zl2/z_en_zl2.c	func	29	func_80B4FF84	func_80B4FF84	BOTH	0.00
soh/src/overlays/actors/ovl_En_Zl2/z_en_zl2.c	func	30	func_80B4FFF0	func_80B4FFF0	BOTH	0.00
soh/src/overlays/actors/ovl_En_Zl2/z_en_zl2.c	func	31	func_80B5008C	func_80B5008C	BOTH	0.00
soh/src/overlays/actors/ovl_En_Zl2/z_en_zl2.c	func	32	func_80B500E0	func_80B500E0	BOTH	0.00
soh/src/overlays/actors/ovl_En_Zl2/z_en_zl2.c	func	33	func_80B501C4	func_80B501C4	BOTH	0.00
soh/src/overlays/actors/ovl_En_Zl2/z_en_zl2.c	func	34	func_80B501E8	func_80B501E8	BOTH	0.00
soh/src/overlays/actors/ovl_En_Zl2/z_en_zl2.c	func	35	func_80B50260	func_80B50260	BOTH	0.00
soh/src/overlays/actors/ovl_En_Zl2/z_en_zl2.c	func	36	func_80B50278	func_80B50278	BOTH	0.00
soh/src/overlays/actors/ovl_En_Zl2/z_en_zl2.c	func	37	func_80B50304	func_80B50304	BOTH	0.00
soh/src/overlays/actors/ovl_En_Zl2/z_en_zl2.c	func	38	func_80B503DC	func_80B503DC	BOTH	0.00
soh/src/overlays/actors/ovl_En_Zl2/z_en_zl2.c	func	39	func_80B5042C	func_80B5042C	BOTH	0.00
soh/src/overlays/actors/ovl_En_Zl2/z_en_zl2.c	func	40	func_80B50488	func_80B50488	BOTH	0.00
soh/src/overlays/actors/ovl_En_Zl2/z_en_zl2.c	func	41	func_80B504D4	func_80B504D4	BOTH	0.00
soh/src/overlays/actors/ovl_En_Zl2/z_en_zl2.c	func	42	func_80B5053C	func_80B5053C	BOTH	0.00
soh/src/overlays/actors/ovl_En_Zl2/z_en_zl2.c	func	43	func_80B50580	func_80B50580	BOTH	0.00
soh/src/overlays/actors/ovl_En_Zl2/z_en_zl2.c	func	44	func_80B505D4	func_80B505D4	BOTH	0.00
soh/src/overlays/actors/ovl_En_Zl2/z_en_zl2.c	func	45	func_80B50618	func_80B50618	BOTH	0.00
soh/src/overlays/actors/ovl_En_Zl2/z_en_zl2.c	func	46	func_80B50644	func_80B50644	BOTH	0.00
soh/src/overlays/actors/ovl_En_Zl2/z_en_zl2.c	func	47	func_80B50670	func_80B50670	BOTH	0.00
soh/src/overlays/actors/ovl_En_Zl2/z_en_zl2.c	func	48	func_80B506C4	func_80B506C4	BOTH	0.00
soh/src/overlays/actors/ovl_En_Zl2/z_en_zl2.c	func	49	func_80B5073C	func_80B5073C	BOTH	0.00
soh/src/overlays/actors/ovl_En_Zl2/z_en_zl2.c	func	50	func_80B50780	func_80B50780	BOTH	0.00
soh/src/overlays/actors/ovl_En_Zl2/z_en_zl2.c	func	51	func_80B507E8	func_80B507E8	BOTH	0.00
soh/src/overlays/actors/ovl_En_Zl2/z_en_zl2.c	func	52	func_80B5082C	func_80B5082C	BOTH	0.00
soh/src/overlays/actors/ovl_En_Zl2/z_en_zl2.c	func	53	func_80B50880	func_80B50880	BOTH	0.00
soh/src/overlays/actors/ovl_En_Zl2/z_en_zl2.c	func	54	func_80B508C8	func_80B508C8	BOTH	0.00
soh/src/overlays/actors/ovl_En_Zl2/z_en_zl2.c	func	55	func_80B50928	func_80B50928	BOTH	0.00
soh/src/overlays/actors/ovl_En_Zl2/z_en_zl2.c	func	56	func_80B50970	func_80B50970	BOTH	0.00
soh/src/overlays/actors/ovl_En_Zl2/z_en_zl2.c	func	57	func_80B50980	func_80B50980	BOTH	0.00
soh/src/overlays/actors/ovl_En_Zl2/z_en_zl2.c	func	58	func_80B509A0	func_80B509A0	BOTH	0.00
soh/src/overlays/actors/ovl_En_Zl2/z_en_zl2.c	func	59	func_80B50A04	func_80B50A04	BOTH	0.00
soh/src/overlays/actors/ovl_En_Zl2/z_en_zl2.c	func	60	func_80B50BBC	func_80B50BBC	BOTH	0.00
soh/src/overlays/actors/ovl_En_Zl2/z_en_zl2.c	func	61	func_80B50BEC	func_80B50BEC	BOTH	0.00
soh/src/overlays/actors/ovl_En_Zl2/z_en_zl2.c	func	62	func_80B50C40	func_80B50C40	BOTH	0.00
soh/src/overlays/actors/ovl_En_Zl2/z_en_zl2.c	func	63	func_80B50CA8	func_80B50CA8	BOTH	0.00
soh/src/overlays/actors/ovl_En_Zl2/z_en_zl2.c	func	64	func_80B50CFC	func_80B50CFC	BOTH	0.00
soh/src/overlays/actors/ovl_En_Zl2/z_en_zl2.c	func	65	func_80B50D50	func_80B50D50	BOTH	0.00
soh/src/overlays/actors/ovl_En_Zl2/z_en_zl2.c	func	66	func_80B50D94	func_80B50D94	BOTH	0.00
soh/src/overlays/actors/ovl_En_Zl2/z_en_zl2.c	func	67	func_80B50DE8	func_80B50DE8	BOTH	0.00
soh/src/overlays/actors/ovl_En_Zl2/z_en_zl2.c	func	68	func_80B50E3C	func_80B50E3C	BOTH	0.00
soh/src/overlays/actors/ovl_En_Zl2/z_en_zl2.c	func	69	func_80B50E90	func_80B50E90	BOTH	0.00
soh/src/overlays/actors/ovl_En_Zl2/z_en_zl2.c	func	70	func_80B50EE4	func_80B50EE4	BOTH	0.00
soh/src/overlays/actors/ovl_En_Zl2/z_en_zl2.c	func	71	func_80B50F38	func_80B50F38	BOTH	0.00
soh/src/overlays/actors/ovl_En_Zl2/z_en_zl2.c	func	72	func_80B50F8C	func_80B50F8C	BOTH	0.00
soh/src/overlays/actors/ovl_En_Zl2/z_en_zl2.c	func	73	func_80B50FE8	func_80B50FE8	BOTH	0.00
soh/src/overlays/actors/ovl_En_Zl2/z_en_zl2.c	func	74	func_80B51034	func_80B51034	BOTH	0.00
soh/src/overlays/actors/ovl_En_Zl2/z_en_zl2.c	func	75	func_80B51080	func_80B51080	BOTH	0.00
soh/src/overlays/actors/ovl_En_Zl2/z_en_zl2.c	func	76	func_80B510CC	func_80B510CC	BOTH	0.00
soh/src/overlays/actors/ovl_En_Zl2/z_en_zl2.c	func	77	func_80B51118	func_80B51118	BOTH	0.00
soh/src/overlays/actors/ovl_En_Zl2/z_en_zl2.c	func	78	func_80B51164	func_80B51164	BOTH	0.00
soh/src/overlays/actors/ovl_En_Zl2/z_en_zl2.c	func	79	func_80B511B0	func_80B511B0	BOTH	0.00
soh/src/overlays/actors/ovl_En_Zl2/z_en_zl2.c	func	80	func_80B511FC	func_80B511FC	BOTH	0.00
soh/src/overlays/actors/ovl_En_Zl2/z_en_zl2.c	func	81	func_80B51250	func_80B51250	BOTH	0.00
soh/src/overlays/actors/ovl_En_Zl2/z_en_zl2.c	func	82	func_80B512B8	func_80B512B8	BOTH	0.00
soh/src/overlays/actors/ovl_En_Zl2/z_en_zl2.c	func	83	func_80B51310	func_80B51310	BOTH	0.00
soh/src/overlays/actors/ovl_En_Zl2/z_en_zl2.c	func	84	func_80B5135C	func_80B5135C	BOTH	0.00
soh/src/overlays/actors/ovl_En_Zl2/z_en_zl2.c	func	85	func_80B513A8	func_80B513A8	BOTH	0.00
soh/src/overlays/actors/ovl_En_Zl2/z_en_zl2.c	func	86	func_80B51418	func_80B51418	BOTH	0.00
soh/src/overlays/actors/ovl_En_Zl2/z_en_zl2.c	func	87	func_80B5146C	func_80B5146C	BOTH	0.00
soh/src/overlays/actors/ovl_En_Zl2/z_en_zl2.c	func	88	func_80B5149C	func_80B5149C	BOTH	0.00
soh/src/overlays/actors/ovl_En_Zl2/z_en_zl2.c	func	89	func_80B514F8	func_80B514F8	BOTH	0.00
soh/src/overlays/actors/ovl_En_Zl2/z_en_zl2.c	func	90	func_80B5154C	func_80B5154C	BOTH	0.00
soh/src/overlays/actors/ovl_En_Zl2/z_en_zl2.c	func	91	func_80B515C4	func_80B515C4	BOTH	0.00
soh/src/overlays/actors/ovl_En_Zl2/z_en_zl2.c	func	92	func_80B515D8	func_80B515D8	BOTH	0.00
soh/src/overlays/actors/ovl_En_Zl2/z_en_zl2.c	func	93	func_80B51644	func_80B51644	BOTH	0.00
soh/src/overlays/actors/ovl_En_Zl2/z_en_zl2.c	func	94	func_80B51678	func_80B51678	BOTH	0.00
soh/src/overlays/actors/ovl_En_Zl2/z_en_zl2.c	func	95	func_80B516D0	func_80B516D0	BOTH	0.00
soh/src/overlays/actors/ovl_En_Zl2/z_en_zl2.c	func	96	func_80B51704	func_80B51704	BOTH	0.00
soh/src/overlays/actors/ovl_En_Zl2/z_en_zl2.c	func	97	func_80B5175C	func_80B5175C	BOTH	0.00
soh/src/overlays/actors/ovl_En_Zl2/z_en_zl2.c	func	98	func_80B51790	func_80B51790	BOTH	0.00
soh/src/overlays/actors/ovl_En_Zl2/z_en_zl2.c	func	99	func_80B517E0	func_80B517E0	BOTH	0.00
soh/src/overlays/actors/ovl_En_Zl2/z_en_zl2.c	func	100	func_80B51824	func_80B51824	BOTH	0.00
soh/src/overlays/actors/ovl_En_Zl2/z_en_zl2.c	func	101	func_80B5187C	func_80B5187C	BOTH	0.00
soh/src/overlays/actors/ovl_En_Zl2/z_en_zl2.c	func	102	func_80B518C0	func_80B518C0	BOTH	0.00
soh/src/overlays/actors/ovl_En_Zl2/z_en_zl2.c	func	103	func_80B51948	func_80B51948	BOTH	0.00
soh/src/overlays/actors/ovl_En_Zl2/z_en_zl2.c	func	104	func_80B51A5C	func_80B51A5C	BOTH	0.00
soh/src/overlays/actors/ovl_En_Zl2/z_en_zl2.c	func	105	func_80B51A8C	func_80B51A8C	BOTH	0.00
soh/src/overlays/actors/ovl_En_Zl2/z_en_zl2.c	func	106	func_80B51AE4	func_80B51AE4	BOTH	0.00
soh/src/overlays/actors/ovl_En_Zl2/z_en_zl2.c	func	107	func_80B51B44	func_80B51B44	BOTH	0.00
soh/src/overlays/actors/ovl_En_Zl2/z_en_zl2.c	func	108	func_80B51BA8	func_80B51BA8	BOTH	0.00
soh/src/overlays/actors/ovl_En_Zl2/z_en_zl2.c	func	109	func_80B51C0C	func_80B51C0C	BOTH	0.00
soh/src/overlays/actors/ovl_En_Zl2/z_en_zl2.c	func	110	func_80B51C64	func_80B51C64	BOTH	0.00
soh/src/overlays/actors/ovl_En_Zl2/z_en_zl2.c	func	111	func_80B51CA8	func_80B51CA8	BOTH	0.00
soh/src/overlays/actors/ovl_En_Zl2/z_en_zl2.c	func	112	func_80B51D0C	func_80B51D0C	BOTH	0.00
soh/src/overlays/actors/ovl_En_Zl2/z_en_zl2.c	func	113	func_80B51D24	func_80B51D24	BOTH	0.00
soh/src/overlays/actors/ovl_En_Zl2/z_en_zl2.c	func	114	func_80B51DA4	func_80B51DA4	BOTH	0.00
soh/src/overlays/actors/ovl_En_Zl2/z_en_zl2.c	func	115	func_80B51EA8	func_80B51EA8	BOTH	0.00
soh/src/overlays/actors/ovl_En_Zl2/z_en_zl2.c	func	116	func_80B51EBC	func_80B51EBC	BOTH	0.00
soh/src/overlays/actors/ovl_En_Zl2/z_en_zl2.c	func	117	func_80B51F38	func_80B51F38	BOTH	0.00
soh/src/overlays/actors/ovl_En_Zl2/z_en_zl2.c	func	118	func_80B51FA8	func_80B51FA8	BOTH	0.00
soh/src/overlays/actors/ovl_En_Zl2/z_en_zl2.c	func	119	func_80B52068	func_80B52068	BOTH	0.00
soh/src/overlays/actors/ovl_En_Zl2/z_en_zl2.c	func	120	func_80B52098	func_80B52098	BOTH	0.00
soh/src/overlays/actors/ovl_En_Zl2/z_en_zl2.c	func	121	func_80B52108	func_80B52108	BOTH	0.00
soh/src/overlays/actors/ovl_En_Zl2/z_en_zl2.c	func	122	func_80B52114	func_80B52114	BOTH	0.00
soh/src/overlays/actors/ovl_En_Zl2/z_en_zl2.c	func	123	func_80B521A0	func_80B521A0	BOTH	0.00
soh/src/overlays/actors/ovl_En_Zl2/z_en_zl2.c	func	127	func_80B523BC	func_80B523BC	BOTH	0.00
soh/src/overlays/actors/ovl_En_Zl2/z_en_zl2.c	func	128	func_80B523C8	func_80B523C8	BOTH	0.00
soh/src/overlays/actors/ovl_En_Zl2/z_en_zl2.c	func	129	func_80B525D4	func_80B525D4	BOTH	0.00
soh/src/overlays/actors/ovl_En_Zl3/z_en_zl3.c	func	0	func_80B533B0	func_80B533B0	BOTH	0.00
soh/src/overlays/actors/ovl_En_Zl3/z_en_zl3.c	func	1	func_80B533FC	func_80B533FC	BOTH	0.00
soh/src/overlays/actors/ovl_En_Zl3/z_en_zl3.c	func	3	func_80B53468	func_80B53468	BOTH	0.00
soh/src/overlays/actors/ovl_En_Zl3/z_en_zl3.c	func	4	func_80B53488	func_80B53488	BOTH	0.00
soh/src/overlays/actors/ovl_En_Zl3/z_en_zl3.c	func	8	func_80B5357C	func_80B5357C	BOTH	0.00
soh/src/overlays/actors/ovl_En_Zl3/z_en_zl3.c	func	9	func_80B53614	func_80B53614	BOTH	0.00
soh/src/overlays/actors/ovl_En_Zl3/z_en_zl3.c	func	10	func_80B5366C	func_80B5366C	BOTH	0.00
soh/src/overlays/actors/ovl_En_Zl3/z_en_zl3.c	func	11	func_80B536B4	func_80B536B4	BOTH	0.00
soh/src/overlays/actors/ovl_En_Zl3/z_en_zl3.c	func	12	func_80B536C4	func_80B536C4	BOTH	0.00
soh/src/overlays/actors/ovl_En_Zl3/z_en_zl3.c	func	13	func_80B53764	func_80B53764	BOTH	0.00
soh/src/overlays/actors/ovl_En_Zl3/z_en_zl3.c	func	14	func_80B537E8	func_80B537E8	BOTH	0.00
soh/src/overlays/actors/ovl_En_Zl3/z_en_zl3.c	func	15	func_80B538B0	func_80B538B0	BOTH	0.00
soh/src/overlays/actors/ovl_En_Zl3/z_en_zl3.c	func	17	func_80B5396C	func_80B5396C	BOTH	0.00
soh/src/overlays/actors/ovl_En_Zl3/z_en_zl3.c	func	18	func_80B53974	func_80B53974	BOTH	0.00
soh/src/overlays/actors/ovl_En_Zl3/z_en_zl3.c	func	19	func_80B53980	func_80B53980	BOTH	0.00
soh/src/overlays/actors/ovl_En_Zl3/z_en_zl3.c	func	20	func_80B53B64	func_80B53B64	BOTH	0.00
soh/src/overlays/actors/ovl_En_Zl3/z_en_zl3.c	func	21	func_80B54360	func_80B54360	BOTH	0.00
soh/src/overlays/actors/ovl_En_Zl3/z_en_zl3.c	func	22	func_80B5458C	func_80B5458C	BOTH	0.00
soh/src/overlays/actors/ovl_En_Zl3/z_en_zl3.c	func	24	func_80B54DB4	func_80B54DB4	BOTH	0.00
soh/src/overlays/actors/ovl_En_Zl3/z_en_zl3.c	func	25	func_80B54DC4	func_80B54DC4	BOTH	0.00
soh/src/overlays/actors/ovl_En_Zl3/z_en_zl3.c	func	26	func_80B54DD4	func_80B54DD4	BOTH	0.00
soh/src/overlays/actors/ovl_En_Zl3/z_en_zl3.c	func	27	func_80B54DE0	func_80B54DE0	BOTH	0.00
soh/src/overlays/actors/ovl_En_Zl3/z_en_zl3.c	func	28	func_80B54E14	func_80B54E14	BOTH	0.00
soh/src/overlays/actors/ovl_En_Zl3/z_en_zl3.c	func	29	func_80B54EA4	func_80B54EA4	BOTH	0.00
soh/src/overlays/actors/ovl_En_Zl3/z_en_zl3.c	func	30	func_80B54EF4	func_80B54EF4	BOTH	0.00
soh/src/overlays/actors/ovl_En_Zl3/z_en_zl3.c	func	31	func_80B54F18	func_80B54F18	BOTH	0.00
soh/src/overlays/actors/ovl_En_Zl3/z_en_zl3.c	func	32	func_80B54FB4	func_80B54FB4	BOTH	0.00
soh/src/overlays/actors/ovl_En_Zl3/z_en_zl3.c	func	33	func_80B55054	func_80B55054	BOTH	0.00
soh/src/overlays/actors/ovl_En_Zl3/z_en_zl3.c	func	34	func_80B550F0	func_80B550F0	BOTH	0.00
soh/src/overlays/actors/ovl_En_Zl3/z_en_zl3.c	func	35	func_80B55144	func_80B55144	BOTH	0.00
soh/src/overlays/actors/ovl_En_Zl3/z_en_zl3.c	func	36	func_80B551E0	func_80B551E0	BOTH	0.00
soh/src/overlays/actors/ovl_En_Zl3/z_en_zl3.c	func	37	func_80B55220	func_80B55220	BOTH	0.00
soh/src/overlays/actors/ovl_En_Zl3/z_en_zl3.c	func	38	func_80B55268	func_80B55268	BOTH	0.00
soh/src/overlays/actors/ovl_En_Zl3/z_en_zl3.c	func	39	func_80B552A8	func_80B552A8	BOTH	0.00
soh/src/overlays/actors/ovl_En_Zl3/z_en_zl3.c	func	40	func_80B552DC	func_80B552DC	BOTH	0.00
soh/src/overlays/actors/ovl_En_Zl3/z_en_zl3.c	func	41	func_80B55334	func_80B55334	BOTH	0.00
soh/src/overlays/actors/ovl_En_Zl3/z_en_zl3.c	func	42	func_80B55368	func_80B55368	BOTH	0.00
soh/src/overlays/actors/ovl_En_Zl3/z_en_zl3.c	func	43	func_80B553B4	func_80B553B4	BOTH	0.00
soh/src/overlays/actors/ovl_En_Zl3/z_en_zl3.c	func	44	func_80B553E8	func_80B553E8	BOTH	0.00
soh/src/overlays/actors/ovl_En_Zl3/z_en_zl3.c	func	45	func_80B55408	func_80B55408	BOTH	0.00
soh/src/overlays/actors/ovl_En_Zl3/z_en_zl3.c	func	46	func_80B55444	func_80B55444	BOTH	0.00
soh/src/overlays/actors/ovl_En_Zl3/z_en_zl3.c	func	47	func_80B55550	func_80B55550	BOTH	0.00
soh/src/overlays/actors/ovl_En_Zl3/z_en_zl3.c	func	48	func_80B555A4	func_80B555A4	BOTH	0.00
soh/src/overlays/actors/ovl_En_Zl3/z_en_zl3.c	func	49	func_80B55604	func_80B55604	BOTH	0.00
soh/src/overlays/actors/ovl_En_Zl3/z_en_zl3.c	func	50	func_80B5566C	func_80B5566C	BOTH	0.00
soh/src/overlays/actors/ovl_En_Zl3/z_en_zl3.c	func	51	func_80B556CC	func_80B556CC	BOTH	0.00
soh/src/overlays/actors/ovl_En_Zl3/z_en_zl3.c	func	52	func_80B5572C	func_80B5572C	BOTH	0.00
soh/src/overlays/actors/ovl_En_Zl3/z_en_zl3.c	func	53	func_80B55780	func_80B55780	BOTH	0.00
soh/src/overlays/actors/ovl_En_Zl3/z_en_zl3.c	func	54	func_80B55808	func_80B55808	BOTH	0.00
soh/src/overlays/actors/ovl_En_Zl3/z_en_zl3.c	func	55	func_80B5582C	func_80B5582C	BOTH	0.00
soh/src/overlays/actors/ovl_En_Zl3/z_en_zl3.c	func	56	func_80B5585C	func_80B5585C	BOTH	0.00
soh/src/overlays/actors/ovl_En_Zl3/z_en_zl3.c	func	57	func_80B558A8	func_80B558A8	BOTH	0.00
soh/src/overlays/actors/ovl_En_Zl3/z_en_zl3.c	func	58	func_80B559C4	func_80B559C4	BOTH	0.00
soh/src/overlays/actors/ovl_En_Zl3/z_en_zl3.c	func	59	func_80B55A58	func_80B55A58	BOTH	0.00
soh/src/overlays/actors/ovl_En_Zl3/z_en_zl3.c	func	60	func_80B55A84	func_80B55A84	BOTH	0.00
soh/src/overlays/actors/ovl_En_Zl3/z_en_zl3.c	func	61	func_80B55AC4	func_80B55AC4	BOTH	0.00
soh/src/overlays/actors/ovl_En_Zl3/z_en_zl3.c	func	62	func_80B55B04	func_80B55B04	BOTH	0.00
soh/src/overlays/actors/ovl_En_Zl3/z_en_zl3.c	func	63	func_80B55B38	func_80B55B38	BOTH	0.00
soh/src/overlays/actors/ovl_En_Zl3/z_en_zl3.c	func	64	func_80B55B78	func_80B55B78	BOTH	0.00
soh/src/overlays/actors/ovl_En_Zl3/z_en_zl3.c	func	65	func_80B55BAC	func_80B55BAC	BOTH	0.00
soh/src/overlays/actors/ovl_En_Zl3/z_en_zl3.c	func	66	func_80B55C0C	func_80B55C0C	BOTH	0.00
soh/src/overlays/actors/ovl_En_Zl3/z_en_zl3.c	func	67	func_80B55C4C	func_80B55C4C	BOTH	0.00
soh/src/overlays/actors/ovl_En_Zl3/z_en_zl3.c	func	68	func_80B55C70	func_80B55C70	BOTH	0.00
soh/src/overlays/actors/ovl_En_Zl3/z_en_zl3.c	func	69	func_80B55CCC	func_80B55CCC	BOTH	0.00
soh/src/overlays/actors/ovl_En_Zl3/z_en_zl3.c	func	70	func_80B55D00	func_80B55D00	BOTH	0.00
soh/src/overlays/actors/ovl_En_Zl3/z_en_zl3.c	func	71	func_80B55DB0	func_80B55DB0	BOTH	0.00
soh/src/overlays/actors/ovl_En_Zl3/z_en_zl3.c	func	72	func_80B55E08	func_80B55E08	BOTH	0.00
soh/src/overlays/actors/ovl_En_Zl3/z_en_zl3.c	func	73	func_80B55E48	func_80B55E48	BOTH	0.00
soh/src/overlays/actors/ovl_En_Zl3/z_en_zl3.c	func	74	func_80B55E7C	func_80B55E7C	BOTH	0.00
soh/src/overlays/actors/ovl_En_Zl3/z_en_zl3.c	func	75	func_80B55EBC	func_80B55EBC	BOTH	0.00
soh/src/overlays/actors/ovl_En_Zl3/z_en_zl3.c	func	76	func_80B55EF0	func_80B55EF0	BOTH	0.00
soh/src/overlays/actors/ovl_En_Zl3/z_en_zl3.c	func	77	func_80B55F38	func_80B55F38	BOTH	0.00
soh/src/overlays/actors/ovl_En_Zl3/z_en_zl3.c	func	78	func_80B55F6C	func_80B55F6C	BOTH	0.00
soh/src/overlays/actors/ovl_En_Zl3/z_en_zl3.c	func	79	func_80B5604C	func_80B5604C	BOTH	0.00
soh/src/overlays/actors/ovl_En_Zl3/z_en_zl3.c	func	80	func_80B56090	func_80B56090	BOTH	0.00
soh/src/overlays/actors/ovl_En_Zl3/z_en_zl3.c	func	81	func_80B56108	func_80B56108	BOTH	0.00
soh/src/overlays/actors/ovl_En_Zl3/z_en_zl3.c	func	82	func_80B56160	func_80B56160	BOTH	0.00
soh/src/overlays/actors/ovl_En_Zl3/z_en_zl3.c	func	83	func_80B561A0	func_80B561A0	BOTH	0.00
soh/src/overlays/actors/ovl_En_Zl3/z_en_zl3.c	func	84	func_80B561E0	func_80B561E0	BOTH	0.00
soh/src/overlays/actors/ovl_En_Zl3/z_en_zl3.c	func	85	func_80B56214	func_80B56214	BOTH	0.00
soh/src/overlays/actors/ovl_En_Zl3/z_en_zl3.c	func	86	func_80B562F4	func_80B562F4	BOTH	0.00
soh/src/overlays/actors/ovl_En_Zl3/z_en_zl3.c	func	87	func_80B5634C	func_80B5634C	BOTH	0.00
soh/src/overlays/actors/ovl_En_Zl3/z_en_zl3.c	func	88	func_80B5638C	func_80B5638C	BOTH	0.00
soh/src/overlays/actors/ovl_En_Zl3/z_en_zl3.c	func	89	func_80B563C0	func_80B563C0	BOTH	0.00
soh/src/overlays/actors/ovl_En_Zl3/z_en_zl3.c	func	90	func_80B56400	func_80B56400	BOTH	0.00
soh/src/overlays/actors/ovl_En_Zl3/z_en_zl3.c	func	91	func_80B56434	func_80B56434	BOTH	0.00
soh/src/overlays/actors/ovl_En_Zl3/z_en_zl3.c	func	92	func_80B56474	func_80B56474	BOTH	0.00
soh/src/overlays/actors/ovl_En_Zl3/z_en_zl3.c	func	93	func_80B564A8	func_80B564A8	BOTH	0.00
soh/src/overlays/actors/ovl_En_Zl3/z_en_zl3.c	func	94	func_80B56658	func_80B56658	BOTH	0.00
soh/src/overlays/actors/ovl_En_Zl3/z_en_zl3.c	func	95	func_80B566AC	func_80B566AC	BOTH	0.00
soh/src/overlays/actors/ovl_En_Zl3/z_en_zl3.c	func	96	func_80B5670C	func_80B5670C	BOTH	0.00
soh/src/overlays/actors/ovl_En_Zl3/z_en_zl3.c	func	97	func_80B5676C	func_80B5676C	BOTH	0.00
soh/src/overlays/actors/ovl_En_Zl3/z_en_zl3.c	func	98	func_80B567CC	func_80B567CC	BOTH	0.00
soh/src/overlays/actors/ovl_En_Zl3/z_en_zl3.c	func	99	func_80B5682C	func_80B5682C	BOTH	0.00
soh/src/overlays/actors/ovl_En_Zl3/z_en_zl3.c	func	100	func_80B568B4	func_80B568B4	BOTH	0.00
soh/src/overlays/actors/ovl_En_Zl3/z_en_zl3.c	func	101	func_80B5691C	func_80B5691C	BOTH	0.00
soh/src/overlays/actors/ovl_En_Zl3/z_en_zl3.c	func	102	func_80B5697C	func_80B5697C	BOTH	0.00
soh/src/overlays/actors/ovl_En_Zl3/z_en_zl3.c	func	103	func_80B569E4	func_80B569E4	BOTH	0.00
soh/src/overlays/actors/ovl_En_Zl3/z_en_zl3.c	func	104	func_80B56A68	func_80B56A68	BOTH	0.00
soh/src/overlays/actors/ovl_En_Zl3/z_en_zl3.c	func	105	func_80B56AE0	func_80B56AE0	BOTH	0.00
soh/src/overlays/actors/ovl_En_Zl3/z_en_zl3.c	func	106	func_80B56B54	func_80B56B54	BOTH	0.00
soh/src/overlays/actors/ovl_En_Zl3/z_en_zl3.c	func	107	func_80B56BA8	func_80B56BA8	BOTH	0.00
soh/src/overlays/actors/ovl_En_Zl3/z_en_zl3.c	func	108	func_80B56C24	func_80B56C24	BOTH	0.00
soh/src/overlays/actors/ovl_En_Zl3/z_en_zl3.c	func	109	func_80B56C84	func_80B56C84	BOTH	0.00
soh/src/overlays/actors/ovl_En_Zl3/z_en_zl3.c	func	110	func_80B56CE4	func_80B56CE4	BOTH	0.00
soh/src/overlays/actors/ovl_En_Zl3/z_en_zl3.c	func	111	func_80B56D44	func_80B56D44	BOTH	0.00
soh/src/overlays/actors/ovl_En_Zl3/z_en_zl3.c	func	112	func_80B56DA4	func_80B56DA4	BOTH	0.00
soh/src/overlays/actors/ovl_En_Zl3/z_en_zl3.c	func	113	func_80B56DC8	func_80B56DC8	BOTH	0.00
soh/src/overlays/actors/ovl_En_Zl3/z_en_zl3.c	func	114	func_80B56DEC	func_80B56DEC	BOTH	0.00
soh/src/overlays/actors/ovl_En_Zl3/z_en_zl3.c	func	115	func_80B56E38	func_80B56E38	BOTH	0.00
soh/src/overlays/actors/ovl_En_Zl3/z_en_zl3.c	func	116	func_80B56EB8	func_80B56EB8	BOTH	0.00
soh/src/overlays/actors/ovl_En_Zl3/z_en_zl3.c	func	117	func_80B56EE4	func_80B56EE4	BOTH	0.00
soh/src/overlays/actors/ovl_En_Zl3/z_en_zl3.c	func	118	func_80B56F10	func_80B56F10	BOTH	0.00
soh/src/overlays/actors/ovl_En_Zl3/z_en_zl3.c	func	119	func_80B56F8C	func_80B56F8C	BOTH	0.00
soh/src/overlays/actors/ovl_En_Zl3/z_en_zl3.c	func	120	func_80B56FAC	func_80B56FAC	BOTH	0.00
soh/src/overlays/actors/ovl_En_Zl3/z_en_zl3.c	func	121	func_80B57034	func_80B57034	BOTH	0.00
soh/src/overlays/actors/ovl_En_Zl3/z_en_zl3.c	func	122	func_80B57104	func_80B57104	BOTH	0.00
soh/src/overlays/actors/ovl_En_Zl3/z_en_zl3.c	func	123	func_80B571A8	func_80B571A8	BOTH	0.00
soh/src/overlays/actors/ovl_En_Zl3/z_en_zl3.c	func	124	func_80B571FC	func_80B571FC	BOTH	0.00
soh/src/overlays/actors/ovl_En_Zl3/z_en_zl3.c	func	125	func_80B57240	func_80B57240	BOTH	0.00
soh/src/overlays/actors/ovl_En_Zl3/z_en_zl3.c	func	126	func_80B57298	func_80B57298	BOTH	0.00
soh/src/overlays/actors/ovl_En_Zl3/z_en_zl3.c	func	127	func_80B572F0	func_80B572F0	BOTH	0.00
soh/src/overlays/actors/ovl_En_Zl3/z_en_zl3.c	func	128	func_80B57324	func_80B57324	BOTH	0.00
soh/src/overlays/actors/ovl_En_Zl3/z_en_zl3.c	func	129	func_80B57350	func_80B57350	BOTH	0.00
soh/src/overlays/actors/ovl_En_Zl3/z_en_zl3.c	func	130	func_80B573C8	func_80B573C8	BOTH	0.00
soh/src/overlays/actors/ovl_En_Zl3/z_en_zl3.c	func	131	func_80B573FC	func_80B573FC	BOTH	0.00
soh/src/overlays/actors/ovl_En_Zl3/z_en_zl3.c	func	132	func_80B57458	func_80B57458	BOTH	0.00
soh/src/overlays/actors/ovl_En_Zl3/z_en_zl3.c	func	133	func_80B57564	func_80B57564	BOTH	0.00
soh/src/overlays/actors/ovl_En_Zl3/z_en_zl3.c	func	134	func_80B575B0	func_80B575B0	BOTH	0.00
soh/src/overlays/actors/ovl_En_Zl3/z_en_zl3.c	func	135	func_80B575D0	func_80B575D0	BOTH	0.00
soh/src/overlays/actors/ovl_En_Zl3/z_en_zl3.c	func	136	func_80B575F0	func_80B575F0	BOTH	0.00
soh/src/overlays/actors/ovl_En_Zl3/z_en_zl3.c	func	137	func_80B5764C	func_80B5764C	BOTH	0.00
soh/src/overlays/actors/ovl_En_Zl3/z_en_zl3.c	func	138	func_80B576C8	func_80B576C8	BOTH	0.00
soh/src/overlays/actors/ovl_En_Zl3/z_en_zl3.c	func	139	func_80B57704	func_80B57704	BOTH	0.00
soh/src/overlays/actors/ovl_En_Zl3/z_en_zl3.c	func	140	func_80B5772C	func_80B5772C	BOTH	0.00
soh/src/overlays/actors/ovl_En_Zl3/z_en_zl3.c	func	141	func_80B57754	func_80B57754	BOTH	0.00
soh/src/overlays/actors/ovl_En_Zl3/z_en_zl3.c	func	142	func_80B577BC	func_80B577BC	BOTH	0.00
soh/src/overlays/actors/ovl_En_Zl3/z_en_zl3.c	func	143	func_80B57858	func_80B57858	BOTH	0.00
soh/src/overlays/actors/ovl_En_Zl3/z_en_zl3.c	func	144	func_80B57890	func_80B57890	BOTH	0.00
soh/src/overlays/actors/ovl_En_Zl3/z_en_zl3.c	func	145	func_80B57A74	func_80B57A74	BOTH	0.00
soh/src/overlays/actors/ovl_En_Zl3/z_en_zl3.c	func	146	func_80B57AAC	func_80B57AAC	BOTH	0.00
soh/src/overlays/actors/ovl_En_Zl3/z_en_zl3.c	func	147	func_80B57AE0	func_80B57AE0	BOTH	0.00
soh/src/overlays/actors/ovl_En_Zl3/z_en_zl3.c	func	148	func_80B57C54	func_80B57C54	BOTH	0.00
soh/src/overlays/actors/ovl_En_Zl3/z_en_zl3.c	func	149	func_80B57C7C	func_80B57C7C	BOTH	0.00
soh/src/overlays/actors/ovl_En_Zl3/z_en_zl3.c	func	150	func_80B57C8C	func_80B57C8C	BOTH	0.00
soh/src/overlays/actors/ovl_En_Zl3/z_en_zl3.c	func	151	func_80B57CB4	func_80B57CB4	BOTH	0.00
soh/src/overlays/actors/ovl_En_Zl3/z_en_zl3.c	func	152	func_80B57D60	func_80B57D60	BOTH	0.00
soh/src/overlays/actors/ovl_En_Zl3/z_en_zl3.c	func	153	func_80B57D80	func_80B57D80	BOTH	0.00
soh/src/overlays/actors/ovl_En_Zl3/z_en_zl3.c	func	154	func_80B57EAC	func_80B57EAC	BOTH	0.00
soh/src/overlays/actors/ovl_En_Zl3/z_en_zl3.c	func	155	func_80B57EEC	func_80B57EEC	BOTH	0.00
soh/src/overlays/actors/ovl_En_Zl3/z_en_zl3.c	func	156	func_80B57F1C	func_80B57F1C	BOTH	0.00
soh/src/overlays/actors/ovl_En_Zl3/z_en_zl3.c	func	157	func_80B57F84	func_80B57F84	BOTH	0.00
soh/src/overlays/actors/ovl_En_Zl3/z_en_zl3.c	func	158	func_80B58014	func_80B58014	BOTH	0.00
soh/src/overlays/actors/ovl_En_Zl3/z_en_zl3.c	func	159	func_80B58214	func_80B58214	BOTH	0.00
soh/src/overlays/actors/ovl_En_Zl3/z_en_zl3.c	func	160	func_80B58268	func_80B58268	BOTH	0.00
soh/src/overlays/actors/ovl_En_Zl3/z_en_zl3.c	func	161	func_80B582C8	func_80B582C8	BOTH	0.00
soh/src/overlays/actors/ovl_En_Zl3/z_en_zl3.c	func	162	func_80B584B4	func_80B584B4	BOTH	0.00
soh/src/overlays/actors/ovl_En_Zl3/z_en_zl3.c	func	163	func_80B58624	func_80B58624	BOTH	0.00
soh/src/overlays/actors/ovl_En_Zl3/z_en_zl3.c	func	164	func_80B5884C	func_80B5884C	BOTH	0.00
soh/src/overlays/actors/ovl_En_Zl3/z_en_zl3.c	func	165	func_80B58898	func_80B58898	BOTH	0.00
soh/src/overlays/actors/ovl_En_Zl3/z_en_zl3.c	func	166	func_80B588E8	func_80B588E8	BOTH	0.00
soh/src/overlays/actors/ovl_En_Zl3/z_en_zl3.c	func	167	func_80B58938	func_80B58938	BOTH	0.00
soh/src/overlays/actors/ovl_En_Zl3/z_en_zl3.c	func	168	func_80B5899C	func_80B5899C	BOTH	0.00
soh/src/overlays/actors/ovl_En_Zl3/z_en_zl3.c	func	169	func_80B58A1C	func_80B58A1C	BOTH	0.00
soh/src/overlays/actors/ovl_En_Zl3/z_en_zl3.c	func	170	func_80B58A50	func_80B58A50	BOTH	0.00
soh/src/overlays/actors/ovl_En_Zl3/z_en_zl3.c	func	171	func_80B58AAC	func_80B58AAC	BOTH	0.00
soh/src/overlays/actors/ovl_En_Zl3/z_en_zl3.c	func	172	func_80B58C08	func_80B58C08	BOTH	0.00
soh/src/overlays/actors/ovl_En_Zl3/z_en_zl3.c	func	173	func_80B58D50	func_80B58D50	BOTH	0.00
soh/src/overlays/actors/ovl_En_Zl3/z_en_zl3.c	func	174	func_80B58DB0	func_80B58DB0	BOTH	0.00
soh/src/overlays/actors/ovl_En_Zl3/z_en_zl3.c	func	175	func_80B58E10	func_80B58E10	BOTH	0.00
soh/src/overlays/actors/ovl_En_Zl3/z_en_zl3.c	func	176	func_80B58E7C	func_80B58E7C	BOTH	0.00
soh/src/overlays/actors/ovl_En_Zl3/z_en_zl3.c	func	177	func_80B58EF4	func_80B58EF4	BOTH	0.00
soh/src/overlays/actors/ovl_En_Zl3/z_en_zl3.c	func	178	func_80B58F6C	func_80B58F6C	BOTH	0.00
soh/src/overlays/actors/ovl_En_Zl3/z_en_zl3.c	func	179	func_80B58FDC	func_80B58FDC	BOTH	0.00
soh/src/overlays/actors/ovl_En_Zl3/z_en_zl3.c	func	180	func_80B5904C	func_80B5904C	BOTH	0.00
soh/src/overlays/actors/ovl_En_Zl3/z_en_zl3.c	func	181	func_80B590BC	func_80B590BC	BOTH	0.00
soh/src/overlays/actors/ovl_En_Zl3/z_en_zl3.c	func	182	func_80B5912C	func_80B5912C	BOTH	0.00
soh/src/overlays/actors/ovl_En_Zl3/z_en_zl3.c	func	183	func_80B591BC	func_80B591BC	BOTH	0.00
soh/src/overlays/actors/ovl_En_Zl3/z_en_zl3.c	func	184	func_80B5922C	func_80B5922C	BOTH	0.00
soh/src/overlays/actors/ovl_En_Zl3/z_en_zl3.c	func	185	func_80B592A8	func_80B592A8	BOTH	0.00
soh/src/overlays/actors/ovl_En_Zl3/z_en_zl3.c	func	186	func_80B59340	func_80B59340	BOTH	0.00
soh/src/overlays/actors/ovl_En_Zl3/z_en_zl3.c	func	187	func_80B593D0	func_80B593D0	BOTH	0.00
soh/src/overlays/actors/ovl_En_Zl3/z_en_zl3.c	func	188	func_80B5944C	func_80B5944C	BOTH	0.00
soh/src/overlays/actors/ovl_En_Zl3/z_en_zl3.c	func	189	func_80B59698	func_80B59698	BOTH	0.00
soh/src/overlays/actors/ovl_En_Zl3/z_en_zl3.c	func	190	func_80B59768	func_80B59768	BOTH	0.00
soh/src/overlays/actors/ovl_En_Zl3/z_en_zl3.c	func	191	func_80B59828	func_80B59828	BOTH	0.00
soh/src/overlays/actors/ovl_En_Zl3/z_en_zl3.c	func	192	func_80B59A80	func_80B59A80	BOTH	0.00
soh/src/overlays/actors/ovl_En_Zl3/z_en_zl3.c	func	193	func_80B59AD0	func_80B59AD0	BOTH	0.00
soh/src/overlays/actors/ovl_En_Zl3/z_en_zl3.c	func	194	func_80B59B6C	func_80B59B6C	BOTH	0.00
soh/src/overlays/actors/ovl_En_Zl3/z_en_zl3.c	func	195	func_80B59DB8	func_80B59DB8	BOTH	0.00
soh/src/overlays/actors/ovl_En_Zl3/z_en_zl3.c	func	199	func_80B59FE8	func_80B59FE8	BOTH	0.00
soh/src/overlays/actors/ovl_En_Zl3/z_en_zl3.c	func	200	func_80B59FF4	func_80B59FF4	BOTH	0.00
soh/src/overlays/actors/ovl_En_Zl3/z_en_zl3.c	func	201	func_80B5A1D0	func_80B5A1D0	BOTH	0.00
soh/src/overlays/actors/ovl_En_Zl3/z_en_zl3.c	data	3	D_80B5A468	D_80B5A468	BOTH	0.00
soh/src/overlays/actors/ovl_En_Zl3/z_en_zl3.c	data	4	D_80B5A46C	D_80B5A46C	BOTH	0.00
soh/src/overlays/actors/ovl_En_Zl3/z_en_zl3.c	data	5	D_80B5A478	D_80B5A478	BOTH	0.00
soh/src/overlays/actors/ovl_En_Zl3/z_en_zl3.c	data	6	D_80B5A484	D_80B5A484	BOTH	0.00
soh/src/overlays/actors/ovl_En_Zl3/z_en_zl3.c	data	7	D_80B5A488	D_80B5A488	BOTH	0.00
soh/src/overlays/actors/ovl_En_Zl3/z_en_zl3.c	data	8	D_80B5A494	D_80B5A494	BOTH	0.00
soh/src/overlays/actors/ovl_En_Zl3/z_en_zl3.c	data	9	D_80B5A498	D_80B5A498	BOTH	0.00
soh/src/overlays/actors/ovl_En_Zl3/z_en_zl3.c	data	10	D_80B5A4A4	D_80B5A4A4	BOTH	0.00
soh/src/overlays/actors/ovl_En_Zl3/z_en_zl3.c	data	11	D_80B5A4B0	D_80B5A4B0	BOTH	0.00
soh/src/overlays/actors/ovl_En_Zl3/z_en_zl3.c	data	12	D_80B5A4BC	D_80B5A4BC	BOTH	0.00
soh/src/overlays/actors/ovl_En_Zl4/z_en_zl4_cutscene_data.c	data	1	D_80B5EC70	D_80B5EC70	BOTH	0.00
soh/src/overlays/actors/ovl_En_Zl4/z_en_zl4_cutscene_data.c	data	2	D_80B5ECF0	D_80B5ECF0	BOTH	0.00
soh/src/overlays/actors/ovl_En_Zl4/z_en_zl4_cutscene_data.c	data	3	D_80B5ED70	D_80B5ED70	BOTH	0.00
soh/src/overlays/actors/ovl_En_Zl4/z_en_zl4_cutscene_data.c	data	4	D_80B5EE10	D_80B5EE10	BOTH	0.00
soh/src/overlays/actors/ovl_En_Zl4/z_en_zl4_cutscene_data.c	data	5	D_80B5EEB0	D_80B5EEB0	BOTH	0.00
soh/src/overlays/actors/ovl_En_Zl4/z_en_zl4_cutscene_data.c	data	6	D_80B5EF90	D_80B5EF90	BOTH	0.00
soh/src/overlays/actors/ovl_En_Zl4/z_en_zl4_cutscene_data.c	data	7	D_80B5F070	D_80B5F070	BOTH	0.00
soh/src/overlays/actors/ovl_En_Zl4/z_en_zl4_cutscene_data.c	data	8	D_80B5F100	D_80B5F100	BOTH	0.00
soh/src/overlays/actors/ovl_En_Zl4/z_en_zl4_cutscene_data.c	data	9	D_80B5F190	D_80B5F190	BOTH	0.00
soh/src/overlays/actors/ovl_En_Zl4/z_en_zl4_cutscene_data.c	data	10	D_80B5F280	D_80B5F280	BOTH	0.00
soh/src/overlays/actors/ovl_En_Zl4/z_en_zl4_cutscene_data.c	data	11	D_80B5F370	D_80B5F370	BOTH	0.00
soh/src/overlays/actors/ovl_En_Zl4/z_en_zl4_cutscene_data.c	data	12	D_80B5F450	D_80B5F450	BOTH	0.00
soh/src/overlays/actors/ovl_En_Zl4/z_en_zl4_cutscene_data.c	data	13	D_80B5F530	D_80B5F530	BOTH	0.00
soh/src/overlays/actors/ovl_En_Zl4/z_en_zl4_cutscene_data.c	data	14	D_80B5F5D0	D_80B5F5D0	BOTH	0.00
soh/src/overlays/actors/ovl_En_Zl4/z_en_zl4_cutscene_data.c	data	15	D_80B5F670	D_80B5F670	BOTH	0.00
soh/src/overlays/actors/ovl_En_Zl4/z_en_zl4_cutscene_data.c	data	16	D_80B5F700	D_80B5F700	BOTH	0.00
soh/src/overlays/actors/ovl_En_Zl4/z_en_zl4_cutscene_data.c	data	17	D_80B5F790	D_80B5F790	BOTH	0.00
soh/src/overlays/actors/ovl_En_Zl4/z_en_zl4_cutscene_data.c	data	18	D_80B5F810	D_80B5F810	BOTH	0.00
soh/src/overlays/actors/ovl_En_Zl4/z_en_zl4_cutscene_data.c	data	19	D_80B5F890	D_80B5F890	BOTH	0.00
soh/src/overlays/actors/ovl_En_Zl4/z_en_zl4_cutscene_data.c	data	20	D_80B5F910	D_80B5F910	BOTH	0.00
soh/src/overlays/actors/ovl_En_Zl4/z_en_zl4_cutscene_data.c	data	21	D_80B5F990	D_80B5F990	BOTH	0.00
soh/src/overlays/actors/ovl_En_Zl4/z_en_zl4_cutscene_data.c	data	22	D_80B5FA10	D_80B5FA10	BOTH	0.00
soh/src/overlays/actors/ovl_Item_Etcetera/z_item_etcetera.c	func	4	func_80B85824	func_80B85824	BOTH	0.00
soh/src/overlays/actors/ovl_Item_Etcetera/z_item_etcetera.c	func	5	func_80B858B4	func_80B858B4	BOTH	0.00
soh/src/overlays/actors/ovl_Item_Etcetera/z_item_etcetera.c	func	8	func_80B85B28	func_80B85B28	BOTH	0.00
soh/src/overlays/actors/ovl_Item_Shield/z_item_shield.c	func	3	func_80B86AC8	func_80B86AC8	BOTH	0.00
soh/src/overlays/actors/ovl_Item_Shield/z_item_shield.c	func	4	func_80B86BC8	func_80B86BC8	BOTH	0.00
soh/src/overlays/actors/ovl_Item_Shield/z_item_shield.c	func	5	func_80B86CA8	func_80B86CA8	BOTH	0.00
soh/src/overlays/actors/ovl_Item_Shield/z_item_shield.c	func	6	func_80B86F68	func_80B86F68	BOTH	0.00
soh/src/overlays/actors/ovl_Magic_Dark/z_magic_dark.c	data	1	D_80B88B10	D_80B88B10	BOTH	0.00
soh/src/overlays/actors/ovl_Mir_Ray/z_mir_ray.c	data	1	D_80B8E670	D_80B8E670	BOTH	0.00
soh/src/overlays/actors/ovl_Obj_Bean/z_obj_bean.c	func	3	func_80B8EBC8	func_80B8EBC8	BOTH	0.00
soh/src/overlays/actors/ovl_Obj_Bean/z_obj_bean.c	func	5	func_80B8EDF4	func_80B8EDF4	BOTH	0.00
soh/src/overlays/actors/ovl_Obj_Bean/z_obj_bean.c	func	6	func_80B8EE24	func_80B8EE24	BOTH	0.00
soh/src/overlays/actors/ovl_Obj_Bean/z_obj_bean.c	func	31	func_80B8FE00	func_80B8FE00	BOTH	0.00
soh/src/overlays/actors/ovl_Obj_Bean/z_obj_bean.c	func	32	func_80B8FE3C	func_80B8FE3C	BOTH	0.00
soh/src/overlays/actors/ovl_Obj_Bean/z_obj_bean.c	func	33	func_80B8FE6C	func_80B8FE6C	BOTH	0.00
soh/src/overlays/actors/ovl_Obj_Bean/z_obj_bean.c	func	34	func_80B8FEAC	func_80B8FEAC	BOTH	0.00
soh/src/overlays/actors/ovl_Obj_Bean/z_obj_bean.c	func	35	func_80B8FF50	func_80B8FF50	BOTH	0.00
soh/src/overlays/actors/ovl_Obj_Bean/z_obj_bean.c	func	36	func_80B8FF8C	func_80B8FF8C	BOTH	0.00
soh/src/overlays/actors/ovl_Obj_Bean/z_obj_bean.c	func	37	func_80B90010	func_80B90010	BOTH	0.00
soh/src/overlays/actors/ovl_Obj_Bean/z_obj_bean.c	func	38	func_80B90050	func_80B90050	BOTH	0.00
soh/src/overlays/actors/ovl_Obj_Bean/z_obj_bean.c	func	57	func_80B908EC	func_80B908EC	BOTH	0.00
soh/src/overlays/actors/ovl_Obj_Bean/z_obj_bean.c	func	58	func_80B90918	func_80B90918	BOTH	0.00
soh/src/overlays/actors/ovl_Obj_Bean/z_obj_bean.c	func	59	func_80B90970	func_80B90970	BOTH	0.00
soh/src/overlays/actors/ovl_Obj_Bean/z_obj_bean.c	func	60	func_80B909B0	func_80B909B0	BOTH	0.00
soh/src/overlays/actors/ovl_Obj_Bean/z_obj_bean.c	func	61	func_80B909F8	func_80B909F8	BOTH	0.00
soh/src/overlays/actors/ovl_Obj_Bean/z_obj_bean.c	func	62	func_80B90A34	func_80B90A34	BOTH	0.00
soh/src/overlays/actors/ovl_Obj_Bean/z_obj_bean.c	data	0	D_80B90E30	D_80B90E30	BOTH	0.00
soh/src/overlays/actors/ovl_Obj_Elevator/z_obj_elevator.c	func	1	func_80B92B08	func_80B92B08	BOTH	0.00
soh/src/overlays/actors/ovl_Obj_Elevator/z_obj_elevator.c	func	4	func_80B92C5C	func_80B92C5C	BOTH	0.00
soh/src/overlays/actors/ovl_Obj_Elevator/z_obj_elevator.c	func	5	func_80B92C80	func_80B92C80	BOTH	0.00
soh/src/overlays/actors/ovl_Obj_Elevator/z_obj_elevator.c	func	6	func_80B92D20	func_80B92D20	BOTH	0.00
soh/src/overlays/actors/ovl_Obj_Elevator/z_obj_elevator.c	func	7	func_80B92D44	func_80B92D44	BOTH	0.00
soh/src/overlays/actors/ovl_Obj_Hsblock/z_obj_hsblock.c	func	1	func_80B93B68	func_80B93B68	BOTH	0.00
soh/src/overlays/actors/ovl_Obj_Hsblock/z_obj_hsblock.c	func	2	func_80B93BF0	func_80B93BF0	BOTH	0.00
soh/src/overlays/actors/ovl_Obj_Hsblock/z_obj_hsblock.c	func	5	func_80B93D90	func_80B93D90	BOTH	0.00
soh/src/overlays/actors/ovl_Obj_Hsblock/z_obj_hsblock.c	func	6	func_80B93DB0	func_80B93DB0	BOTH	0.00
soh/src/overlays/actors/ovl_Obj_Hsblock/z_obj_hsblock.c	func	7	func_80B93DF4	func_80B93DF4	BOTH	0.00
soh/src/overlays/actors/ovl_Obj_Hsblock/z_obj_hsblock.c	func	8	func_80B93E38	func_80B93E38	BOTH	0.00
soh/src/overlays/actors/ovl_Obj_Hsblock/z_obj_hsblock.c	func	9	func_80B93E5C	func_80B93E5C	BOTH	0.00
soh/src/overlays/actors/ovl_Obj_Hsblock/z_obj_hsblock.c	data	1	D_80B940C0	D_80B940C0	BOTH	0.00
soh/src/overlays/actors/ovl_Obj_Lightswitch/z_obj_lightswitch.c	data	5	D_80B97F68	D_80B97F68	BOTH	0.00
soh/src/overlays/actors/ovl_Obj_Lightswitch/z_obj_lightswitch.c	data	6	D_80B97F74	D_80B97F74	BOTH	0.00
soh/src/overlays/actors/ovl_Obj_Mure2/z_obj_mure2.c	func	6	func_80B9A534	func_80B9A534	BOTH	0.00
soh/src/overlays/actors/ovl_Obj_Mure2/z_obj_mure2.c	func	10	func_80B9A658	func_80B9A658	BOTH	0.00
soh/src/overlays/actors/ovl_Obj_Mure2/z_obj_mure2.c	func	11	func_80B9A668	func_80B9A668	BOTH	0.00
soh/src/overlays/actors/ovl_Obj_Mure2/z_obj_mure2.c	func	12	func_80B9A6E8	func_80B9A6E8	BOTH	0.00
soh/src/overlays/actors/ovl_Obj_Mure2/z_obj_mure2.c	func	13	func_80B9A6F8	func_80B9A6F8	BOTH	0.00
soh/src/overlays/actors/ovl_Obj_Mure2/z_obj_mure2.c	data	3	D_80B9A818	D_80B9A818	BOTH	0.00
soh/src/overlays/actors/ovl_Obj_Mure3/z_obj_mure3.c	func	0	func_80B9A9D0	func_80B9A9D0	BOTH	0.00
soh/src/overlays/actors/ovl_Obj_Mure3/z_obj_mure3.c	func	1	func_80B9AA90	func_80B9AA90	BOTH	0.00
soh/src/overlays/actors/ovl_Obj_Mure3/z_obj_mure3.c	func	2	func_80B9ABA0	func_80B9ABA0	BOTH	0.00
soh/src/overlays/actors/ovl_Obj_Mure3/z_obj_mure3.c	func	3	func_80B9ACE4	func_80B9ACE4	BOTH	0.00
soh/src/overlays/actors/ovl_Obj_Mure3/z_obj_mure3.c	func	4	func_80B9ADCC	func_80B9ADCC	BOTH	0.00
soh/src/overlays/actors/ovl_Obj_Mure3/z_obj_mure3.c	func	7	func_80B9AF24	func_80B9AF24	BOTH	0.00
soh/src/overlays/actors/ovl_Obj_Mure3/z_obj_mure3.c	func	8	func_80B9AF34	func_80B9AF34	BOTH	0.00
soh/src/overlays/actors/ovl_Obj_Mure3/z_obj_mure3.c	func	9	func_80B9AF54	func_80B9AF54	BOTH	0.00
soh/src/overlays/actors/ovl_Obj_Mure3/z_obj_mure3.c	func	10	func_80B9AF64	func_80B9AF64	BOTH	0.00
soh/src/overlays/actors/ovl_Obj_Mure3/z_obj_mure3.c	func	11	func_80B9AFEC	func_80B9AFEC	BOTH	0.00
soh/src/overlays/actors/ovl_Obj_Mure3/z_obj_mure3.c	func	12	func_80B9AFFC	func_80B9AFFC	BOTH	0.00
soh/src/overlays/actors/ovl_Obj_Tsubo/z_obj_tsubo.c	data	0	D_80BA1B50	D_80BA1B50	BOTH	0.00
soh/src/overlays/actors/ovl_Obj_Tsubo/z_obj_tsubo.c	data	1	D_80BA1B54	D_80BA1B54	BOTH	0.00
soh/src/overlays/actors/ovl_Obj_Tsubo/z_obj_tsubo.c	data	2	D_80BA1B58	D_80BA1B58	BOTH	0.00
soh/src/overlays/actors/ovl_Obj_Tsubo/z_obj_tsubo.c	data	3	D_80BA1B5C	D_80BA1B5C	BOTH	0.00
soh/src/overlays/actors/ovl_Obj_Tsubo/z_obj_tsubo.c	data	6	D_80BA1B84	D_80BA1B84	BOTH	0.00
soh/src/overlays/actors/ovl_Obj_Tsubo/z_obj_tsubo.c	data	7	D_80BA1B8C	D_80BA1B8C	BOTH	0.00
soh/src/overlays/actors/ovl_Obj_Warp2block/z_obj_warp2block.c	func	1	func_80BA1ECC	func_80BA1ECC	BOTH	0.00
soh/src/overlays/actors/ovl_Obj_Warp2block/z_obj_warp2block.c	func	3	func_80BA2218	func_80BA2218	BOTH	0.00
soh/src/overlays/actors/ovl_Obj_Warp2block/z_obj_warp2block.c	func	4	func_80BA228C	func_80BA228C	BOTH	0.00
soh/src/overlays/actors/ovl_Obj_Warp2block/z_obj_warp2block.c	func	5	func_80BA2304	func_80BA2304	BOTH	0.00
soh/src/overlays/actors/ovl_Obj_Warp2block/z_obj_warp2block.c	func	10	func_80BA24E8	func_80BA24E8	BOTH	0.00
soh/src/overlays/actors/ovl_Obj_Warp2block/z_obj_warp2block.c	func	11	func_80BA24F8	func_80BA24F8	BOTH	0.00
soh/src/overlays/actors/ovl_Obj_Warp2block/z_obj_warp2block.c	func	12	func_80BA2600	func_80BA2600	BOTH	0.00
soh/src/overlays/actors/ovl_Obj_Warp2block/z_obj_warp2block.c	func	13	func_80BA2610	func_80BA2610	BOTH	0.00
soh/src/overlays/actors/ovl_Object_Kankyo/z_object_kankyo.c	data	1	D_80BA5900	D_80BA5900	BOTH	0.00
soh/src/overlays/actors/ovl_player_actor/z_player.c	func	7	func_80832318	func_80832318	BOTH	0.00
soh/src/overlays/actors/ovl_player_actor/z_player.c	func	8	func_80832340	func_80832340	BOTH	0.00
soh/src/overlays/actors/ovl_player_actor/z_player.c	func	10	func_80832440	func_80832440	BOTH	0.00
soh/src/overlays/actors/ovl_player_actor/z_player.c	func	12	func_80832564	func_80832564	BOTH	0.00
soh/src/overlays/actors/ovl_player_actor/z_player.c	func	13	func_80832594	func_80832594	BOTH	0.00
soh/src/overlays/actors/ovl_player_actor/z_player.c	func	14	func_80832630	func_80832630	BOTH	0.00
soh/src/overlays/actors/ovl_player_actor/z_player.c	func	17	func_808326F0	func_808326F0	BOTH	0.00
soh/src/overlays/actors/ovl_player_actor/z_player.c	func	25	func_808328EC	func_808328EC	BOTH	0.00
soh/src/overlays/actors/ovl_player_actor/z_player.c	func	32	func_80832CB0	func_80832CB0	BOTH	0.00
soh/src/overlays/actors/ovl_player_actor/z_player.c	func	48	func_8083328C	func_8083328C	BOTH	0.00
soh/src/overlays/actors/ovl_player_actor/z_player.c	func	49	func_808332B8	func_808332B8	BOTH	0.00
soh/src/overlays/actors/ovl_player_actor/z_player.c	func	50	func_808332E4	func_808332E4	BOTH	0.00
soh/src/overlays/actors/ovl_player_actor/z_player.c	func	51	func_808332F4	func_808332F4	BOTH	0.00
soh/src/overlays/actors/ovl_player_actor/z_player.c	func	55	func_80833438	func_80833438	BOTH	0.00
soh/src/overlays/actors/ovl_player_actor/z_player.c	func	56	func_808334B4	func_808334B4	BOTH	0.00
soh/src/overlays/actors/ovl_player_actor/z_player.c	func	57	func_808334E4	func_808334E4	BOTH	0.00
soh/src/overlays/actors/ovl_player_actor/z_player.c	func	58	func_80833528	func_80833528	BOTH	0.00
soh/src/overlays/actors/ovl_player_actor/z_player.c	func	59	func_8083356C	func_8083356C	BOTH	0.00
soh/src/overlays/actors/ovl_player_actor/z_player.c	func	60	func_808335B0	func_808335B0	BOTH	0.00
soh/src/overlays/actors/ovl_player_actor/z_player.c	func	61	func_808335F4	func_808335F4	BOTH	0.00
soh/src/overlays/actors/ovl_player_actor/z_player.c	func	73	func_80833A20	func_80833A20	BOTH	0.00
soh/src/overlays/actors/ovl_player_actor/z_player.c	func	78	func_80833C3C	func_80833C3C	BOTH	0.00
soh/src/overlays/actors/ovl_player_actor/z_player.c	func	85	func_80834380	func_80834380	BOTH	0.00
soh/src/overlays/actors/ovl_player_actor/z_player.c	func	86	func_8083442C	func_8083442C	BOTH	0.00
soh/src/overlays/actors/ovl_player_actor/z_player.c	func	88	func_80834644	func_80834644	BOTH	0.00
soh/src/overlays/actors/ovl_player_actor/z_player.c	func	89	func_808346C4	func_808346C4	BOTH	0.00
soh/src/overlays/actors/ovl_player_actor/z_player.c	func	90	func_80834758	func_80834758	BOTH	0.00
soh/src/overlays/actors/ovl_player_actor/z_player.c	func	91	func_8083485C	func_8083485C	BOTH	0.00
soh/src/overlays/actors/ovl_player_actor/z_player.c	func	92	func_80834894	func_80834894	BOTH	0.00
soh/src/overlays/actors/ovl_player_actor/z_player.c	func	94	func_8083499C	func_8083499C	BOTH	0.00
soh/src/overlays/actors/ovl_player_actor/z_player.c	func	97	func_80834B5C	func_80834B5C	BOTH	0.00
soh/src/overlays/actors/ovl_player_actor/z_player.c	func	98	func_80834BD4	func_80834BD4	BOTH	0.00
soh/src/overlays/actors/ovl_player_actor/z_player.c	func	99	func_80834C74	func_80834C74	BOTH	0.00
soh/src/overlays/actors/ovl_player_actor/z_player.c	func	100	func_80834D2C	func_80834D2C	BOTH	0.00
soh/src/overlays/actors/ovl_player_actor/z_player.c	func	101	func_80834E44	func_80834E44	BOTH	0.00
soh/src/overlays/actors/ovl_player_actor/z_player.c	func	102	func_80834E7C	func_80834E7C	BOTH	0.00
soh/src/overlays/actors/ovl_player_actor/z_player.c	func	103	func_80834EB8	func_80834EB8	BOTH	0.00
soh/src/overlays/actors/ovl_player_actor/z_player.c	func	104	func_80834F2C	func_80834F2C	BOTH	0.00
soh/src/overlays/actors/ovl_player_actor/z_player.c	func	105	func_80834FBC	func_80834FBC	BOTH	0.00
soh/src/overlays/actors/ovl_player_actor/z_player.c	func	106	func_8083501C	func_8083501C	BOTH	0.00
soh/src/overlays/actors/ovl_player_actor/z_player.c	func	107	func_808350A4	func_808350A4	BOTH	0.00
soh/src/overlays/actors/ovl_player_actor/z_player.c	func	108	func_808351D4	func_808351D4	BOTH	0.00
soh/src/overlays/actors/ovl_player_actor/z_player.c	func	109	func_808353D8	func_808353D8	BOTH	0.00
soh/src/overlays/actors/ovl_player_actor/z_player.c	func	110	func_80835588	func_80835588	BOTH	0.00
soh/src/overlays/actors/ovl_player_actor/z_player.c	func	112	func_80835644	func_80835644	BOTH	0.00
soh/src/overlays/actors/ovl_player_actor/z_player.c	func	113	func_80835688	func_80835688	BOTH	0.00
soh/src/overlays/actors/ovl_player_actor/z_player.c	func	115	func_808357E8	func_808357E8	BOTH	0.00
soh/src/overlays/actors/ovl_player_actor/z_player.c	func	116	func_80835800	func_80835800	BOTH	0.00
soh/src/overlays/actors/ovl_player_actor/z_player.c	func	117	func_80835884	func_80835884	BOTH	0.00
soh/src/overlays/actors/ovl_player_actor/z_player.c	func	118	func_808358F0	func_808358F0	BOTH	0.00
soh/src/overlays/actors/ovl_player_actor/z_player.c	func	119	func_808359FC	func_808359FC	BOTH	0.00
soh/src/overlays/actors/ovl_player_actor/z_player.c	func	120	func_80835B60	func_80835B60	BOTH	0.00
soh/src/overlays/actors/ovl_player_actor/z_player.c	func	121	func_80835C08	func_80835C08	BOTH	0.00
soh/src/overlays/actors/ovl_player_actor/z_player.c	func	129	func_80836448	func_80836448	BOTH	0.00
soh/src/overlays/actors/ovl_player_actor/z_player.c	func	135	func_80836AB8	func_80836AB8	BOTH	0.00
soh/src/overlays/actors/ovl_player_actor/z_player.c	func	142	func_80837530	func_80837530	BOTH	0.00
soh/src/overlays/actors/ovl_player_actor/z_player.c	func	144	func_80837704	func_80837704	BOTH	0.00
soh/src/overlays/actors/ovl_player_actor/z_player.c	func	145	func_808377DC	func_808377DC	BOTH	0.00
soh/src/overlays/actors/ovl_player_actor/z_player.c	func	146	func_80837818	func_80837818	BOTH	0.00
soh/src/overlays/actors/ovl_player_actor/z_player.c	func	147	func_80837918	func_80837918	BOTH	0.00
soh/src/overlays/actors/ovl_player_actor/z_player.c	func	148	func_80837948	func_80837948	BOTH	0.00
soh/src/overlays/actors/ovl_player_actor/z_player.c	func	152	func_80837B18	func_80837B18	BOTH	0.00
soh/src/overlays/actors/ovl_player_actor/z_player.c	func	153	func_80837B60	func_80837B60	BOTH	0.00
soh/src/overlays/actors/ovl_player_actor/z_player.c	func	154	func_80837B9C	func_80837B9C	BOTH	0.00
soh/src/overlays/actors/ovl_player_actor/z_player.c	func	155	func_80837C0C	func_80837C0C	BOTH	0.00
soh/src/overlays/actors/ovl_player_actor/z_player.c	func	156	func_80838144	func_80838144	BOTH	0.00
soh/src/overlays/actors/ovl_player_actor/z_player.c	func	157	func_8083816C	func_8083816C	BOTH	0.00
soh/src/overlays/actors/ovl_player_actor/z_player.c	func	158	func_8083819C	func_8083819C	BOTH	0.00
soh/src/overlays/actors/ovl_player_actor/z_player.c	func	159	func_8083821C	func_8083821C	BOTH	0.00
soh/src/overlays/actors/ovl_player_actor/z_player.c	func	160	func_80838280	func_80838280	BOTH	0.00
soh/src/overlays/actors/ovl_player_actor/z_player.c	func	161	func_808382BC	func_808382BC	BOTH	0.00
soh/src/overlays/actors/ovl_player_actor/z_player.c	func	162	func_808382DC	func_808382DC	BOTH	0.00
soh/src/overlays/actors/ovl_player_actor/z_player.c	func	163	func_80838940	func_80838940	BOTH	0.00
soh/src/overlays/actors/ovl_player_actor/z_player.c	func	164	func_808389E8	func_808389E8	BOTH	0.00
soh/src/overlays/actors/ovl_player_actor/z_player.c	func	166	func_80838E70	func_80838E70	BOTH	0.00
soh/src/overlays/actors/ovl_player_actor/z_player.c	func	167	func_80838F18	func_80838F18	BOTH	0.00
soh/src/overlays/actors/ovl_player_actor/z_player.c	func	168	func_80838F5C	func_80838F5C	BOTH	0.00
soh/src/overlays/actors/ovl_player_actor/z_player.c	func	169	func_80838FB8	func_80838FB8	BOTH	0.00
soh/src/overlays/actors/ovl_player_actor/z_player.c	func	173	func_808396F4	func_808396F4	BOTH	0.00
soh/src/overlays/actors/ovl_player_actor/z_player.c	func	174	func_8083973C	func_8083973C	BOTH	0.00
soh/src/overlays/actors/ovl_player_actor/z_player.c	func	177	func_80839E88	func_80839E88	BOTH	0.00
soh/src/overlays/actors/ovl_player_actor/z_player.c	func	178	func_80839F30	func_80839F30	BOTH	0.00
soh/src/overlays/actors/ovl_player_actor/z_player.c	func	179	func_80839F90	func_80839F90	BOTH	0.00
soh/src/overlays/actors/ovl_player_actor/z_player.c	func	180	func_80839FFC	func_80839FFC	BOTH	0.00
soh/src/overlays/actors/ovl_player_actor/z_player.c	func	181	func_8083A060	func_8083A060	BOTH	0.00
soh/src/overlays/actors/ovl_player_actor/z_player.c	func	182	func_8083A098	func_8083A098	BOTH	0.00
soh/src/overlays/actors/ovl_player_actor/z_player.c	func	183	func_8083A0D4	func_8083A0D4	BOTH	0.00
soh/src/overlays/actors/ovl_player_actor/z_player.c	func	184	func_8083A0F4	func_8083A0F4	BOTH	0.00
soh/src/overlays/actors/ovl_player_actor/z_player.c	func	186	func_8083A360	func_8083A360	BOTH	0.00
soh/src/overlays/actors/ovl_player_actor/z_player.c	func	187	func_8083A388	func_8083A388	BOTH	0.00
soh/src/overlays/actors/ovl_player_actor/z_player.c	func	188	func_8083A3B0	func_8083A3B0	BOTH	0.00
soh/src/overlays/actors/ovl_player_actor/z_player.c	func	189	func_8083A40C	func_8083A40C	BOTH	0.00
soh/src/overlays/actors/ovl_player_actor/z_player.c	func	190	func_8083A434	func_8083A434	BOTH	0.00
soh/src/overlays/actors/ovl_player_actor/z_player.c	func	191	func_8083A4A8	func_8083A4A8	BOTH	0.00
soh/src/overlays/actors/ovl_player_actor/z_player.c	func	192	func_8083A5C4	func_8083A5C4	BOTH	0.00
soh/src/overlays/actors/ovl_player_actor/z_player.c	func	193	func_8083A6AC	func_8083A6AC	BOTH	0.00
soh/src/overlays/actors/ovl_player_actor/z_player.c	func	194	func_8083A9B8	func_8083A9B8	BOTH	0.00
soh/src/overlays/actors/ovl_player_actor/z_player.c	func	195	func_8083AA10	func_8083AA10	BOTH	0.00
soh/src/overlays/actors/ovl_player_actor/z_player.c	func	196	func_8083AD4C	func_8083AD4C	BOTH	0.00
soh/src/overlays/actors/ovl_player_actor/z_player.c	func	198	func_8083AE40	func_8083AE40	BOTH	0.00
soh/src/overlays/actors/ovl_player_actor/z_player.c	func	199	func_8083AF44	func_8083AF44	BOTH	0.00
soh/src/overlays/actors/ovl_player_actor/z_player.c	func	200	func_8083B010	func_8083B010	BOTH	0.00
soh/src/overlays/actors/ovl_player_actor/z_player.c	func	203	func_8083B8F4	func_8083B8F4	BOTH	0.00
soh/src/overlays/actors/ovl_player_actor/z_player.c	func	205	func_8083BA90	func_8083BA90	BOTH	0.00
soh/src/overlays/actors/ovl_player_actor/z_player.c	func	206	func_8083BB20	func_8083BB20	BOTH	0.00
soh/src/overlays/actors/ovl_player_actor/z_player.c	func	207	func_8083BBA0	func_8083BBA0	BOTH	0.00
soh/src/overlays/actors/ovl_player_actor/z_player.c	func	210	func_8083BCD0	func_8083BCD0	BOTH	0.00
soh/src/overlays/actors/ovl_player_actor/z_player.c	func	212	func_8083BF50	func_8083BF50	BOTH	0.00
soh/src/overlays/actors/ovl_player_actor/z_player.c	func	213	func_8083C0B8	func_8083C0B8	BOTH	0.00
soh/src/overlays/actors/ovl_player_actor/z_player.c	func	214	func_8083C0E8	func_8083C0E8	BOTH	0.00
soh/src/overlays/actors/ovl_player_actor/z_player.c	func	215	func_8083C148	func_8083C148	BOTH	0.00
soh/src/overlays/actors/ovl_player_actor/z_player.c	func	218	func_8083C484	func_8083C484	BOTH	0.00
soh/src/overlays/actors/ovl_player_actor/z_player.c	func	219	func_8083C50C	func_8083C50C	BOTH	0.00
soh/src/overlays/actors/ovl_player_actor/z_player.c	func	221	func_8083C61C	func_8083C61C	BOTH	0.00
soh/src/overlays/actors/ovl_player_actor/z_player.c	func	222	func_8083C6B8	func_8083C6B8	BOTH	0.00
soh/src/overlays/actors/ovl_player_actor/z_player.c	func	223	func_8083C858	func_8083C858	BOTH	0.00
soh/src/overlays/actors/ovl_player_actor/z_player.c	func	224	func_8083C8DC	func_8083C8DC	BOTH	0.00
soh/src/overlays/actors/ovl_player_actor/z_player.c	func	229	func_8083CB2C	func_8083CB2C	BOTH	0.00
soh/src/overlays/actors/ovl_player_actor/z_player.c	func	230	func_8083CB94	func_8083CB94	BOTH	0.00
soh/src/overlays/actors/ovl_player_actor/z_player.c	func	231	func_8083CBF0	func_8083CBF0	BOTH	0.00
soh/src/overlays/actors/ovl_player_actor/z_player.c	func	232	func_8083CC9C	func_8083CC9C	BOTH	0.00
soh/src/overlays/actors/ovl_player_actor/z_player.c	func	233	func_8083CD00	func_8083CD00	BOTH	0.00
soh/src/overlays/actors/ovl_player_actor/z_player.c	func	235	func_8083CE0C	func_8083CE0C	BOTH	0.00
soh/src/overlays/actors/ovl_player_actor/z_player.c	func	236	func_8083CEAC	func_8083CEAC	BOTH	0.00
soh/src/overlays/actors/ovl_player_actor/z_player.c	func	237	func_8083CF10	func_8083CF10	BOTH	0.00
soh/src/overlays/actors/ovl_player_actor/z_player.c	func	238	func_8083CF5C	func_8083CF5C	BOTH	0.00
soh/src/overlays/actors/ovl_player_actor/z_player.c	func	239	func_8083CFA8	func_8083CFA8	BOTH	0.00
soh/src/overlays/actors/ovl_player_actor/z_player.c	func	240	func_8083D0A8	func_8083D0A8	BOTH	0.00
soh/src/overlays/actors/ovl_player_actor/z_player.c	func	241	func_8083D12C	func_8083D12C	BOTH	0.00
soh/src/overlays/actors/ovl_player_actor/z_player.c	func	242	func_8083D330	func_8083D330	BOTH	0.00
soh/src/overlays/actors/ovl_player_actor/z_player.c	func	243	func_8083D36C	func_8083D36C	BOTH	0.00
soh/src/overlays/actors/ovl_player_actor/z_player.c	func	244	func_8083D53C	func_8083D53C	BOTH	0.00
soh/src/overlays/actors/ovl_player_actor/z_player.c	func	245	func_8083D6EC	func_8083D6EC	BOTH	0.00
soh/src/overlays/actors/ovl_player_actor/z_player.c	func	246	func_8083DB98	func_8083DB98	BOTH	0.00
soh/src/overlays/actors/ovl_player_actor/z_player.c	func	247	func_8083DC54	func_8083DC54	BOTH	0.00
soh/src/overlays/actors/ovl_player_actor/z_player.c	func	248	func_8083DDC8	func_8083DDC8	BOTH	0.00
soh/src/overlays/actors/ovl_player_actor/z_player.c	func	249	func_8083DF68	func_8083DF68	BOTH	0.00
soh/src/overlays/actors/ovl_player_actor/z_player.c	func	250	func_8083DFE0	func_8083DFE0	BOTH	0.00
soh/src/overlays/actors/ovl_player_actor/z_player.c	func	254	func_8083E4C4	func_8083E4C4	BOTH	0.00
soh/src/overlays/actors/ovl_player_actor/z_player.c	func	256	func_8083EA94	func_8083EA94	BOTH	0.00
soh/src/overlays/actors/ovl_player_actor/z_player.c	func	259	func_8083EC18	func_8083EC18	BOTH	0.00
soh/src/overlays/actors/ovl_player_actor/z_player.c	func	262	func_8083F360	func_8083F360	BOTH	0.00
soh/src/overlays/actors/ovl_player_actor/z_player.c	func	263	func_8083F524	func_8083F524	BOTH	0.00
soh/src/overlays/actors/ovl_player_actor/z_player.c	func	265	func_8083F72C	func_8083F72C	BOTH	0.00
soh/src/overlays/actors/ovl_player_actor/z_player.c	func	267	func_8083F9D0	func_8083F9D0	BOTH	0.00
soh/src/overlays/actors/ovl_player_actor/z_player.c	func	268	func_8083FAB8	func_8083FAB8	BOTH	0.00
soh/src/overlays/actors/ovl_player_actor/z_player.c	func	269	func_8083FB14	func_8083FB14	BOTH	0.00
soh/src/overlays/actors/ovl_player_actor/z_player.c	func	270	func_8083FB7C	func_8083FB7C	BOTH	0.00
soh/src/overlays/actors/ovl_player_actor/z_player.c	func	271	func_8083FBC0	func_8083FBC0	BOTH	0.00
soh/src/overlays/actors/ovl_player_actor/z_player.c	func	272	func_8083FC68	func_8083FC68	BOTH	0.00
soh/src/overlays/actors/ovl_player_actor/z_player.c	func	273	func_8083FD78	func_8083FD78	BOTH	0.00
soh/src/overlays/actors/ovl_player_actor/z_player.c	func	274	func_8083FFB8	func_8083FFB8	BOTH	0.00
soh/src/overlays/actors/ovl_player_actor/z_player.c	func	275	func_80840058	func_80840058	BOTH	0.00
soh/src/overlays/actors/ovl_player_actor/z_player.c	func	276	func_80840138	func_80840138	BOTH	0.00
soh/src/overlays/actors/ovl_player_actor/z_player.c	func	277	func_808401B0	func_808401B0	BOTH	0.00
soh/src/overlays/actors/ovl_player_actor/z_player.c	func	278	func_8084021C	func_8084021C	BOTH	0.00
soh/src/overlays/actors/ovl_player_actor/z_player.c	func	279	func_8084029C	func_8084029C	BOTH	0.00
soh/src/overlays/actors/ovl_player_actor/z_player.c	func	285	func_80841138	func_80841138	BOTH	0.00
soh/src/overlays/actors/ovl_player_actor/z_player.c	func	286	func_8084140C	func_8084140C	BOTH	0.00
soh/src/overlays/actors/ovl_player_actor/z_player.c	func	287	func_80841458	func_80841458	BOTH	0.00
soh/src/overlays/actors/ovl_player_actor/z_player.c	func	289	func_808416C0	func_808416C0	BOTH	0.00
soh/src/overlays/actors/ovl_player_actor/z_player.c	func	292	func_80841860	func_80841860	BOTH	0.00
soh/src/overlays/actors/ovl_player_actor/z_player.c	func	295	func_80841CC4	func_80841CC4	BOTH	0.00
soh/src/overlays/actors/ovl_player_actor/z_player.c	func	296	func_80841EE4	func_80841EE4	BOTH	0.00
soh/src/overlays/actors/ovl_player_actor/z_player.c	func	301	func_8084260C	func_8084260C	BOTH	0.00
soh/src/overlays/actors/ovl_player_actor/z_player.c	func	302	func_8084269C	func_8084269C	BOTH	0.00
soh/src/overlays/actors/ovl_player_actor/z_player.c	func	304	func_8084285C	func_8084285C	BOTH	0.00
soh/src/overlays/actors/ovl_player_actor/z_player.c	func	305	func_808428D8	func_808428D8	BOTH	0.00
soh/src/overlays/actors/ovl_player_actor/z_player.c	func	306	func_80842964	func_80842964	BOTH	0.00
soh/src/overlays/actors/ovl_player_actor/z_player.c	func	308	func_80842A28	func_80842A28	BOTH	0.00
soh/src/overlays/actors/ovl_player_actor/z_player.c	func	309	func_80842A88	func_80842A88	BOTH	0.00
soh/src/overlays/actors/ovl_player_actor/z_player.c	func	310	func_80842AC4	func_80842AC4	BOTH	0.00
soh/src/overlays/actors/ovl_player_actor/z_player.c	func	311	func_80842B7C	func_80842B7C	BOTH	0.00
soh/src/overlays/actors/ovl_player_actor/z_player.c	func	312	func_80842CF0	func_80842CF0	BOTH	0.00
soh/src/overlays/actors/ovl_player_actor/z_player.c	func	313	func_80842D20	func_80842D20	BOTH	0.00
soh/src/overlays/actors/ovl_player_actor/z_player.c	func	314	func_80842DF4	func_80842DF4	BOTH	0.00
soh/src/overlays/actors/ovl_player_actor/z_player.c	func	321	func_80843AE8	func_80843AE8	BOTH	0.00
soh/src/overlays/actors/ovl_player_actor/z_player.c	func	323	func_80843E14	func_80843E14	BOTH	0.00
soh/src/overlays/actors/ovl_player_actor/z_player.c	func	324	func_80843E64	func_80843E64	BOTH	0.00
soh/src/overlays/actors/ovl_player_actor/z_player.c	func	325	func_8084409C	func_8084409C	BOTH	0.00
soh/src/overlays/actors/ovl_player_actor/z_player.c	func	330	func_80844BE4	func_80844BE4	BOTH	0.00
soh/src/overlays/actors/ovl_player_actor/z_player.c	func	331	func_80844CF8	func_80844CF8	BOTH	0.00
soh/src/overlays/actors/ovl_player_actor/z_player.c	func	332	func_80844D30	func_80844D30	BOTH	0.00
soh/src/overlays/actors/ovl_player_actor/z_player.c	func	333	func_80844D68	func_80844D68	BOTH	0.00
soh/src/overlays/actors/ovl_player_actor/z_player.c	func	334	func_80844DC8	func_80844DC8	BOTH	0.00
soh/src/overlays/actors/ovl_player_actor/z_player.c	func	335	func_80844E3C	func_80844E3C	BOTH	0.00
soh/src/overlays/actors/ovl_player_actor/z_player.c	func	341	func_80845964	func_80845964	BOTH	0.00
soh/src/overlays/actors/ovl_player_actor/z_player.c	func	342	func_80845BA0	func_80845BA0	BOTH	0.00
soh/src/overlays/actors/ovl_player_actor/z_player.c	func	343	func_80845C68	func_80845C68	BOTH	0.00
soh/src/overlays/actors/ovl_player_actor/z_player.c	func	367	func_80847298	func_80847298	BOTH	0.00
soh/src/overlays/actors/ovl_player_actor/z_player.c	func	381	func_8084ABD8	func_8084ABD8	BOTH	0.00
soh/src/overlays/actors/ovl_player_actor/z_player.c	func	382	func_8084AEEC	func_8084AEEC	BOTH	0.00
soh/src/overlays/actors/ovl_player_actor/z_player.c	func	384	func_8084B000	func_8084B000	BOTH	0.00
soh/src/overlays/actors/ovl_player_actor/z_player.c	func	385	func_8084B158	func_8084B158	BOTH	0.00
soh/src/overlays/actors/ovl_player_actor/z_player.c	func	387	func_8084B3CC	func_8084B3CC	BOTH	0.00
soh/src/overlays/actors/ovl_player_actor/z_player.c	func	388	func_8084B498	func_8084B498	BOTH	0.00
soh/src/overlays/actors/ovl_player_actor/z_player.c	func	389	func_8084B4D4	func_8084B4D4	BOTH	0.00
soh/src/overlays/actors/ovl_player_actor/z_player.c	func	392	func_8084B840	func_8084B840	BOTH	0.00
soh/src/overlays/actors/ovl_player_actor/z_player.c	func	397	func_8084BEE4	func_8084BEE4	BOTH	0.00
soh/src/overlays/actors/ovl_player_actor/z_player.c	func	402	func_8084C89C	func_8084C89C	BOTH	0.00
soh/src/overlays/actors/ovl_player_actor/z_player.c	func	403	func_8084C9BC	func_8084C9BC	BOTH	0.00
soh/src/overlays/actors/ovl_player_actor/z_player.c	func	404	func_8084CBF4	func_8084CBF4	BOTH	0.00
soh/src/overlays/actors/ovl_player_actor/z_player.c	func	407	func_8084D530	func_8084D530	BOTH	0.00
soh/src/overlays/actors/ovl_player_actor/z_player.c	func	408	func_8084D574	func_8084D574	BOTH	0.00
soh/src/overlays/actors/ovl_player_actor/z_player.c	func	409	func_8084D5CC	func_8084D5CC	BOTH	0.00
soh/src/overlays/actors/ovl_player_actor/z_player.c	func	413	func_8084D980	func_8084D980	BOTH	0.00
soh/src/overlays/actors/ovl_player_actor/z_player.c	func	415	func_8084DBC4	func_8084DBC4	BOTH	0.00
soh/src/overlays/actors/ovl_player_actor/z_player.c	func	417	func_8084DF6C	func_8084DF6C	BOTH	0.00
soh/src/overlays/actors/ovl_player_actor/z_player.c	func	418	func_8084DFAC	func_8084DFAC	BOTH	0.00
soh/src/overlays/actors/ovl_player_actor/z_player.c	func	419	func_8084DFF4	func_8084DFF4	BOTH	0.00
soh/src/overlays/actors/ovl_player_actor/z_player.c	func	426	func_8084E988	func_8084E988	BOTH	0.00
soh/src/overlays/actors/ovl_player_actor/z_player.c	func	445	func_8084FF7C	func_8084FF7C	BOTH	0.00
soh/src/overlays/actors/ovl_player_actor/z_player.c	func	459	func_80851008	func_80851008	BOTH	0.00
soh/src/overlays/actors/ovl_player_actor/z_player.c	func	460	func_80851030	func_80851030	BOTH	0.00
soh/src/overlays/actors/ovl_player_actor/z_player.c	func	461	func_80851050	func_80851050	BOTH	0.00
soh/src/overlays/actors/ovl_player_actor/z_player.c	func	462	func_80851094	func_80851094	BOTH	0.00
soh/src/overlays/actors/ovl_player_actor/z_player.c	func	463	func_808510B4	func_808510B4	BOTH	0.00
soh/src/overlays/actors/ovl_player_actor/z_player.c	func	464	func_808510D4	func_808510D4	BOTH	0.00
soh/src/overlays/actors/ovl_player_actor/z_player.c	func	465	func_808510F4	func_808510F4	BOTH	0.00
soh/src/overlays/actors/ovl_player_actor/z_player.c	func	466	func_80851114	func_80851114	BOTH	0.00
soh/src/overlays/actors/ovl_player_actor/z_player.c	func	467	func_80851134	func_80851134	BOTH	0.00
soh/src/overlays/actors/ovl_player_actor/z_player.c	func	468	func_80851154	func_80851154	BOTH	0.00
soh/src/overlays/actors/ovl_player_actor/z_player.c	func	469	func_80851174	func_80851174	BOTH	0.00
soh/src/overlays/actors/ovl_player_actor/z_player.c	func	470	func_80851194	func_80851194	BOTH	0.00
soh/src/overlays/actors/ovl_player_actor/z_player.c	func	471	func_808511B4	func_808511B4	BOTH	0.00
soh/src/overlays/actors/ovl_player_actor/z_player.c	func	472	func_808511D4	func_808511D4	BOTH	0.00
soh/src/overlays/actors/ovl_player_actor/z_player.c	func	473	func_808511FC	func_808511FC	BOTH	0.00
soh/src/overlays/actors/ovl_player_actor/z_player.c	func	474	func_80851248	func_80851248	BOTH	0.00
soh/src/overlays/actors/ovl_player_actor/z_player.c	func	475	func_80851294	func_80851294	BOTH	0.00
soh/src/overlays/actors/ovl_player_actor/z_player.c	func	476	func_808512E0	func_808512E0	BOTH	0.00
soh/src/overlays/actors/ovl_player_actor/z_player.c	func	477	func_80851314	func_80851314	BOTH	0.00
soh/src/overlays/actors/ovl_player_actor/z_player.c	func	478	func_80851368	func_80851368	BOTH	0.00
soh/src/overlays/actors/ovl_player_actor/z_player.c	func	479	func_808513BC	func_808513BC	BOTH	0.00
soh/src/overlays/actors/ovl_player_actor/z_player.c	func	480	func_808514C0	func_808514C0	BOTH	0.00
soh/src/overlays/actors/ovl_player_actor/z_player.c	func	481	func_8085157C	func_8085157C	BOTH	0.00
soh/src/overlays/actors/ovl_player_actor/z_player.c	func	482	func_808515A4	func_808515A4	BOTH	0.00
soh/src/overlays/actors/ovl_player_actor/z_player.c	func	483	func_80851688	func_80851688	BOTH	0.00
soh/src/overlays/actors/ovl_player_actor/z_player.c	func	484	func_80851750	func_80851750	BOTH	0.00
soh/src/overlays/actors/ovl_player_actor/z_player.c	func	485	func_80851788	func_80851788	BOTH	0.00
soh/src/overlays/actors/ovl_player_actor/z_player.c	func	486	func_80851828	func_80851828	BOTH	0.00
soh/src/overlays/actors/ovl_player_actor/z_player.c	func	487	func_808518DC	func_808518DC	BOTH	0.00
soh/src/overlays/actors/ovl_player_actor/z_player.c	func	488	func_8085190C	func_8085190C	BOTH	0.00
soh/src/overlays/actors/ovl_player_actor/z_player.c	func	489	func_80851998	func_80851998	BOTH	0.00
soh/src/overlays/actors/ovl_player_actor/z_player.c	func	490	func_808519C0	func_808519C0	BOTH	0.00
soh/src/overlays/actors/ovl_player_actor/z_player.c	func	491	func_808519EC	func_808519EC	BOTH	0.00
soh/src/overlays/actors/ovl_player_actor/z_player.c	func	492	func_80851A50	func_80851A50	BOTH	0.00
soh/src/overlays/actors/ovl_player_actor/z_player.c	func	493	func_80851B90	func_80851B90	BOTH	0.00
soh/src/overlays/actors/ovl_player_actor/z_player.c	func	494	func_80851BE8	func_80851BE8	BOTH	0.00
soh/src/overlays/actors/ovl_player_actor/z_player.c	func	495	func_80851CA4	func_80851CA4	BOTH	0.00
soh/src/overlays/actors/ovl_player_actor/z_player.c	func	496	func_80851D2C	func_80851D2C	BOTH	0.00
soh/src/overlays/actors/ovl_player_actor/z_player.c	func	497	func_80851D80	func_80851D80	BOTH	0.00
soh/src/overlays/actors/ovl_player_actor/z_player.c	func	498	func_80851DEC	func_80851DEC	BOTH	0.00
soh/src/overlays/actors/ovl_player_actor/z_player.c	func	499	func_80851E28	func_80851E28	BOTH	0.00
soh/src/overlays/actors/ovl_player_actor/z_player.c	func	500	func_80851E64	func_80851E64	BOTH	0.00
soh/src/overlays/actors/ovl_player_actor/z_player.c	func	501	func_80851E90	func_80851E90	BOTH	0.00
soh/src/overlays/actors/ovl_player_actor/z_player.c	func	502	func_80851ECC	func_80851ECC	BOTH	0.00
soh/src/overlays/actors/ovl_player_actor/z_player.c	func	503	func_80851F14	func_80851F14	BOTH	0.00
soh/src/overlays/actors/ovl_player_actor/z_player.c	func	504	func_80851F84	func_80851F84	BOTH	0.00
soh/src/overlays/actors/ovl_player_actor/z_player.c	func	505	func_80851FB0	func_80851FB0	BOTH	0.00
soh/src/overlays/actors/ovl_player_actor/z_player.c	func	506	func_80852048	func_80852048	BOTH	0.00
soh/src/overlays/actors/ovl_player_actor/z_player.c	func	507	func_80852080	func_80852080	BOTH	0.00
soh/src/overlays/actors/ovl_player_actor/z_player.c	func	508	func_808520BC	func_808520BC	BOTH	0.00
soh/src/overlays/actors/ovl_player_actor/z_player.c	func	509	func_80852174	func_80852174	BOTH	0.00
soh/src/overlays/actors/ovl_player_actor/z_player.c	func	510	func_808521B8	func_808521B8	BOTH	0.00
soh/src/overlays/actors/ovl_player_actor/z_player.c	func	511	func_808521F4	func_808521F4	BOTH	0.00
soh/src/overlays/actors/ovl_player_actor/z_player.c	func	512	func_80852234	func_80852234	BOTH	0.00
soh/src/overlays/actors/ovl_player_actor/z_player.c	func	513	func_8085225C	func_8085225C	BOTH	0.00
soh/src/overlays/actors/ovl_player_actor/z_player.c	func	514	func_80852280	func_80852280	BOTH	0.00
soh/src/overlays/actors/ovl_player_actor/z_player.c	func	515	func_80852298	func_80852298	BOTH	0.00
soh/src/overlays/actors/ovl_player_actor/z_player.c	func	516	func_80852328	func_80852328	BOTH	0.00
soh/src/overlays/actors/ovl_player_actor/z_player.c	func	517	func_80852358	func_80852358	BOTH	0.00
soh/src/overlays/actors/ovl_player_actor/z_player.c	func	518	func_80852388	func_80852388	BOTH	0.00
soh/src/overlays/actors/ovl_player_actor/z_player.c	func	519	func_80852414	func_80852414	BOTH	0.00
soh/src/overlays/actors/ovl_player_actor/z_player.c	func	520	func_80852450	func_80852450	BOTH	0.00
soh/src/overlays/actors/ovl_player_actor/z_player.c	func	521	func_80852480	func_80852480	BOTH	0.00
soh/src/overlays/actors/ovl_player_actor/z_player.c	func	522	func_808524B0	func_808524B0	BOTH	0.00
soh/src/overlays/actors/ovl_player_actor/z_player.c	func	523	func_808524D0	func_808524D0	BOTH	0.00
soh/src/overlays/actors/ovl_player_actor/z_player.c	func	524	func_80852514	func_80852514	BOTH	0.00
soh/src/overlays/actors/ovl_player_actor/z_player.c	func	525	func_80852544	func_80852544	BOTH	0.00
soh/src/overlays/actors/ovl_player_actor/z_player.c	func	526	func_80852554	func_80852554	BOTH	0.00
soh/src/overlays/actors/ovl_player_actor/z_player.c	func	527	func_80852564	func_80852564	BOTH	0.00
soh/src/overlays/actors/ovl_player_actor/z_player.c	func	528	func_808525C0	func_808525C0	BOTH	0.00
soh/src/overlays/actors/ovl_player_actor/z_player.c	func	529	func_80852608	func_80852608	BOTH	0.00
soh/src/overlays/actors/ovl_player_actor/z_player.c	func	530	func_80852648	func_80852648	BOTH	0.00
soh/src/overlays/actors/ovl_player_actor/z_player.c	func	531	func_808526EC	func_808526EC	BOTH	0.00
soh/src/overlays/actors/ovl_player_actor/z_player.c	func	532	func_8085283C	func_8085283C	BOTH	0.00
soh/src/overlays/actors/ovl_player_actor/z_player.c	func	533	func_808528C8	func_808528C8	BOTH	0.00
soh/src/overlays/actors/ovl_player_actor/z_player.c	func	534	func_80852944	func_80852944	BOTH	0.00
soh/src/overlays/actors/ovl_player_actor/z_player.c	func	535	func_808529D0	func_808529D0	BOTH	0.00
soh/src/overlays/actors/ovl_player_actor/z_player.c	func	536	func_80852A54	func_80852A54	BOTH	0.00
soh/src/overlays/actors/ovl_player_actor/z_player.c	func	537	func_80852B4C	func_80852B4C	BOTH	0.00
soh/src/overlays/actors/ovl_player_actor/z_player.c	func	538	func_80852C0C	func_80852C0C	BOTH	0.00
soh/src/overlays/actors/ovl_player_actor/z_player.c	func	539	func_80852C50	func_80852C50	BOTH	0.00
soh/src/overlays/actors/ovl_player_actor/z_player.c	func	543	func_80852F38	func_80852F38	BOTH	0.00
soh/src/overlays/actors/ovl_player_actor/z_player.c	func	545	func_80853080	func_80853080	BOTH	0.00
soh/src/overlays/actors/ovl_player_actor/z_player.c	data	1	D_80858AA0	D_80858AA0	BOTH	0.00
soh/src/overlays/actors/ovl_player_actor/z_player.c	data	26	D_8085361C	D_8085361C	BOTH	0.00
soh/src/overlays/actors/ovl_player_actor/z_player.c	data	27	D_80853914	D_80853914	BOTH	0.00
soh/src/overlays/actors/ovl_player_actor/z_player.c	data	28	D_80853D4C	D_80853D4C	BOTH	0.00
soh/src/overlays/actors/ovl_player_actor/z_player.c	data	46	D_80854190	D_80854190	BOTH	0.00
soh/src/overlays/actors/ovl_player_actor/z_player.c	data	47	D_80854350	D_80854350	BOTH	0.00
soh/src/overlays/actors/ovl_player_actor/z_player.c	data	48	D_80854358	D_80854358	BOTH	0.00
soh/src/overlays/actors/ovl_player_actor/z_player.c	data	49	D_80854360	D_80854360	BOTH	0.00
soh/src/overlays/actors/ovl_player_actor/z_player.c	data	50	D_80854368	D_80854368	BOTH	0.00
soh/src/overlays/actors/ovl_player_actor/z_player.c	data	51	D_80854370	D_80854370	BOTH	0.00
soh/src/overlays/actors/ovl_player_actor/z_player.c	data	52	D_80854378	D_80854378	BOTH	0.00
soh/src/overlays/actors/ovl_player_actor/z_player.c	data	53	D_80854380	D_80854380	BOTH	0.00
soh/src/overlays/actors/ovl_player_actor/z_player.c	data	54	D_80854384	D_80854384	BOTH	0.00
soh/src/overlays/actors/ovl_player_actor/z_player.c	data	57	D_80854398	D_80854398	BOTH	0.00
soh/src/overlays/actors/ovl_player_actor/z_player.c	data	59	D_808543A4	D_808543A4	BOTH	0.00
soh/src/overlays/actors/ovl_player_actor/z_player.c	data	60	D_808543AC	D_808543AC	BOTH	0.00
soh/src/overlays/actors/ovl_player_actor/z_player.c	data	61	D_808543B4	D_808543B4	BOTH	0.00
soh/src/overlays/actors/ovl_player_actor/z_player.c	data	62	D_808543BC	D_808543BC	BOTH	0.00
soh/src/overlays/actors/ovl_player_actor/z_player.c	data	63	D_808543C4	D_808543C4	BOTH	0.00
soh/src/overlays/actors/ovl_player_actor/z_player.c	data	64	D_808543CC	D_808543CC	BOTH	0.00
soh/src/overlays/actors/ovl_player_actor/z_player.c	data	65	D_808543D4	D_808543D4	BOTH	0.00
soh/src/overlays/actors/ovl_player_actor/z_player.c	data	66	D_808543DC	D_808543DC	BOTH	0.00
soh/src/overlays/actors/ovl_player_actor/z_player.c	data	78	D_80854480	D_80854480	BOTH	0.00
soh/src/overlays/actors/ovl_player_actor/z_player.c	data	79	D_80854484	D_80854484	BOTH	0.00
soh/src/overlays/actors/ovl_player_actor/z_player.c	data	80	D_80854488	D_80854488	BOTH	0.00
soh/src/overlays/actors/ovl_player_actor/z_player.c	data	81	D_808544B0	D_808544B0	BOTH	0.00
soh/src/overlays/actors/ovl_player_actor/z_player.c	data	84	D_8085451C	D_8085451C	BOTH	0.00
soh/src/overlays/actors/ovl_player_actor/z_player.c	data	85	D_80854528	D_80854528	BOTH	0.00
soh/src/overlays/actors/ovl_player_actor/z_player.c	data	86	D_80854548	D_80854548	BOTH	0.00
soh/src/overlays/actors/ovl_player_actor/z_player.c	data	88	D_8085456C	D_8085456C	BOTH	0.00
soh/src/overlays/actors/ovl_player_actor/z_player.c	data	89	D_80854578	D_80854578	BOTH	0.00
soh/src/overlays/actors/ovl_player_actor/z_player.c	data	90	D_80854598	D_80854598	BOTH	0.00
soh/src/overlays/actors/ovl_player_actor/z_player.c	data	91	D_808545B4	D_808545B4	BOTH	0.00
soh/src/overlays/actors/ovl_player_actor/z_player.c	data	92	D_808545C0	D_808545C0	BOTH	0.00
soh/src/overlays/actors/ovl_player_actor/z_player.c	data	93	D_808545CC	D_808545CC	BOTH	0.00
soh/src/overlays/actors/ovl_player_actor/z_player.c	data	94	D_808545DC	D_808545DC	BOTH	0.00
soh/src/overlays/actors/ovl_player_actor/z_player.c	data	95	D_808545E4	D_808545E4	BOTH	0.00
soh/src/overlays/actors/ovl_player_actor/z_player.c	data	96	D_808545F0	D_808545F0	BOTH	0.00
soh/src/overlays/actors/ovl_player_actor/z_player.c	data	97	D_80854600	D_80854600	BOTH	0.00
soh/src/overlays/actors/ovl_player_actor/z_player.c	data	99	D_8085461C	D_8085461C	BOTH	0.00
soh/src/overlays/actors/ovl_player_actor/z_player.c	data	100	D_80854624	D_80854624	BOTH	0.00
soh/src/overlays/actors/ovl_player_actor/z_player.c	data	101	D_80854650	D_80854650	BOTH	0.00
soh/src/overlays/actors/ovl_player_actor/z_player.c	data	102	D_808546A0	D_808546A0	BOTH	0.00
soh/src/overlays/actors/ovl_player_actor/z_player.c	data	103	D_808546F0	D_808546F0	BOTH	0.00
soh/src/overlays/actors/ovl_player_actor/z_player.c	data	104	D_808546F4	D_808546F4	BOTH	0.00
soh/src/overlays/actors/ovl_player_actor/z_player.c	data	108	D_80854778	D_80854778	BOTH	0.00
soh/src/overlays/actors/ovl_player_actor/z_player.c	data	109	D_80854784	D_80854784	BOTH	0.00
soh/src/overlays/actors/ovl_player_actor/z_player.c	data	110	D_808547A4	D_808547A4	BOTH	0.00
soh/src/overlays/actors/ovl_player_actor/z_player.c	data	111	D_808547B0	D_808547B0	BOTH	0.00
soh/src/overlays/actors/ovl_player_actor/z_player.c	data	112	D_808547BC	D_808547BC	BOTH	0.00
soh/src/overlays/actors/ovl_player_actor/z_player.c	data	113	D_808547C0	D_808547C0	BOTH	0.00
soh/src/overlays/actors/ovl_player_actor/z_player.c	data	115	D_80854814	D_80854814	BOTH	0.00
soh/src/overlays/actors/ovl_player_actor/z_player.c	data	121	D_80854864	D_80854864	BOTH	0.00
soh/src/overlays/actors/ovl_player_actor/z_player.c	data	122	D_80854870	D_80854870	BOTH	0.00
soh/src/overlays/actors/ovl_player_actor/z_player.c	data	123	D_80854878	D_80854878	BOTH	0.00
soh/src/overlays/actors/ovl_player_actor/z_player.c	data	124	D_80854880	D_80854880	BOTH	0.00
soh/src/overlays/actors/ovl_player_actor/z_player.c	data	128	D_808548B4	D_808548B4	BOTH	0.00
soh/src/overlays/actors/ovl_player_actor/z_player.c	data	129	D_808548D8	D_808548D8	BOTH	0.00
soh/src/overlays/actors/ovl_player_actor/z_player.c	data	130	D_808548FC	D_808548FC	BOTH	0.00
soh/src/overlays/actors/ovl_player_actor/z_player.c	data	131	D_80854914	D_80854914	BOTH	0.00
soh/src/overlays/actors/ovl_player_actor/z_player.c	data	132	D_8085492C	D_8085492C	BOTH	0.00
soh/src/overlays/actors/ovl_player_actor/z_player.c	data	133	D_80854944	D_80854944	BOTH	0.00
soh/src/overlays/actors/ovl_player_actor/z_player.c	data	134	D_80854968	D_80854968	BOTH	0.00
soh/src/overlays/actors/ovl_player_actor/z_player.c	data	135	D_8085498C	D_8085498C	BOTH	0.00
soh/src/overlays/actors/ovl_player_actor/z_player.c	data	136	D_80854998	D_80854998	BOTH	0.00
soh/src/overlays/actors/ovl_player_actor/z_player.c	data	137	D_8085499C	D_8085499C	BOTH	0.00
soh/src/overlays/actors/ovl_player_actor/z_player.c	data	138	D_808549A4	D_808549A4	BOTH	0.00
soh/src/overlays/actors/ovl_player_actor/z_player.c	data	139	D_808549C4	D_808549C4	BOTH	0.00
soh/src/overlays/actors/ovl_player_actor/z_player.c	data	140	D_808549D0	D_808549D0	BOTH	0.00
soh/src/overlays/actors/ovl_player_actor/z_player.c	data	142	D_808549E0	D_808549E0	BOTH	0.00
soh/src/overlays/actors/ovl_player_actor/z_player.c	data	143	D_808549F0	D_808549F0	BOTH	0.00
soh/src/overlays/actors/ovl_player_actor/z_player.c	data	144	D_808549F4	D_808549F4	BOTH	0.00
soh/src/overlays/actors/ovl_player_actor/z_player.c	data	146	D_80854A1C	D_80854A1C	BOTH	0.00
soh/src/overlays/actors/ovl_player_actor/z_player.c	data	147	D_80854A28	D_80854A28	BOTH	0.00
soh/src/overlays/actors/ovl_player_actor/z_player.c	data	148	D_80854A34	D_80854A34	BOTH	0.00
soh/src/overlays/actors/ovl_player_actor/z_player.c	data	149	D_80854A3C	D_80854A3C	BOTH	0.00
soh/src/overlays/actors/ovl_player_actor/z_player.c	data	150	D_80854A40	D_80854A40	BOTH	0.00
soh/src/overlays/actors/ovl_player_actor/z_player.c	data	151	D_80854A58	D_80854A58	BOTH	0.00
soh/src/overlays/actors/ovl_player_actor/z_player.c	data	152	D_80854A64	D_80854A64	BOTH	0.00
soh/src/overlays/actors/ovl_player_actor/z_player.c	data	153	D_80854A70	D_80854A70	BOTH	0.00
soh/src/overlays/actors/ovl_player_actor/z_player.c	data	154	D_80854A7C	D_80854A7C	BOTH	0.00
soh/src/overlays/actors/ovl_player_actor/z_player.c	data	155	D_80854A80	D_80854A80	BOTH	0.00
soh/src/overlays/actors/ovl_player_actor/z_player.c	data	156	D_80854A8C	D_80854A8C	BOTH	0.00
soh/src/overlays/actors/ovl_player_actor/z_player.c	data	157	D_80854AF0	D_80854AF0	BOTH	0.00
soh/src/overlays/actors/ovl_player_actor/z_player.c	data	158	D_80854B00	D_80854B00	BOTH	0.00
soh/src/overlays/actors/ovl_player_actor/z_player.c	data	159	D_80854B14	D_80854B14	BOTH	0.00
soh/src/overlays/actors/ovl_player_actor/z_player.c	data	160	D_80854B18	D_80854B18	BOTH	0.00
soh/src/overlays/actors/ovl_player_actor/z_player.c	data	161	D_80854E50	D_80854E50	BOTH	0.00
soh/src/overlays/actors/ovl_player_actor/z_player.c	data	162	D_80855188	D_80855188	BOTH	0.00
soh/src/overlays/actors/ovl_player_actor/z_player.c	data	163	D_80855190	D_80855190	BOTH	0.00
soh/src/overlays/actors/ovl_player_actor/z_player.c	data	164	D_80855198	D_80855198	BOTH	0.00
soh/src/overlays/actors/ovl_player_actor/z_player.c	data	165	D_808551A4	D_808551A4	BOTH	0.00
soh/src/overlays/actors/ovl_player_actor/z_player.c	data	166	D_808551AC	D_808551AC	BOTH	0.00
soh/src/overlays/actors/ovl_player_actor/z_player.c	data	167	D_808551B4	D_808551B4	BOTH	0.00
soh/src/overlays/actors/ovl_player_actor/z_player.c	data	168	D_808551B8	D_808551B8	BOTH	0.00
soh/src/overlays/actors/ovl_player_actor/z_player.c	data	169	D_808551BC	D_808551BC	BOTH	0.00
soh/src/overlays/actors/ovl_player_actor/z_player.c	data	170	D_808551C8	D_808551C8	BOTH	0.00
soh/src/overlays/actors/ovl_player_actor/z_player.c	data	171	D_808551D8	D_808551D8	BOTH	0.00
soh/src/overlays/actors/ovl_player_actor/z_player.c	data	172	D_808551E0	D_808551E0	BOTH	0.00
soh/src/overlays/actors/ovl_player_actor/z_player.c	data	173	D_808551E8	D_808551E8	BOTH	0.00
soh/src/overlays/actors/ovl_player_actor/z_player.c	data	174	D_808551F0	D_808551F0	BOTH	0.00
soh/src/overlays/actors/ovl_player_actor/z_player.c	data	175	D_808551F8	D_808551F8	BOTH	0.00
soh/src/overlays/actors/ovl_player_actor/z_player.c	data	176	D_80855208	D_80855208	BOTH	0.00
soh/src/overlays/actors/ovl_player_actor/z_player.c	data	177	D_80855210	D_80855210	BOTH	0.00
soh/src/overlays/effects/ovl_Effect_Ss_Fhg_Flash/z_eff_ss_fhg_flash.c	data	2	D_809A5100	D_809A5100	BOTH	0.00
soh/src/overlays/effects/ovl_Effect_Ss_Fhg_Flash/z_eff_ss_fhg_flash.c	data	4	D_809A50C0	D_809A50C0	BOTH	0.00
soh/src/overlays/effects/ovl_Effect_Ss_Kakera/z_eff_ss_kakera.c	func	1	func_809A9818	func_809A9818	BOTH	0.00
soh/src/overlays/effects/ovl_Effect_Ss_Kakera/z_eff_ss_kakera.c	func	3	func_809A9BA8	func_809A9BA8	BOTH	0.00
soh/src/overlays/effects/ovl_Effect_Ss_Kakera/z_eff_ss_kakera.c	func	4	func_809A9C10	func_809A9C10	BOTH	0.00
soh/src/overlays/effects/ovl_Effect_Ss_Kakera/z_eff_ss_kakera.c	func	5	func_809A9DC0	func_809A9DC0	BOTH	0.00
soh/src/overlays/effects/ovl_Effect_Ss_Kakera/z_eff_ss_kakera.c	func	6	func_809A9DD8	func_809A9DD8	BOTH	0.00
soh/src/overlays/effects/ovl_Effect_Ss_Kakera/z_eff_ss_kakera.c	func	7	func_809A9DEC	func_809A9DEC	BOTH	0.00
soh/src/overlays/effects/ovl_Effect_Ss_Kakera/z_eff_ss_kakera.c	func	8	func_809A9E28	func_809A9E28	BOTH	0.00
soh/src/overlays/effects/ovl_Effect_Ss_Kakera/z_eff_ss_kakera.c	func	9	func_809A9E68	func_809A9E68	BOTH	0.00
soh/src/overlays/effects/ovl_Effect_Ss_Kakera/z_eff_ss_kakera.c	func	10	func_809A9E88	func_809A9E88	BOTH	0.00
soh/src/overlays/effects/ovl_Effect_Ss_Kakera/z_eff_ss_kakera.c	func	11	func_809A9F10	func_809A9F10	BOTH	0.00
soh/src/overlays/effects/ovl_Effect_Ss_Kakera/z_eff_ss_kakera.c	func	12	func_809A9F4C	func_809A9F4C	BOTH	0.00
soh/src/overlays/effects/ovl_Effect_Ss_Kakera/z_eff_ss_kakera.c	func	13	func_809A9FD8	func_809A9FD8	BOTH	0.00
soh/src/overlays/effects/ovl_Effect_Ss_Kakera/z_eff_ss_kakera.c	func	14	func_809AA0B8	func_809AA0B8	BOTH	0.00
soh/src/overlays/effects/ovl_Effect_Ss_Kakera/z_eff_ss_kakera.c	func	15	func_809AA0EC	func_809AA0EC	BOTH	0.00
soh/src/overlays/effects/ovl_Effect_Ss_Kakera/z_eff_ss_kakera.c	func	16	func_809AA230	func_809AA230	BOTH	0.00
soh/src/overlays/effects/ovl_Effect_Ss_Kakera/z_eff_ss_kakera.c	data	1	D_809AA530	D_809AA530	BOTH	0.00
soh/src/overlays/effects/ovl_Effect_Ss_KiraKira/z_eff_ss_kirakira.c	func	2	func_809AABF0	func_809AABF0	BOTH	0.00
soh/src/overlays/effects/ovl_Effect_Ss_KiraKira/z_eff_ss_kirakira.c	func	3	func_809AACAC	func_809AACAC	BOTH	0.00
soh/src/overlays/effects/ovl_Effect_Ss_KiraKira/z_eff_ss_kirakira.c	func	4	func_809AAD6C	func_809AAD6C	BOTH	0.00
soh/src/overlays/gamestates/ovl_file_choose/file_choose.h	data	0	D_808123F0	D_808123F0	BOTH	0.00
soh/src/overlays/gamestates/ovl_file_choose/file_choose.h	data	5	D_808125EC	-	UNSAFE	0.00
soh/src/overlays/gamestates/ovl_file_choose/file_choose.h	data	6	D_80812604	-	UNSAFE	0.00
soh/src/overlays/gamestates/ovl_file_choose/z_file_choose.c	data	9	D_80812818	D_80812818	BOTH	0.00
soh/src/overlays/gamestates/ovl_file_choose/z_file_choose.c	data	10	D_80812820	D_80812820	BOTH	0.00
soh/src/overlays/gamestates/ovl_file_choose/z_file_choose.c	data	11	D_80812828	D_80812828	BOTH	0.00
soh/src/overlays/gamestates/ovl_file_choose/z_file_choose.c	data	12	D_80812830	D_80812830	BOTH	0.00
soh/src/overlays/gamestates/ovl_file_choose/z_file_choose.c	data	13	D_8081283C	D_8081283C	BOTH	0.00
soh/src/overlays/gamestates/ovl_file_choose/z_file_choose.c	data	14	D_80812844	D_80812844	BOTH	0.00
soh/src/overlays/gamestates/ovl_file_choose/z_file_choose.c	data	15	D_80812848	D_80812848	BOTH	0.00
soh/src/overlays/gamestates/ovl_file_choose/z_file_choose.c	data	16	D_8081284C	D_8081284C	BOTH	0.00
soh/src/overlays/gamestates/ovl_file_choose/z_file_copy_erase.c	data	1	D_8081248C	D_8081248C	BOTH	0.00
soh/src/overlays/gamestates/ovl_file_choose/z_file_nameset_NES.c	-	-	-	-	NOFILE	0.00
soh/src/overlays/gamestates/ovl_file_choose/z_file_nameset_PAL.c	data	0	D_808124C0	D_808124C0	BOTH	0.00
soh/src/overlays/gamestates/ovl_file_choose/z_file_nameset_PAL.c	data	1	D_80812544	D_80812544	BOTH	0.00
soh/src/overlays/gamestates/ovl_file_choose/z_file_nameset_PAL.c	data	5	D_808125EC	D_808125EC	BOTH	0.00
soh/src/overlays/gamestates/ovl_file_choose/z_file_nameset_PAL.c	data	6	D_80812604	D_80812604	BOTH	0.00
soh/src/overlays/gamestates/ovl_file_choose/z_file_nameset_data.c	data	0	D_808123F0	D_808123F0	BOTH	0.00
soh/src/overlays/misc/ovl_kaleido_scope/z_kaleido_scope.h	data	1	D_8082AAEC	D_8082AAEC	BOTH	0.00
soh/src/overlays/misc/ovl_kaleido_scope/z_kaleido_scope.h	data	2	D_8082AB2C	D_8082AB2C	BOTH	0.00
soh/src/overlays/misc/ovl_kaleido_scope/z_kaleido_scope_PAL.c	func	14	func_808237B4	func_808237B4	BOTH	0.00
soh/src/overlays/misc/ovl_kaleido_scope/z_kaleido_scope_PAL.c	func	16	func_80823A0C	func_80823A0C	BOTH	0.00
soh/src/overlays/misc/ovl_kaleido_scope/z_kaleido_scope_PAL.c	func	21	func_808265BC	func_808265BC	BOTH	0.00
soh/src/overlays/misc/ovl_kaleido_scope/z_kaleido_scope_PAL.c	data	29	D_8082AAEC	D_8082AAEC	BOTH	0.00
soh/src/overlays/misc/ovl_kaleido_scope/z_kaleido_scope_PAL.c	data	30	D_8082AB2C	D_8082AB2C	BOTH	0.00
soh/src/overlays/misc/ovl_kaleido_scope/z_kaleido_scope_PAL.c	data	31	D_8082AB6C	D_8082AB6C	BOTH	0.00
soh/src/overlays/misc/ovl_kaleido_scope/z_kaleido_scope_PAL.c	data	32	D_8082AB8C	D_8082AB8C	BOTH	0.00
soh/src/overlays/misc/ovl_kaleido_scope/z_kaleido_scope_PAL.c	data	33	D_8082AB90	D_8082AB90	BOTH	0.00
soh/src/overlays/misc/ovl_kaleido_scope/z_kaleido_scope_PAL.c	data	34	D_8082AB94	D_8082AB94	BOTH	0.00
soh/src/overlays/misc/ovl_kaleido_scope/z_kaleido_scope_PAL.c	data	35	D_8082AB98	D_8082AB98	BOTH	0.00
soh/src/overlays/misc/ovl_kaleido_scope/z_kaleido_scope_PAL.c	data	36	D_8082AB9C	D_8082AB9C	BOTH	0.00
soh/src/overlays/misc/ovl_kaleido_scope/z_kaleido_scope_PAL.c	data	37	D_8082ABA0	D_8082ABA0	BOTH	0.00
soh/src/overlays/misc/ovl_kaleido_scope/z_kaleido_scope_PAL.c	data	38	D_8082ABA4	D_8082ABA4	BOTH	0.00
soh/src/overlays/misc/ovl_kaleido_scope/z_kaleido_scope_PAL.c	data	40	D_8082ABAC	D_8082ABAC	BOTH	0.00
soh/src/overlays/misc/ovl_kaleido_scope/z_kaleido_scope_PAL.c	data	41	D_8082ABCC	D_8082ABCC	BOTH	0.00
soh/src/overlays/misc/ovl_kaleido_scope/z_kaleido_scope_PAL.c	data	42	D_8082ABEC	D_8082ABEC	BOTH	0.00
soh/src/overlays/misc/ovl_kaleido_scope/z_kaleido_scope_PAL.c	data	65	D_8082AE90	D_8082AE90	BOTH	0.00
soh/src/overlays/misc/ovl_kaleido_scope/z_kaleido_scope_PAL.c	data	66	D_8082AE94	D_8082AE94	BOTH	0.00
soh/src/overlays/misc/ovl_kaleido_scope/z_kaleido_scope_PAL.c	data	67	D_8082AE98	D_8082AE98	BOTH	0.00
soh/src/overlays/misc/ovl_kaleido_scope/z_kaleido_scope_PAL.c	data	68	D_8082AEBC	D_8082AEBC	BOTH	0.00
soh/src/overlays/misc/ovl_kaleido_scope/z_kaleido_scope_PAL.c	data	69	D_8082AEC0	D_8082AEC0	BOTH	0.00
soh/src/overlays/misc/ovl_kaleido_scope/z_kaleido_scope_PAL.c	data	70	D_8082AF00	D_8082AF00	BOTH	0.00
soh/src/overlays/misc/ovl_kaleido_scope/z_kaleido_scope_PAL.c	data	71	D_8082AF0C	D_8082AF0C	BOTH	0.00
soh/src/overlays/misc/ovl_kaleido_scope/z_kaleido_scope_PAL.c	data	72	D_8082AF10	D_8082AF10	BOTH	0.00
soh/src/overlays/misc/ovl_kaleido_scope/z_kaleido_scope_PAL.c	data	73	D_8082AF14	D_8082AF14	BOTH	0.00
soh/src/overlays/misc/ovl_kaleido_scope/z_kaleido_scope_PAL.c	data	74	D_8082AF38	D_8082AF38	BOTH	0.00
soh/src/overlays/misc/ovl_kaleido_scope/z_kaleido_scope_PAL.c	data	75	D_8082AF3C	D_8082AF3C	BOTH	0.00
soh/src/overlays/misc/ovl_kaleido_scope/z_kaleido_scope_PAL.c	data	76	D_8082AF48	D_8082AF48	BOTH	0.00
soh/src/overlays/misc/ovl_kaleido_scope/z_kaleido_scope_PAL.c	data	77	D_8082AF4C	D_8082AF4C	BOTH	0.00
soh/src/overlays/misc/ovl_kaleido_scope/z_kaleido_scope_PAL.c	data	78	D_8082AF50	D_8082AF50	BOTH	0.00
soh/src/overlays/misc/ovl_kaleido_scope/z_kaleido_scope_PAL.c	data	79	D_8082AF74	D_8082AF74	BOTH	0.00
soh/src/overlays/misc/ovl_kaleido_scope/z_kaleido_scope_PAL.c	data	80	D_8082AF78	D_8082AF78	BOTH	0.00
soh/src/overlays/misc/ovl_kaleido_scope/z_kaleido_scope_PAL.c	data	81	D_8082AFB8	D_8082AFB8	BOTH	0.00
soh/src/overlays/misc/ovl_kaleido_scope/z_kaleido_scope_PAL.c	data	82	D_8082AFC4	D_8082AFC4	BOTH	0.00
soh/src/overlays/misc/ovl_kaleido_scope/z_kaleido_scope_PAL.c	data	83	D_8082AFC8	D_8082AFC8	BOTH	0.00
soh/src/overlays/misc/ovl_kaleido_scope/z_kaleido_scope_PAL.c	data	84	D_8082AFCC	D_8082AFCC	BOTH	0.00
soh/src/overlays/misc/ovl_kaleido_scope/z_kaleido_scope_PAL.c	data	85	D_8082AFF0	D_8082AFF0	BOTH	0.00
soh/src/overlays/misc/ovl_kaleido_scope/z_kaleido_scope_PAL.c	data	86	D_8082AFF4	D_8082AFF4	BOTH	0.00
soh/src/overlays/misc/ovl_kaleido_scope/z_kaleido_scope_PAL.c	data	87	D_8082B000	D_8082B000	BOTH	0.00
soh/src/overlays/misc/ovl_kaleido_scope/z_kaleido_scope_PAL.c	data	88	D_8082B018	D_8082B018	BOTH	0.00
soh/src/overlays/misc/ovl_kaleido_scope/z_kaleido_scope_PAL.c	data	89	D_8082B030	D_8082B030	BOTH	0.00
soh/src/overlays/misc/ovl_kaleido_scope/z_kaleido_scope_PAL.c	data	90	D_8082B048	D_8082B048	BOTH	0.00
soh/src/overlays/misc/ovl_kaleido_scope/z_kaleido_scope_PAL.c	data	91	D_8082B060	D_8082B060	BOTH	0.00
soh/src/overlays/misc/ovl_kaleido_scope/z_kaleido_scope_PAL.c	data	92	D_8082B08C	D_8082B08C	BOTH	0.00
soh/src/overlays/misc/ovl_kaleido_scope/z_kaleido_scope_PAL.c	data	93	D_8082B0B8	D_8082B0B8	BOTH	0.00
soh/src/overlays/misc/ovl_kaleido_scope/z_kaleido_scope_PAL.c	data	94	D_8082B0E4	D_8082B0E4	BOTH	0.00
soh/src/overlays/misc/ovl_kaleido_scope/z_kaleido_scope_PAL.c	data	96	D_8082B11C	D_8082B11C	BOTH	0.00
soh/src/overlays/misc/ovl_kaleido_scope/z_kaleido_scope_PAL.c	data	98	D_8082B12C	D_8082B12C	BOTH	0.00
soh/src/overlays/misc/ovl_kaleido_scope/z_kaleido_scope_PAL.c	data	99	D_8082B134	D_8082B134	BOTH	0.00
soh/src/overlays/misc/ovl_kaleido_scope/z_kaleido_scope_PAL.c	data	100	D_8082B138	D_8082B138	BOTH	0.00
soh/src/overlays/misc/ovl_kaleido_scope/z_kaleido_scope_PAL.c	data	101	D_8082B198	D_8082B198	BOTH	0.00
soh/src/overlays/misc/ovl_kaleido_scope/z_kaleido_scope_PAL.c	data	102	D_8082B1F8	D_8082B1F8	BOTH	0.00
